reading,model,head,regime,dof,horizon_samples,horizon_s,n_seeds,picp_mean,picp_std,picp_ci_lo,picp_ci_hi,band_lo,band_hi,verdict,mean_interval_width_mean,width_ratio_mean,crossing_rate_mean,n_params
A,dlinear_gaussian,gaussian,id,pitch,100,10.0,3,0.8646669920915611,9.066062592114002e-05,0.8489324298187445,0.8803715254752431,0.85,0.95,PASS,3.0920721612305893,0.7572797028161536,0.0,120600
A,dlinear_quantile,quantile,id,pitch,100,10.0,3,0.8575529275960311,0.0002194224091828,0.8410176972811672,0.8741258427276746,0.85,0.95,PASS,3.010102691957608,0.7372045518836033,0.0034092862756655,542700
A,lstm_gaussian,gaussian,id,pitch,100,10.0,3,0.9171785968660968,0.0032466312552446,0.909998238561008,0.92200877726201,0.85,0.95,PASS,1.2750706095837792,0.3122776707484506,0.0,433928
A,lstm_quantile,quantile,id,pitch,100,10.0,3,0.911991753855978,0.007134334472579,0.9010277938955202,0.9191559368552904,0.85,0.95,PASS,1.1582297468354632,0.2836621633459281,0.0037715517241379,1246628
A,tcn_gaussian,gaussian,id,pitch,100,10.0,3,0.917566957707044,0.0031795051992561,0.9105844638778368,0.9234884435786914,0.85,0.95,PASS,1.621436554972254,0.3971061891375659,0.0,255304
A,tcn_quantile,quantile,id,pitch,100,10.0,3,0.9166375012280183,0.0025760210957897,0.9096909077512524,0.9224002081491304,0.85,0.95,PASS,1.474605008736546,0.3611456604372394,4.605069260241674e-06,664804
B,dlinear_gaussian,gaussian,id,heave,10,1.0,3,0.9623911668631496,0.0024532859078868,0.9512293232390217,0.973871239960949,0.85,0.95,FAIL,0.0726154981555236,0.0290749499237767,0.0,120600
B,dlinear_gaussian,gaussian,id,heave,20,2.0,3,0.9443569481284998,0.0007447516138047,0.9323781268420276,0.9563824533045976,0.85,0.95,PASS,0.3961823326952836,0.1586212698731246,0.0,120600
B,dlinear_gaussian,gaussian,id,heave,30,3.0,3,0.922431445868946,0.0006789640676501,0.90803532778883,0.9374979277188328,0.85,0.95,PASS,0.8291633206551996,0.331974639861799,0.0,120600
B,dlinear_gaussian,gaussian,id,heave,50,5.0,3,0.9195601851851852,0.0004673653763444,0.9051070793729736,0.9343135798887416,0.85,0.95,PASS,0.9750872234329716,0.3903617315511704,0.0,120600
B,dlinear_gaussian,gaussian,id,heave,100,10.0,3,0.9071633387366146,0.0002819766800079,0.8938351937813145,0.9209776446912762,0.85,0.95,PASS,1.877813868026161,0.7519305244245476,0.0,120600
B,dlinear_gaussian,gaussian,id,heave,150,15.0,3,0.8855901242754691,3.61383036367573e-05,0.8703164143088713,0.901259544006042,0.85,0.95,PASS,2.2598974757807784,0.9054426988142972,0.0,120600
B,dlinear_gaussian,gaussian,id,heave_rate,10,1.0,3,0.9701115654779447,0.0027228991566725,0.9604749783561743,0.9780589172561156,0.85,0.95,FAIL,0.0430817399064153,0.0291305094685982,0.0,120600
B,dlinear_gaussian,gaussian,id,heave_rate,20,2.0,3,0.9550568265546714,0.0008411628889301,0.9458804201665192,0.9643895174808428,0.85,0.95,FAIL,0.2350504600740056,0.1589175605897463,0.0,120600
B,dlinear_gaussian,gaussian,id,heave_rate,30,3.0,3,0.9344138360840948,0.0008149357187333,0.9234959843796052,0.946212848603743,0.85,0.95,PASS,0.4919324787441526,0.3325631250905185,0.0,120600
B,dlinear_gaussian,gaussian,id,heave_rate,50,5.0,3,0.9273665450928382,0.0006076074343523,0.9158989440576186,0.938970225924698,0.85,0.95,PASS,0.5785077400502342,0.3911405223770832,0.0,120600
B,dlinear_gaussian,gaussian,id,heave_rate,100,10.0,3,0.9007208468415364,0.0003927852336309,0.8884592359269083,0.91337870477822,0.85,0.95,PASS,1.1140845481255592,0.753600733881861,0.0,120600
B,dlinear_gaussian,gaussian,id,heave_rate,150,15.0,3,0.8826329022988505,2.801154274563916e-05,0.8691785016946655,0.8962494013409962,0.85,0.95,PASS,1.3407705840585908,0.9074360165044304,0.0,120600
B,dlinear_gaussian,gaussian,id,pitch,10,1.0,3,0.9228942553296,0.0053144999935205,0.9046495657419688,0.9411486539382552,0.85,0.95,PASS,0.1195705013847263,0.0292808888518271,0.0,120600
B,dlinear_gaussian,gaussian,id,pitch,20,2.0,3,0.9047088368209056,0.0009454346635842,0.888838751197318,0.9191961160845858,0.85,0.95,PASS,0.6523666232066185,0.1597460322551408,0.0,120600
B,dlinear_gaussian,gaussian,id,pitch,30,3.0,3,0.89469050864525,0.0003892396030536,0.8797033299255821,0.9091811841475096,0.85,0.95,PASS,1.3653277226530869,0.3343244467310407,0.0,120600
B,dlinear_gaussian,gaussian,id,pitch,50,5.0,3,0.8867352514981826,0.0005576904922898,0.8714304381262894,0.9014400627210432,0.85,0.95,PASS,1.605611449028842,0.3931249312824595,0.0,120600
B,dlinear_gaussian,gaussian,id,pitch,100,10.0,3,0.8646669920915611,9.066062592114002e-05,0.8489324298187445,0.8803715254752431,0.85,0.95,PASS,3.0920721612305893,0.7572797028161536,0.0,120600
B,dlinear_gaussian,gaussian,id,pitch,150,15.0,3,0.8752647914824639,3.344624743572886e-05,0.8606064530835543,0.8899642301245211,0.85,0.95,PASS,3.721226963375417,0.9118656694738668,0.0,120600
B,dlinear_gaussian,gaussian,id,pitch_rate,10,1.0,3,0.8635993835347283,0.0056504431264639,0.8345270248489537,0.8904414304266136,0.85,0.95,PASS,0.0891454723671413,0.0293393140213907,0.0,120600
B,dlinear_gaussian,gaussian,id,pitch_rate,20,2.0,3,0.8470096215247077,0.0011750539064648,0.8230241950338933,0.868646270814913,0.85,0.95,FAIL,0.4863720726981311,0.1600526843506417,0.0,120600
B,dlinear_gaussian,gaussian,id,pitch_rate,30,3.0,3,0.8454131975144906,0.0007458944752333,0.823850056642352,0.8653669434313292,0.85,0.95,FAIL,1.017919763592616,0.3349241984318538,0.0,120600
B,dlinear_gaussian,gaussian,id,pitch_rate,50,5.0,3,0.840434350132626,0.0003565361679242,0.8198881428676688,0.8602608426355732,0.85,0.95,FAIL,1.1970636478981866,0.3938975628473577,0.0,120600
B,dlinear_gaussian,gaussian,id,pitch_rate,100,10.0,3,0.8384748931623932,7.182284280354266e-05,0.8187287591180371,0.8568856722480106,0.85,0.95,FAIL,2.305300200589698,0.7586458143878115,0.0,120600
B,dlinear_gaussian,gaussian,id,pitch_rate,150,15.0,3,0.8728586427939876,3.705578797210572e-05,0.857183677792514,0.8882385955459771,0.85,0.95,PASS,2.774369608094307,0.9133009687347532,0.0,120600
B,dlinear_gaussian,gaussian,id,roll,10,1.0,3,0.991690152519894,0.0047382073218871,0.98274866222738,0.9975179252320956,0.85,0.95,FAIL,0.3499108055491069,0.0288815154369496,0.0,120600
B,dlinear_gaussian,gaussian,id,roll,20,2.0,3,0.9828207891246684,0.0006406344877865,0.9776320273356912,0.9880781088822576,0.85,0.95,FAIL,1.9090731555982252,0.1575367971796192,0.0,120600
B,dlinear_gaussian,gaussian,id,roll,30,3.0,3,0.9705728399155124,0.0006284794880581,0.963044204059829,0.9780041169319188,0.85,0.95,FAIL,3.995470310888191,0.3296313764816931,0.0,120600
B,dlinear_gaussian,gaussian,id,roll,50,5.0,3,0.9707155970625796,0.0005753680372523,0.9632256437886826,0.9780533911730032,0.85,0.95,FAIL,4.698629215773553,0.3874900170043138,0.0,120600
B,dlinear_gaussian,gaussian,id,roll,100,10.0,3,0.9624441251596424,0.0002544726161327,0.9548493681844976,0.9712161297155908,0.85,0.95,FAIL,9.048574718505366,0.7453972808048892,0.0,120600
B,dlinear_gaussian,gaussian,id,roll,150,15.0,3,0.9410244130071715,2.063735641353322e-05,0.9302208821470674,0.953065824860006,0.85,0.95,PASS,10.889709602717296,0.8961778346115575,0.0,120600
B,dlinear_gaussian,gaussian,id,roll_rate,10,1.0,3,0.9937148479713136,0.0043514769375656,0.9859909763667846,0.998563333517536,0.85,0.95,FAIL,0.1872027941785281,0.0288927208991464,0.0,120600
B,dlinear_gaussian,gaussian,id,roll_rate,20,2.0,3,0.9865670129678752,0.0006490575167177,0.982316534040672,0.9908274503573532,0.85,0.95,FAIL,1.0213584359439103,0.1576078419338269,0.0,120600
B,dlinear_gaussian,gaussian,id,roll_rate,30,3.0,3,0.974315226201002,0.0008152956171479,0.9675871048850576,0.9811599708959624,0.85,0.95,FAIL,2.1375844592689264,0.3297949532703659,0.0,120600
B,dlinear_gaussian,gaussian,id,roll_rate,50,5.0,3,0.9738347639748502,0.0005357010650885,0.9672892720306512,0.9802540386457412,0.85,0.95,FAIL,2.513776717349524,0.3876659342758799,0.0,120600
B,dlinear_gaussian,gaussian,id,roll_rate,100,10.0,3,0.9614026119952844,0.000133606543586,0.9540951729664016,0.9695381576038904,0.85,0.95,FAIL,4.841007258374129,0.7459531168510574,0.0,120600
B,dlinear_gaussian,gaussian,id,roll_rate,150,15.0,3,0.9387372286079182,2.8418663089379264e-05,0.9282567049808428,0.9504879070881228,0.85,0.95,PASS,5.826018707743647,0.8970967651389894,0.0,120600
B,dlinear_quantile,quantile,id,heave,10,1.0,3,0.9335143125552609,0.0054868308380966,0.915961572999558,0.950878647214854,0.85,0.95,PASS,0.047145345070851,0.0188768042896074,0.5492934288731702,542700
B,dlinear_quantile,quantile,id,heave,20,2.0,3,0.9149290205324688,0.0040354810322449,0.8974188586796346,0.9335605359379604,0.85,0.95,PASS,0.2975909208561715,0.1191477909875015,0.2939193130464682,542700
B,dlinear_quantile,quantile,id,heave,30,3.0,3,0.901588902397092,0.0007671150212331,0.8847466866526672,0.918351431255526,0.85,0.95,PASS,0.7101421010177847,0.2843217522571945,0.0924521379801552,542700
B,dlinear_quantile,quantile,id,heave,50,5.0,3,0.9008543938500836,0.0006529800389911,0.8846429574675804,0.9175987902483054,0.85,0.95,PASS,0.8686064992429307,0.3477337503072912,0.0761678455643972,542700
B,dlinear_quantile,quantile,id,heave,100,10.0,3,0.9013578814225366,0.0003430879619017,0.8872694587201592,0.9156079036803714,0.85,0.95,PASS,1.828657204485918,0.7322467866355472,0.00393810172905,542700
B,dlinear_quantile,quantile,id,heave,150,15.0,3,0.8861227772865704,0.0001357584519458,0.8708131861553198,0.901714006778662,0.85,0.95,PASS,2.270090697080292,0.9095266795709264,0.000300097013459,542700
B,dlinear_quantile,quantile,id,heave_rate,10,1.0,3,0.934346295068278,0.0066169494637988,0.9187169586280578,0.9505795479664014,0.85,0.95,PASS,0.0280029695368626,0.0189347220194552,0.6023499668435014,542700
B,dlinear_quantile,quantile,id,heave_rate,20,2.0,3,0.9166935295706848,0.0054240504511585,0.900654437905246,0.9339902464633068,0.85,0.95,PASS,0.1766300726036571,0.1194195504068583,0.334433944886531,542700
B,dlinear_quantile,quantile,id,heave_rate,30,3.0,3,0.907610030454858,0.0012856565221643,0.8936929547045388,0.9218119105511348,0.85,0.95,PASS,0.4213501827942366,0.2848470869523333,0.1211225316828765,542700
B,dlinear_quantile,quantile,id,heave_rate,50,5.0,3,0.9042844029374204,0.0008457743886821,0.8912508864758326,0.918393164695697,0.85,0.95,PASS,0.5140552577170064,0.3475629245974419,0.0696869780921505,542700
B,dlinear_quantile,quantile,id,heave_rate,100,10.0,3,0.8933611786521269,0.0003085768682278,0.8803522993110816,0.9064129618884468,0.85,0.95,PASS,1.084552777828992,0.7336245446368276,0.0013247249238628,542700
B,dlinear_quantile,quantile,id,heave_rate,150,15.0,3,0.8828078949307397,0.0001846196331177,0.8691321631852343,0.8965208701738875,0.85,0.95,PASS,1.3468054087233032,0.911520397023484,0.0,542700
B,dlinear_quantile,quantile,id,pitch,10,1.0,3,0.8644989070635622,0.0106632425509189,0.8354639261899499,0.8931446636457412,0.85,0.95,PASS,0.0795151794697094,0.0194719860260037,0.5775923469888987,542700
B,dlinear_quantile,quantile,id,pitch,20,2.0,3,0.8507765681795855,0.0064774331661294,0.8269563485484821,0.8760728084475391,0.85,0.95,PASS,0.4949051480719162,0.121188195310372,0.3808185050103154,542700
B,dlinear_quantile,quantile,id,pitch,30,3.0,3,0.8602814311327243,0.0019757442198676,0.841127010112732,0.8789429754273504,0.85,0.95,PASS,1.1724459178861315,0.2870939528406139,0.1899514318695353,542700
B,dlinear_quantile,quantile,id,pitch,50,5.0,3,0.8602783610865506,0.0007565651362108,0.8424322018678161,0.8774658418987622,0.85,0.95,PASS,1.4267138746087211,0.3493228665344488,0.089553246880833,542700
B,dlinear_quantile,quantile,id,pitch,100,10.0,3,0.8575529275960311,0.0002194224091828,0.8410176972811672,0.8741258427276746,0.85,0.95,PASS,3.010102691957608,0.7372045518836033,0.0034092862756655,542700
B,dlinear_quantile,quantile,id,pitch,150,15.0,3,0.8757483237547893,0.000106216498993,0.8610073819260241,0.8905174716327734,0.85,0.95,PASS,3.7379680709749272,0.9159679834254764,0.0,542700
B,dlinear_quantile,quantile,id,pitch_rate,10,1.0,3,0.806487314569211,0.009911605083318,0.7715045221780136,0.8411681103558798,0.85,0.95,FAIL,0.0654603434580966,0.0215441291819673,0.5965782800373317,542700
B,dlinear_quantile,quantile,id,pitch_rate,20,2.0,3,0.7931095883682091,0.0059291631837224,0.7634488169577069,0.8240617171382257,0.85,0.95,FAIL,0.3875086848750859,0.1275192567685491,0.4261155012771391,542700
B,dlinear_quantile,quantile,id,pitch_rate,30,3.0,3,0.8094330238726791,0.0019860305535239,0.7844255406351311,0.8333060482979664,0.85,0.95,FAIL,0.8914415298410582,0.2933093064006676,0.2538836084094705,542700
B,dlinear_quantile,quantile,id,pitch_rate,50,5.0,3,0.8124685320267216,0.0008349231021261,0.7889345942012969,0.8348306716033009,0.85,0.95,FAIL,1.0659142531705303,0.3507424415279241,0.1230535907260045,542700
B,dlinear_quantile,quantile,id,pitch_rate,100,10.0,3,0.8315266111602319,0.000236347450332,0.8111591189581491,0.850661690889331,0.85,0.95,FAIL,2.2444659243047664,0.7386260056604842,0.013377726201002,542700
B,dlinear_quantile,quantile,id,pitch_rate,150,15.0,3,0.8733045670006877,0.0001495111698492,0.8576859757220748,0.8887248908598585,0.85,0.95,PASS,2.786841461088587,0.917406606061648,3.837557716868061e-06,542700
B,dlinear_quantile,quantile,id,roll,10,1.0,3,0.9726650763827488,0.0034655787750274,0.9619367424661068,0.9810226247052756,0.85,0.95,FAIL,0.2271936179897972,0.0187524817213108,0.3779633620689655,542700
B,dlinear_quantile,quantile,id,roll,20,2.0,3,0.9667583075449456,0.0026808870588418,0.9571054491784556,0.9769220407824932,0.85,0.95,FAIL,1.4342212417394016,0.1183519972548147,0.1972957498280774,542700
B,dlinear_quantile,quantile,id,roll,30,3.0,3,0.9608975893997446,0.0001141168621955,0.9523969385499558,0.9697954658488064,0.85,0.95,FAIL,3.4218405392670364,0.2823061915854183,0.056575578396699,542700
B,dlinear_quantile,quantile,id,roll,50,5.0,3,0.9624364500442087,0.0002550622278695,0.9541803091843502,0.9710644502468316,0.85,0.95,FAIL,4.173396812062102,0.3441747640445503,0.0512881913743982,542700
B,dlinear_quantile,quantile,id,roll,100,10.0,3,0.959621217703114,0.0002321034093509,0.951597959033304,0.9687850560897436,0.85,0.95,FAIL,8.808554880329238,0.7256250912301239,0.0004090836526181,542700
B,dlinear_quantile,quantile,id,roll,150,15.0,3,0.9422332436879852,9.8130485450213e-05,0.9316048781498674,0.9541252210433244,0.85,0.95,PASS,10.93871965952281,0.9002111585645854,0.0,542700
B,dlinear_quantile,quantile,id,roll_rate,10,1.0,3,0.9739422155909224,0.0029898738000715,0.9643751266394048,0.9817480958038608,0.85,0.95,FAIL,0.1215498651890943,0.0187599033745629,0.4106094655663621,542700
B,dlinear_quantile,quantile,id,roll_rate,20,2.0,3,0.9687262071421556,0.0029341097996466,0.9601770303750368,0.978602833499116,0.85,0.95,FAIL,0.7672861806706909,0.1184014493103938,0.215689163965026,542700
B,dlinear_quantile,quantile,id,roll_rate,30,3.0,3,0.9635347590627764,0.0002009546909414,0.9561881193818156,0.971834935897436,0.85,0.95,FAIL,1.830673174642648,0.2824434709312359,0.0611138741526672,542700
B,dlinear_quantile,quantile,id,roll_rate,50,5.0,3,0.9642723376559582,0.0002710772106639,0.956750628591954,0.9722732233642792,0.85,0.95,FAIL,2.232449428446292,0.3442806146740005,0.0512122077316042,542700
B,dlinear_quantile,quantile,id,roll_rate,100,10.0,3,0.9576594581982512,0.0001087891773819,0.9498544222480106,0.9663610051945182,0.85,0.95,FAIL,4.7125856439969445,0.7261645690545233,0.0003284949405639,542700
B,dlinear_quantile,quantile,id,roll_rate,150,15.0,3,0.9398693081343944,0.0001105935930456,0.9293833351753612,0.9515179459549072,0.85,0.95,PASS,5.852239654834129,0.9011342953965712,0.0,542700
B,lstm_gaussian,gaussian,id,heave,10,1.0,3,0.9934554290696532,0.0007808591680627,0.9914180504899792,0.9949093261862658,0.85,0.95,FAIL,0.0301433171219693,0.0120692614954004,0.0,433928
B,lstm_gaussian,gaussian,id,heave,20,2.0,3,0.9909272460457806,0.0003223575893179,0.9893807102858828,0.9923280697391688,0.85,0.95,FAIL,0.0342384879999503,0.013708214619618,0.0,433928
B,lstm_gaussian,gaussian,id,heave,30,3.0,3,0.97694702328323,0.0009248310274913,0.9737434492889774,0.9795954561781608,0.85,0.95,FAIL,0.0489591263098243,0.0196019142667925,0.0,433928
B,lstm_gaussian,gaussian,id,heave,50,5.0,3,0.939813279791728,0.004274003788462,0.932182296271736,0.9464870804781904,0.85,0.95,PASS,0.1511431787546298,0.0605079336011432,0.0,433928
B,lstm_gaussian,gaussian,id,heave,100,10.0,3,0.920979314028883,0.0013193523430592,0.915993232850722,0.9260105248857944,0.85,0.95,PASS,0.5193563668682172,0.2079651833186939,0.0,433928
B,lstm_gaussian,gaussian,id,heave,150,15.0,3,0.9098173936536006,0.0012229956272609,0.9054182669282346,0.9139061578986148,0.85,0.95,PASS,1.0591005866672158,0.4243355744164711,0.0,433928
B,lstm_gaussian,gaussian,id,heave_rate,10,1.0,3,0.9894766492288044,0.0006214469447517,0.987586690428824,0.9913793679081934,0.85,0.95,FAIL,0.0214805084525079,0.0145244401972936,0.0,433928
B,lstm_gaussian,gaussian,id,heave_rate,20,2.0,3,0.982423218145201,0.0018085472701331,0.9785702526340996,0.9855817583996462,0.85,0.95,FAIL,0.026105882732635,0.0176501811551703,0.0,433928
B,lstm_gaussian,gaussian,id,heave_rate,30,3.0,3,0.963827948472345,0.0003749692549975,0.9601222876142056,0.9667998107316534,0.85,0.95,FAIL,0.0434630902893149,0.0293825306464942,0.0,433928
B,lstm_gaussian,gaussian,id,heave_rate,50,5.0,3,0.9350362879457706,0.0030441937392365,0.9278785712312112,0.9404915105548188,0.85,0.95,PASS,0.0940157680583296,0.0635659198385566,0.0,433928
B,lstm_gaussian,gaussian,id,heave_rate,100,10.0,3,0.9177196925041752,0.001929917352514,0.9120097903772472,0.9218873761236368,0.85,0.95,PASS,0.3793808417321777,0.256624760868567,0.0,433928
B,lstm_gaussian,gaussian,id,heave_rate,150,15.0,3,0.9088948447784656,0.0003494723720335,0.905289324988948,0.912325180058208,0.85,0.95,PASS,0.7241456603343875,0.4901031251697652,0.0,433928
B,lstm_gaussian,gaussian,id,pitch,10,1.0,3,0.9896132662835248,0.0013204609515676,0.9869971840001474,0.9921693675397878,0.85,0.95,FAIL,0.0594899293239626,0.014568124982041,0.0,433928
B,lstm_gaussian,gaussian,id,pitch,20,2.0,3,0.9780606825326652,0.001576646752251,0.9734792910035368,0.9811820752284114,0.85,0.95,FAIL,0.0907338762002894,0.0222181457458388,0.0,433928
B,lstm_gaussian,gaussian,id,pitch,30,3.0,3,0.9557583321053148,0.0063864384636544,0.9443981059350132,0.962498618479222,0.85,0.95,FAIL,0.147202707208066,0.0360451654413177,0.0,433928
B,lstm_gaussian,gaussian,id,pitch,50,5.0,3,0.937506140092347,0.0078847696569787,0.9254298256520778,0.9482518005820808,0.85,0.95,PASS,0.3419958540341971,0.0837357610382016,0.0,433928
B,lstm_gaussian,gaussian,id,pitch,100,10.0,3,0.9171785968660968,0.0032466312552446,0.909998238561008,0.92200877726201,0.85,0.95,PASS,1.2750706095837792,0.3122776707484506,0.0,433928
B,lstm_gaussian,gaussian,id,pitch,150,15.0,3,0.9075524670891052,0.0013903807906815,0.9034915059497496,0.9118402662651046,0.85,0.95,PASS,2.235200624380424,0.547723300357435,0.0,433928
B,lstm_gaussian,gaussian,id,pitch_rate,10,1.0,3,0.9823810050103152,0.0027339115624239,0.9772343796050692,0.9862842041519304,0.85,0.95,FAIL,0.0657664300253537,0.021644867555729,0.0,433928
B,lstm_gaussian,gaussian,id,pitch_rate,20,2.0,3,0.9647435897435898,0.0057535687237427,0.955249894083407,0.9722594081564988,0.85,0.95,FAIL,0.0977544535800845,0.0321685055145701,0.0,433928
B,lstm_gaussian,gaussian,id,pitch_rate,30,3.0,3,0.9430306881815502,0.0245689110136762,0.9058233403330388,0.9622437278956676,0.85,0.95,PASS,0.135979215552523,0.0447409819528249,0.0,433928
B,lstm_gaussian,gaussian,id,pitch_rate,50,5.0,3,0.9382882343550448,0.006063328902739,0.9275657719017094,0.9463004600464192,0.85,0.95,PASS,0.3727958817313153,0.1226696588032939,0.0,433928
B,lstm_gaussian,gaussian,id,pitch_rate,100,10.0,3,0.9151953470380194,0.0021830979127398,0.9097611350574714,0.9197810750073682,0.85,0.95,PASS,1.2077571635239828,0.3974579608633986,0.0,433928
B,lstm_gaussian,gaussian,id,pitch_rate,150,15.0,3,0.906580797475194,0.0009205945034005,0.903003311044798,0.910318924071618,0.85,0.95,PASS,1.8484202028200252,0.6084856022568692,0.0,433928
B,lstm_gaussian,gaussian,id,roll,10,1.0,3,0.9917914640436192,0.0028337579099485,0.9868868350279988,0.9947342759910108,0.85,0.95,FAIL,0.1339051024901903,0.0110524802987657,0.0,433928
B,lstm_gaussian,gaussian,id,roll,20,2.0,3,0.9906156363591708,0.0014989223380827,0.9877365854332448,0.9933525825228412,0.85,0.95,FAIL,0.1366414588430849,0.011275658936886,0.0,433928
B,lstm_gaussian,gaussian,id,roll,30,3.0,3,0.9821614967089104,0.003398234043569,0.9775589218611848,0.9879924545940172,0.85,0.95,FAIL,0.1550902384846181,0.0127951417011516,0.0,433928
B,lstm_gaussian,gaussian,id,roll,50,5.0,3,0.9531587705079084,0.0073294282683564,0.942737575523136,0.964352676926761,0.85,0.95,FAIL,0.2176214471152746,0.0179469658853083,0.0,433928
B,lstm_gaussian,gaussian,id,roll,100,10.0,3,0.9241721620493172,0.0012989853412763,0.9195998079686118,0.9293676203765104,0.85,0.95,PASS,0.8294067430763709,0.0683242997050132,0.0,433928
B,lstm_gaussian,gaussian,id,roll,150,15.0,3,0.9135060541310542,0.0044069107297598,0.9071914488468906,0.922206910366932,0.85,0.95,PASS,1.89619030511275,0.1560485801405891,0.0,433928
B,lstm_gaussian,gaussian,id,roll_rate,10,1.0,3,0.9925520679831024,0.0011975157731507,0.9900138497458002,0.9945085124705276,0.85,0.95,FAIL,0.0786725754018515,0.0121422587385902,0.0,433928
B,lstm_gaussian,gaussian,id,roll_rate,20,2.0,3,0.9651956540426369,0.0267199611433283,0.9239671980916592,0.98630250930224,0.85,0.95,FAIL,0.0882361250491231,0.0136158911114719,0.0,433928
B,lstm_gaussian,gaussian,id,roll_rate,30,3.0,3,0.9669371377345516,0.0012822954344404,0.9627126390730916,0.970841564894636,0.85,0.95,FAIL,0.1038194155699915,0.0160176685220532,0.0,433928
B,lstm_gaussian,gaussian,id,roll_rate,50,5.0,3,0.9491201247666764,0.0086541370820644,0.9329902556734452,0.9584882939139404,0.85,0.95,PASS,0.1675288163255758,0.0258357135105712,0.0,433928
B,lstm_gaussian,gaussian,id,roll_rate,100,10.0,3,0.9171962496315944,0.0033776864573404,0.9099861502541998,0.9230038751657824,0.85,0.95,PASS,0.6533861540084809,0.1006805840348285,0.0,433928
B,lstm_gaussian,gaussian,id,roll_rate,150,15.0,3,0.9075202316042832,0.0021823805762031,0.9022175135389036,0.9124088196286472,0.85,0.95,PASS,1.2816420265262682,0.1973486481488114,0.0,433928
B,lstm_quantile,quantile,id,heave,10,1.0,3,0.9922673212005108,0.0017726471263409,0.9894197382478632,0.9947756064876216,0.85,0.95,FAIL,0.0520269597572923,0.020831382942383,0.0226745935258866,1246628
B,lstm_quantile,quantile,id,heave,20,2.0,3,0.9855201272227134,0.0082086859050224,0.9742274420682286,0.9933180445033892,0.85,0.95,FAIL,0.0502746051867032,0.0201286656647013,0.050324196875921,1246628
B,lstm_quantile,quantile,id,heave,30,3.0,3,0.950152427792514,0.0592698382934381,0.8579965300803124,0.9882042302166224,0.85,0.95,FAIL,0.057540683699492,0.023037738492154,0.025204311572846,1246628
B,lstm_quantile,quantile,id,heave,50,5.0,3,0.9302930666077218,0.0301556852935491,0.888003679450339,0.9524713104185086,0.85,0.95,PASS,0.131396480656112,0.0526026354114931,0.0252265694076038,1246628
B,lstm_quantile,quantile,id,heave,100,10.0,3,0.9171801318891836,0.0013530854108622,0.911909399867374,0.9213225643788682,0.85,0.95,PASS,0.4602181055715102,0.184284527537229,0.016711796345417,1246628
B,lstm_quantile,quantile,id,heave,150,15.0,3,0.9083092334708714,0.0005570865046325,0.90484269083407,0.9129443316202476,0.85,0.95,PASS,0.962114381264522,0.3854774171289448,0.0008289124668435,1246628
B,lstm_quantile,quantile,id,heave_rate,10,1.0,3,0.9862600083505256,0.00468841529954,0.9795041031167108,0.9922591088269967,0.85,0.95,FAIL,0.0329597072948698,0.0222863112660048,0.0059512845073189,1246628
B,lstm_quantile,quantile,id,heave_rate,20,2.0,3,0.9796778293545536,0.0132086987738106,0.9604700279067198,0.99089675664972,0.85,0.95,FAIL,0.0337128704122268,0.0227932637302751,0.014310252726201,1246628
B,lstm_quantile,quantile,id,heave_rate,30,3.0,3,0.9624134246979074,0.0200603985839286,0.933294017554524,0.978994091696139,0.85,0.95,FAIL,0.0452845009821184,0.0306138663647993,0.0027745542292956,1246628
B,lstm_quantile,quantile,id,heave_rate,50,5.0,3,0.9346387169663032,0.0145115765594362,0.9130560621131742,0.9482994630489242,0.85,0.95,PASS,0.083031697676118,0.0561393726557102,0.0197764699381078,1246628
B,lstm_quantile,quantile,id,heave_rate,100,10.0,3,0.920343046959426,0.0078406065738291,0.9109882133252284,0.9327072741674034,0.85,0.95,PASS,0.3434207746497524,0.2323002758109909,0.0025235779546124,1246628
B,lstm_quantile,quantile,id,heave_rate,150,15.0,3,0.906887034581,0.0001317149098137,0.9038136305445034,0.9105028965885646,0.85,0.95,PASS,0.6631336923279854,0.448810112133013,0.008404251399941,1246628
B,lstm_quantile,quantile,id,pitch,10,1.0,3,0.9884090406719718,0.0028062966752941,0.9853162761567934,0.9926320043103448,0.85,0.95,FAIL,0.08545277894197,0.0209260084494318,0.1254896723646723,1246628
B,lstm_quantile,quantile,id,pitch,20,2.0,3,0.981353307053738,0.0033535168637244,0.9766462546971706,0.986675635039051,0.85,0.95,FAIL,0.0989141008029935,0.0242212500996677,0.1247743516062481,1246628
B,lstm_quantile,quantile,id,pitch,30,3.0,3,0.9645256164652716,0.0055224392691688,0.9567651345601238,0.9734726712164752,0.85,0.95,FAIL,0.1414086530080477,0.0346263896173077,0.1052649756852343,1246628
B,lstm_quantile,quantile,id,pitch,50,5.0,3,0.9418832584242068,0.0176517875273166,0.9173474685934276,0.9558977122015916,0.85,0.95,PASS,0.2966819700554334,0.0726409114492381,0.1350244682680027,1246628
B,lstm_quantile,quantile,id,pitch,100,10.0,3,0.911991753855978,0.007134334472579,0.9010277938955202,0.9191559368552904,0.85,0.95,PASS,1.1582297468354632,0.2836621633459281,0.0037715517241379,1246628
B,lstm_quantile,quantile,id,pitch,150,15.0,3,0.9104874312309658,0.007389915335949,0.9032081790635133,0.92298533976201,0.85,0.95,PASS,2.0458981734161124,0.501335802932382,0.021952365163572,1246628
B,lstm_quantile,quantile,id,pitch_rate,10,1.0,3,0.9858655074172316,0.0038105746988786,0.9803679565465664,0.9906750225648394,0.85,0.95,FAIL,0.0807933542880761,0.0265904877651764,0.0586348118675704,1246628
B,lstm_quantile,quantile,id,pitch_rate,20,2.0,3,0.979054609981334,0.003929050742122,0.9728619239058356,0.9845940286066904,0.85,0.95,FAIL,0.1028994716975944,0.0338616001780279,0.0828167980646428,1246628
B,lstm_quantile,quantile,id,pitch_rate,30,3.0,3,0.9658580165045684,0.0030828617159763,0.9600058369252872,0.971603934110669,0.85,0.95,FAIL,0.1259872108253047,0.041453331694243,0.1521668385892523,1246628
B,lstm_quantile,quantile,id,pitch_rate,50,5.0,3,0.9334291187739464,0.0274053536287169,0.8940991793766578,0.9526533833443857,0.85,0.95,PASS,0.3229481413216862,0.1062671028529267,0.1248242398565674,1246628
B,lstm_quantile,quantile,id,pitch_rate,100,10.0,3,0.9126341610177816,0.0029608279588112,0.9050417449528442,0.9175853779840848,0.85,0.95,PASS,1.090495177597517,0.358868490048639,0.0144537773848118,1246628
B,lstm_quantile,quantile,id,pitch_rate,150,15.0,3,0.9043964596227528,0.0041807517629704,0.89665407180224,0.9097641859158562,0.85,0.95,PASS,1.723172147747983,0.5672549134201309,0.0027185258866293,1246628
B,lstm_quantile,quantile,id,roll,10,1.0,3,0.9854426085568329,0.001627350184338,0.9821230060050103,0.9886738897178012,0.85,0.95,FAIL,0.2289755683129632,0.0188995632773823,0.053533162638766,1246628
B,lstm_quantile,quantile,id,roll,20,2.0,3,0.979138268739562,0.0074371185393205,0.9678242083885942,0.987436104664014,0.85,0.95,FAIL,0.2251671482209998,0.0185808025516389,0.038433908045977,1246628
B,lstm_quantile,quantile,id,roll,30,3.0,3,0.978964043619216,0.0041520407435584,0.9716879766246684,0.9853147795092838,0.85,0.95,FAIL,0.2371654170763648,0.0195664482030297,0.0778440907751252,1246628
B,lstm_quantile,quantile,id,roll,50,5.0,3,0.9543315281461834,0.0200855055557482,0.9219462058834366,0.9711940829465076,0.85,0.95,FAIL,0.2595985269590794,0.021408762642512,0.0997803381962864,1246628
B,lstm_quantile,quantile,id,roll,100,10.0,3,0.9248913203654584,0.0098089442692622,0.909017013428382,0.9344960557581786,0.85,0.95,PASS,0.7617095311580963,0.0627475852221504,0.0660221104725415,1246628
B,lstm_quantile,quantile,id,roll,150,15.0,3,0.9203844925827684,0.005601310233521,0.9106491651009432,0.9293002712385796,0.85,0.95,PASS,1.720918574156807,0.1416244452419393,0.0722381864623244,1246628
B,lstm_quantile,quantile,id,roll_rate,10,1.0,3,0.9762539603595638,0.0126543849003404,0.9586444057618626,0.9893580878831418,0.85,0.95,FAIL,0.133049617937418,0.0205347654861275,0.0370408745947539,1246628
B,lstm_quantile,quantile,id,roll_rate,20,2.0,3,0.978727650063857,0.0070967323493671,0.9668112082780724,0.9859293835654288,0.85,0.95,FAIL,0.1380357618836273,0.0213005716451191,0.0628169822674133,1246628
B,lstm_quantile,quantile,id,roll_rate,30,3.0,3,0.9813333517536104,0.0051147483494387,0.976125018420277,0.9885887534998526,0.85,0.95,FAIL,0.1439415837530292,0.0222078747259082,0.0760020630710286,1246628
B,lstm_quantile,quantile,id,roll_rate,50,5.0,3,0.9650413842224188,0.0047135680882105,0.957950939894636,0.9732821940391984,0.85,0.95,FAIL,0.1796685633439149,0.0277078632274718,0.0470192921701542,1246628
B,lstm_quantile,quantile,id,roll_rate,100,10.0,3,0.92187039493074,0.0092286139478895,0.9039377947244328,0.9307951342838195,0.85,0.95,PASS,0.5957860563864095,0.0918049575259478,0.0835160010806562,1246628
B,lstm_quantile,quantile,id,roll_rate,150,15.0,3,0.9154616735435702,0.0045973102815546,0.90750672340112,0.9238462574602122,0.85,0.95,PASS,1.1971252822695435,0.1843346669592195,0.035983243687985,1246628
B,tcn_gaussian,gaussian,id,heave,10,1.0,3,0.9936795424403184,0.0024917159120677,0.990267013428382,0.9970090650788388,0.85,0.95,FAIL,0.0174404057042832,0.0069830674633169,0.0,255304
B,tcn_gaussian,gaussian,id,heave,20,2.0,3,0.9926357267413302,0.0006972739937363,0.99115590692234,0.9937303133289124,0.85,0.95,FAIL,0.0392527188592421,0.0157157843689475,0.0,255304
B,tcn_gaussian,gaussian,id,heave,30,3.0,3,0.978041494744081,0.001950955314626,0.974103162761568,0.9809607440870912,0.85,0.95,FAIL,0.0858668894196388,0.0343787876055739,0.0,255304
B,tcn_gaussian,gaussian,id,heave,50,5.0,3,0.951658285440613,0.0012878642441719,0.9470483808576482,0.9563808415303566,0.85,0.95,FAIL,0.2430332091658011,0.0972947466385518,0.0,255304
B,tcn_gaussian,gaussian,id,heave,100,10.0,3,0.9220960433244916,0.0016243055886557,0.9165674274241083,0.928402800803124,0.85,0.95,PASS,0.6934490612683385,0.2776768907609046,0.0,255304
B,tcn_gaussian,gaussian,id,heave,150,15.0,3,0.9067811179880144,0.0013117585121691,0.9016598396514884,0.9115860664419392,0.85,0.95,PASS,1.2366123051419546,0.4954568049897303,0.0,255304
B,tcn_gaussian,gaussian,id,heave_rate,10,1.0,3,0.9921990126731508,0.001091899212122,0.9901404891504568,0.9937466037614208,0.85,0.95,FAIL,0.0175038514628185,0.0118355505576654,0.0,255304
B,tcn_gaussian,gaussian,id,heave_rate,20,2.0,3,0.9812212950682778,0.0006010335802461,0.9791778915229884,0.9828785827438844,0.85,0.95,FAIL,0.041300011669528,0.0279229281439526,0.0,255304
B,tcn_gaussian,gaussian,id,heave_rate,30,3.0,3,0.959826143285195,0.0004468479625979,0.9566361350574712,0.9629663208259652,0.85,0.95,FAIL,0.0753467259120713,0.0509369552069955,0.0,255304
B,tcn_gaussian,gaussian,id,heave_rate,50,5.0,3,0.9426354197367128,0.0015017298433597,0.9366657341401416,0.9481055320697024,0.85,0.95,PASS,0.1341241603496344,0.0906839969643072,0.0,255304
B,tcn_gaussian,gaussian,id,heave_rate,100,10.0,3,0.9187466229492092,0.002695801343487,0.9127258210838493,0.925260071286472,0.85,0.95,PASS,0.4595773226800136,0.3108721041233633,0.0,255304
B,tcn_gaussian,gaussian,id,heave_rate,150,15.0,3,0.9033910195009334,0.0030890957115644,0.897334125405246,0.910331530448718,0.85,0.95,PASS,0.8087881997989572,0.5473893527703492,0.0,255304
B,tcn_gaussian,gaussian,id,pitch,10,1.0,3,0.9768917624521072,0.0113447675758841,0.9631799960396404,0.9893001215738284,0.85,0.95,FAIL,0.0533469266160917,0.0130638026163859,0.0,255304
B,tcn_gaussian,gaussian,id,pitch,20,2.0,3,0.9716864991649472,0.0010209458629173,0.9685039741747716,0.9748705975537872,0.85,0.95,FAIL,0.1576938785124856,0.0386147459222714,0.0,255304
B,tcn_gaussian,gaussian,id,pitch,30,3.0,3,0.9677192319972492,0.0019329532514041,0.9634746053455644,0.9718286614905688,0.85,0.95,FAIL,0.2633857537102857,0.0644946227378431,0.0,255304
B,tcn_gaussian,gaussian,id,pitch,50,5.0,3,0.9508953789664996,0.0023335280659442,0.9447777938955202,0.956574196875921,0.85,0.95,FAIL,0.5618929330212382,0.1375763238457736,0.0,255304
B,tcn_gaussian,gaussian,id,pitch,100,10.0,3,0.917566957707044,0.0031795051992561,0.9105844638778368,0.9234884435786914,0.85,0.95,PASS,1.621436554972254,0.3971061891375659,0.0,255304
B,tcn_gaussian,gaussian,id,pitch,150,15.0,3,0.9055807299341782,0.00121388859933,0.901451114887268,0.910541751860448,0.85,0.95,PASS,2.482229931381927,0.6082564381169945,0.0,255304
B,tcn_gaussian,gaussian,id,pitch_rate,10,1.0,3,0.9753206663228214,0.0032836899431561,0.9691964039014146,0.9796440972222222,0.85,0.95,FAIL,0.0864165347718719,0.0284411735446356,0.0,255304
B,tcn_gaussian,gaussian,id,pitch_rate,20,2.0,3,0.9685819149720012,0.0034008459870776,0.9631518475537872,0.9741661946470674,0.85,0.95,FAIL,0.1639972370093649,0.0539673214866683,0.0,255304
B,tcn_gaussian,gaussian,id,pitch_rate,30,3.0,3,0.956212698938992,0.0018227539521925,0.950079955515031,0.960760838030504,0.85,0.95,FAIL,0.2483514673610163,0.0817146096483025,0.0,255304
B,tcn_gaussian,gaussian,id,pitch_rate,50,5.0,3,0.932769058846645,0.0019124755243222,0.9275528777077808,0.9388889464522546,0.85,0.95,PASS,0.562542618829184,0.1851064201503778,0.0,255304
B,tcn_gaussian,gaussian,id,pitch_rate,100,10.0,3,0.9139834463110326,0.0016762789471596,0.9093568675397878,0.9190603241047746,0.85,0.95,PASS,1.413116182576393,0.4650390768547326,0.0,255304
B,tcn_gaussian,gaussian,id,pitch_rate,150,15.0,3,0.9014054671382258,0.0017337581218007,0.8966551655061893,0.9068679427313588,0.85,0.95,PASS,2.012131150945583,0.6623779773316736,0.0,255304
B,tcn_gaussian,gaussian,id,roll,10,1.0,3,0.9953312272816582,0.0029515694982651,0.9910523504273504,0.9979370440981432,0.85,0.95,FAIL,0.0567256374764266,0.0046821142658776,0.0,255304
B,tcn_gaussian,gaussian,id,roll,20,2.0,3,0.984876185037823,0.0039708124847157,0.979712252247274,0.9905852237142648,0.85,0.95,FAIL,0.1010684423304565,0.0083401721164969,0.0,255304
B,tcn_gaussian,gaussian,id,roll,30,3.0,3,0.9742922008547008,0.004087903018694,0.9694798459143824,0.9806690129494549,0.85,0.95,FAIL,0.1746599359807477,0.0144096666058669,0.0,255304
B,tcn_gaussian,gaussian,id,roll,50,5.0,3,0.9647535673936536,0.0037452722344622,0.9593577885536398,0.971577570089154,0.85,0.95,FAIL,0.2980914179475682,0.0245832227453867,0.0,255304
B,tcn_gaussian,gaussian,id,roll,100,10.0,3,0.932620929118774,0.0040202854667934,0.9245179643751842,0.939114479719275,0.85,0.95,PASS,1.0728231591435666,0.0883762902432235,0.0,255304
B,tcn_gaussian,gaussian,id,roll,150,15.0,3,0.91654002726201,0.0053680369132579,0.908780427995137,0.9262982841511936,0.85,0.95,PASS,2.2330433449346967,0.1837701851074126,0.0,255304
B,tcn_gaussian,gaussian,id,roll_rate,10,1.0,3,0.9818944026918164,0.0113026535889957,0.967853853521957,0.9949966498121132,0.85,0.95,FAIL,0.0505755528251767,0.0078057880413062,0.0,255304
B,tcn_gaussian,gaussian,id,roll_rate,20,2.0,3,0.9738339964633068,0.0080148105025425,0.96235551595196,0.982399482850722,0.85,0.95,FAIL,0.0950832756083008,0.0146724884675516,0.0,255304
B,tcn_gaussian,gaussian,id,roll_rate,30,3.0,3,0.965555616956479,0.0032884244128325,0.959847422542735,0.9716309313292072,0.85,0.95,FAIL,0.1207971310298529,0.0186370573618455,0.0,255304
B,tcn_gaussian,gaussian,id,roll_rate,50,5.0,3,0.9494969729344728,0.0020004101420828,0.944093307913351,0.954414822336428,0.85,0.95,PASS,0.2671735727909388,0.0412025825503828,0.0,255304
B,tcn_gaussian,gaussian,id,roll_rate,100,10.0,3,0.9236379740151291,0.0036561845332183,0.9164051562960508,0.930788284243295,0.85,0.95,PASS,0.8382219386307633,0.1291620182252225,0.0,255304
B,tcn_gaussian,gaussian,id,roll_rate,150,15.0,3,0.9121629089301504,0.0037270013615481,0.9058581086059534,0.9194066828765104,0.85,0.95,PASS,1.502147677732789,0.2313023507226308,0.0,255304
B,tcn_quantile,quantile,id,heave,10,1.0,3,0.9928805629236664,0.0015011095464843,0.99058027326481,0.9949919871794872,0.85,0.95,FAIL,0.029807716809082,0.0119348884959795,0.0072652642695746,664804
B,tcn_quantile,quantile,id,heave,20,2.0,3,0.992029392622065,0.0010715579916592,0.9903705699233716,0.9937533386752136,0.85,0.95,FAIL,0.0601538587264927,0.0240840660259921,0.0002578838785735,664804
B,tcn_quantile,quantile,id,heave,30,3.0,3,0.9860305223990568,0.0005134600598572,0.9843746546198054,0.9874153242889772,0.85,0.95,FAIL,0.1037994096434228,0.0415584852535608,0.0,664804
B,tcn_quantile,quantile,id,heave,50,5.0,3,0.9579841155810984,0.0027891301901169,0.9529613473511642,0.9639354000884174,0.85,0.95,FAIL,0.240151115332782,0.0961409430483567,0.0,664804
B,tcn_quantile,quantile,id,heave,100,10.0,3,0.9215119670399844,0.0035059591261367,0.9131470697944296,0.9288503559718538,0.85,0.95,PASS,0.6378688116327921,0.2554209648846976,0.0002164382552313,664804
B,tcn_quantile,quantile,id,heave,150,15.0,3,0.9038576665193044,0.0027470280337771,0.8966458402409372,0.9103078143420276,0.85,0.95,PASS,1.1279137793567886,0.451906029966163,7.675115433736123e-07,664804
B,tcn_quantile,quantile,id,heave_rate,10,1.0,3,0.9866314839375184,0.0054314912969133,0.9786390408561744,0.9915566630747128,0.85,0.95,FAIL,0.0309224391925453,0.0209087750320051,0.0,664804
B,tcn_quantile,quantile,id,heave_rate,20,2.0,3,0.9847457080754496,0.0015219370725071,0.982633938439434,0.9877403270520188,0.85,0.95,FAIL,0.0528402799411237,0.035725300799151,6.140092346988898e-06,664804
B,tcn_quantile,quantile,id,heave_rate,30,3.0,3,0.9683516615089892,0.0018757942865123,0.9645839089669908,0.9728722277483052,0.85,0.95,FAIL,0.082174644545543,0.0555528609597688,0.0005165352686904,664804
B,tcn_quantile,quantile,id,heave_rate,50,5.0,3,0.9524043066607722,0.0024804582640611,0.946186945089154,0.958430097351164,0.85,0.95,FAIL,0.1337473153354811,0.0904292045985589,0.0,664804
B,tcn_quantile,quantile,id,heave_rate,100,10.0,3,0.9169230155221536,0.0027877232201479,0.9098893286730032,0.9229579395999116,0.85,0.95,PASS,0.4321658375693691,0.2923301403819855,0.0004566693683072,664804
B,tcn_quantile,quantile,id,heave_rate,150,15.0,3,0.9003209733274389,0.0027461941626865,0.8937055035182728,0.9061053432618628,0.85,0.95,PASS,0.7554246742277247,0.5112728197506513,7.828617742410846e-05,664804
B,tcn_quantile,quantile,id,pitch,10,1.0,3,0.988674599665979,0.0017833042760877,0.9852752334770116,0.9909513842838196,0.85,0.95,FAIL,0.0719179425463241,0.0176115451366669,0.0054117238923273,664804
B,tcn_quantile,quantile,id,pitch,20,2.0,3,0.983364187297377,0.0003903254640414,0.9811626763741528,0.9854668619216032,0.85,0.95,FAIL,0.1721602217871334,0.0421571419571984,0.0083865986344434,664804
B,tcn_quantile,quantile,id,pitch,30,3.0,3,0.9784406007466352,0.0013880795849786,0.9749567123489538,0.9812741190502504,0.85,0.95,FAIL,0.2743076607202371,0.067169043287405,0.0007061106199037,664804
B,tcn_quantile,quantile,id,pitch,50,5.0,3,0.961241434571176,0.0005381186487378,0.9571760218648688,0.9656122784961686,0.85,0.95,FAIL,0.527438357508958,0.1291403148481895,0.0034468943412908,664804
B,tcn_quantile,quantile,id,pitch,100,10.0,3,0.9166375012280183,0.0025760210957897,0.9096909077512524,0.9224002081491304,0.85,0.95,PASS,1.474605008736546,0.3611456604372394,4.605069260241674e-06,664804
B,tcn_quantile,quantile,id,pitch,150,15.0,3,0.9047410723057276,0.0020598875969072,0.8991252095306513,0.9106388036951076,0.85,0.95,PASS,2.2714139262158537,0.5565971656301061,9.210138520483348e-06,664804
B,tcn_quantile,quantile,id,pitch_rate,10,1.0,3,0.9850427350427352,0.0031225807914753,0.9797902506078692,0.9891900604185088,0.85,0.95,FAIL,0.0932374766729352,0.0306860632854489,0.0137699245996659,664804
B,tcn_quantile,quantile,id,pitch_rate,20,2.0,3,0.9714501056095884,0.005665516103149,0.963055198662688,0.9777419158009136,0.85,0.95,FAIL,0.1727495192719129,0.0568474750747316,0.0062191460359563,664804
B,tcn_quantile,quantile,id,pitch_rate,30,3.0,3,0.9706365433736124,0.0030663090918627,0.9641868944333924,0.9762960391799292,0.85,0.95,FAIL,0.2443555524592101,0.0803998413891955,0.0099070390018665,664804
B,tcn_quantile,quantile,id,pitch_rate,50,5.0,3,0.9459265092346988,0.0028294977962022,0.9390101749005304,0.952121152464633,0.85,0.95,PASS,0.5214573459741053,0.1715871817415019,0.000133547008547,664804
B,tcn_quantile,quantile,id,pitch_rate,100,10.0,3,0.9145030516258964,0.0017231673420332,0.9091480276488358,0.9197061275051576,0.85,0.95,PASS,1.3028708583822646,0.4287587027263184,0.0001366170547205,664804
B,tcn_quantile,quantile,id,pitch_rate,150,15.0,3,0.9009994535317812,0.00143654973804,0.8961704819665487,0.9066892084806956,0.85,0.95,PASS,1.8681285105072645,0.6149734243734191,7.675115433736122e-06,664804
B,tcn_quantile,quantile,id,roll,10,1.0,3,0.991571188230671,0.0019511400939465,0.9877963937702624,0.9933963306808136,0.85,0.95,FAIL,0.1112395817531852,0.0091816761490481,0.0262174268100992,664804
B,tcn_quantile,quantile,id,roll,20,2.0,3,0.9892510008350528,0.0009051431248038,0.9874165331196582,0.9915405453323016,0.85,0.95,FAIL,0.196250671621663,0.0161946136851617,0.0493456196581196,664804
B,tcn_quantile,quantile,id,roll,30,3.0,3,0.98361286103743,0.0012874689866548,0.9812296801318892,0.9868670332301798,0.85,0.95,FAIL,0.2937802137538962,0.0242372408521928,0.0441165635131152,664804
B,tcn_quantile,quantile,id,roll,50,5.0,3,0.9751257183908044,0.0023660142719667,0.969871104111406,0.9810651064692012,0.85,0.95,FAIL,0.4092772135820268,0.0337525748824741,0.017899136703016,664804
B,tcn_quantile,quantile,id,roll,100,10.0,3,0.9367900518223796,0.0019479188946433,0.9308216709954318,0.9425198133104924,0.85,0.95,PASS,1.0699452439044588,0.088139215315917,0.0245104811376363,664804
B,tcn_quantile,quantile,id,roll,150,15.0,3,0.9222457080754496,0.0042860301400682,0.9139861709770114,0.9316982459291188,0.85,0.95,PASS,2.1321123663509343,0.1754639851138103,0.0198225206307102,664804
B,tcn_quantile,quantile,id,roll_rate,10,1.0,3,0.9804553185479912,0.0015728525127436,0.9767719155246096,0.9843198542956084,0.85,0.95,FAIL,0.1086739449351956,0.0167726447342843,0.031131035710777,664804
B,tcn_quantile,quantile,id,roll_rate,20,2.0,3,0.9744449356518322,0.0033767879951323,0.9693241370100206,0.9805759905503978,0.85,0.95,FAIL,0.1638174739902952,0.0252789986727824,0.0229155921505059,664804
B,tcn_quantile,quantile,id,roll_rate,30,3.0,3,0.9734087950682778,0.0029388788706573,0.9669031945365458,0.9781747347480106,0.85,0.95,FAIL,0.1920226143739357,0.0296260055876175,0.034152728657039,664804
B,tcn_quantile,quantile,id,roll_rate,50,5.0,3,0.9593694739168876,0.0048870509666008,0.9482825969827586,0.966843961833186,0.85,0.95,FAIL,0.3243959515896795,0.050027219514119,0.0610002824442479,664804
B,tcn_quantile,quantile,id,roll_rate,100,10.0,3,0.9249857242852932,0.0037985736636401,0.915729419945476,0.932166408782788,0.85,0.95,PASS,0.8296393280787641,0.1278395196726934,0.0116132171627861,664804
B,tcn_quantile,quantile,id,roll_rate,150,15.0,3,0.9146258534728364,0.0041957540983038,0.906343713159446,0.9226106598143236,0.85,0.95,PASS,1.4414394787912217,0.2219544355133118,0.0221058674722467,664804
