model,regime,dof,horizon_samples,horizon_s,n_seeds,deterministic,n_windows,rmse_mean,rmse_std,mae_mean,mae_std,rmse_persistence,skill_mean,skill_std,skill_ci_lo,skill_ci_hi,signal_std,nrmse_mean,nrmse_std,n_params,fit_time_s_mean
ar20,id,heave,10,1.0,1,True,434304,0.008023412524528636,,0.005606877780374066,,0.44174333995484594,0.9996701031086519,,0.9996314752395916,0.9997030937660123,0.7591945699315659,0.010568321800894691,,27450,0.029114530996594112
ar20,id,heave,20,2.0,1,True,434304,0.04257714933111377,,0.02974107133154641,,0.8382135080550518,0.9974198565593911,,0.9971200097240305,0.99767746213894,0.7592353662201028,0.0560789858131696,,27450,0.029114530996594112
ar20,id,heave,30,3.0,1,True,434304,0.11413995716485775,,0.07945993692326375,,1.1513183823181896,0.9901715613104198,,0.9890949159914503,0.9911430609481335,0.7592379733777742,0.15033488993847402,,27450,0.029114530996594112
ar20,id,heave,50,5.0,1,True,434304,0.2953103453400748,,0.20032056724087335,,1.4421558821616272,0.9580692228625522,,0.9541963974862476,0.9617988956394049,0.7593097520603712,0.388919468686865,,27450,0.029114530996594112
ar20,id,heave,100,10.0,1,True,434304,0.5341578736226333,,0.3606308475863991,,0.8335183990732865,0.5893149563177846,,0.5542796878397521,0.6197278543612079,0.7591324816869609,0.7036424952277315,,27450,0.029114530996594112
ar20,id,heave,150,15.0,1,True,434304,0.6743247783035252,,0.45521302089795207,,1.106452908012778,0.6285739434244549,,0.6035862223701518,0.6516643846091794,0.758700750262978,0.8887888644762685,,27450,0.029114530996594112
ar20,id,pitch,10,1.0,1,True,434304,0.033153550589751675,,0.02167244069708878,,0.8963189522817477,0.9986318461613732,,0.9984345249755139,0.9988032668928759,1.2413165389175655,0.02670837739635834,,27450,0.029114530996594112
ar20,id,pitch,20,2.0,1,True,434304,0.18968653332583066,,0.1274902878409156,,1.6396866224861668,0.986617067357147,,0.9849587444086976,0.9880997903597233,1.2413790185919036,0.15280307664696324,,27450,0.029114530996594112
ar20,id,pitch,30,3.0,1,True,434304,0.4419428795571324,,0.30443825827670107,,2.1223575061775537,0.956639408405344,,0.9521863168070106,0.9606824056537109,1.2413993725281671,0.3560037884158869,,27450,0.029114530996594112
ar20,id,pitch,50,5.0,1,True,434304,0.6653180696114038,,0.45472440523269914,,2.2343246831224586,0.9113321718417836,,0.9031846384560005,0.9182111516199762,1.2415168463730468,0.535891294230164,,27450,0.029114530996594112
ar20,id,pitch,100,10.0,1,True,434304,1.0851483050887565,,0.7114888545295721,,1.5591545468409598,0.5156047656736473,,0.5030195536943666,0.5285362861273548,1.2411836658196425,0.8742850353030994,,27450,0.029114530996594112
ar20,id,pitch,150,15.0,1,True,434304,1.2342768842551712,,0.7962447205292508,,1.785131912400982,0.5219376264768576,,0.5016275163336298,0.5398129901410683,1.2405036351372416,0.9949804654289615,,27450,0.029114530996594112
ar20,id,roll,10,1.0,1,True,434304,0.02728331961822389,,0.01955087152461012,,1.9446628367671026,0.999803163428482,,0.9997649179016852,0.9998310117266522,3.682816873957597,0.007408274848297011,,27450,0.029114530996594112
ar20,id,roll,20,2.0,1,True,434304,0.13049248860418083,,0.09366279409008052,,3.7444545258092843,0.9987855101047793,,0.9985541517673807,0.998947107174425,3.683691963859013,0.03542437583936245,,27450,0.029114530996594112
ar20,id,roll,30,3.0,1,True,434304,0.32575100288659903,,0.23339392430498032,,5.26736094690192,0.9961754057839515,,0.9954846891780592,0.9966548334069402,3.6845301229084004,0.08841045995560107,,27450,0.029114530996594112
ar20,id,roll,50,5.0,1,True,434304,0.7676047392872674,,0.5334073788252482,,7.0875605548865055,0.9882704397603256,,0.9862934412801512,0.9897244926439566,3.685983647312865,0.20824963231914018,,27450,0.029114530996594112
ar20,id,roll,100,10.0,1,True,434304,1.2248545843394725,,0.8496959719534537,,3.793711335438843,0.8957585366175365,,0.8796249991702858,0.9072483809463886,3.6900743810329235,0.33193222083415347,,27450,0.029114530996594112
ar20,id,roll,150,15.0,1,True,434304,1.7885707196187717,,1.199414323235603,,5.251935256462554,0.8840225632350196,,0.8710753019101471,0.8946586569983549,3.6937274583324062,0.4842183782628757,,27450,0.029114530996594112
damped_persistence,id,heave,10,1.0,1,True,434304,0.5340943972091076,,0.3454444207132053,,0.44174333995484594,-0.46182714886613674,,-0.5000793873159017,-0.421369454613278,0.7591945699315659,0.7035013399229806,,3,0.12071646800177405
damped_persistence,id,heave,20,2.0,1,True,434304,0.7666348791696123,,0.4933679879857042,,0.8382135080550518,0.1634963548560603,,0.14109556604897774,0.18771620443074435,0.7592353662201028,1.0097460066782036,,3,0.12071646800177405
damped_persistence,id,heave,30,3.0,1,True,434304,0.8410597012862076,,0.5373894137322743,,1.1513183823181896,0.4663423104892308,,0.4515875737906873,0.4814994069971563,0.7592379733777742,1.107768223900099,,3,0.12071646800177405
damped_persistence,id,heave,50,5.0,1,True,434304,0.8062821645622597,,0.5094290741734202,,1.4421558821616272,0.6874282712160603,,0.6813001910703798,0.6937342874188245,0.7593097520603712,1.061861990280554,,3,0.12071646800177405
damped_persistence,id,heave,100,10.0,1,True,434304,0.7310763301829194,,0.47185839004686486,,0.8335183990732865,0.2307011831951743,,0.1629824522047909,0.286006576920424,0.7591324816869609,0.9630418244761514,,3,0.12071646800177405
damped_persistence,id,heave,150,15.0,1,True,434304,0.7896313063654334,,0.49963638298715213,,1.106452908012778,0.4906892443978499,,0.46184284717500357,0.5184502809954734,0.758700750262978,1.0407677942742701,,3,0.12071646800177405
damped_persistence,id,pitch,10,1.0,1,True,434304,0.9893440253231025,,0.6256358767755112,,0.8963189522817477,-0.2183428300377217,,-0.255785094274819,-0.18268882434778547,1.2413165389175655,0.7970118775552734,,3,0.12071646800177405
damped_persistence,id,pitch,20,2.0,1,True,434304,1.3107640531193587,,0.8266969902765591,,1.6396866224861668,0.3609610371651497,,0.34086348641676395,0.37986386915025705,1.2413790185919036,1.0558935131722773,,3,0.12071646800177405
damped_persistence,id,pitch,30,3.0,1,True,434304,1.3548671586854772,,0.8511329815141471,,2.1223575061775537,0.592473036662897,,0.5809735466908174,0.6037989720278992,1.2413993725281671,1.0914031283310768,,3,0.12071646800177405
damped_persistence,id,pitch,50,5.0,1,True,434304,1.2509263092557188,,0.7833526822249735,,2.2343246831224586,0.6865481144641659,,0.6808801394835121,0.6914604630818076,1.2415168463730468,1.0075790053998548,,3,0.12071646800177405
damped_persistence,id,pitch,100,10.0,1,True,434304,1.2418029377103632,,0.7805882180134781,,1.5591545468409598,0.36565278906022125,,0.33538258198520887,0.397103626923048,1.2411836658196425,1.0004989365456334,,3,0.12071646800177405
damped_persistence,id,pitch,150,15.0,1,True,434304,1.2592484387053677,,0.7917052666211138,,1.785131912400982,0.5023978886241289,,0.4829694311658592,0.5199959544730369,1.2405036351372416,1.0151106397733791,,3,0.12071646800177405
damped_persistence,id,roll,10,1.0,1,True,434304,2.4892212450591646,,1.289247944184224,,1.9446628367671026,-0.6384695263285793,,-0.6561008706383746,-0.6187590093863031,3.682816873957597,0.6759014445331949,,3,0.12071646800177405
damped_persistence,id,roll,20,2.0,1,True,434304,3.690807634570473,,1.9045603633863442,,3.7444545258092843,0.02844878511016624,,0.017647438325516365,0.040565184628654063,3.683691963859013,1.0019316682234216,,3,0.12071646800177405
damped_persistence,id,roll,30,3.0,1,True,434304,4.130652385975844,,2.1220103797737155,,5.26736094690192,0.38503395351498615,,0.37800528963059643,0.3925309580421404,3.6845301229084004,1.1210798251569984,,3,0.12071646800177405
damped_persistence,id,roll,50,5.0,1,True,434304,3.925974184606597,,2.0078165221459683,,7.0875605548865055,0.69316753137732,,0.690262007361247,0.696198918591054,3.685983647312865,1.0651089533369713,,3,0.12071646800177405
damped_persistence,id,roll,100,10.0,1,True,434304,3.4226344706069405,,1.7879017940044155,,3.793711335438843,0.1860598431748567,,0.15015550815454584,0.21951984880415065,3.6900743810329235,0.9275245204268426,,3,0.12071646800177405
damped_persistence,id,roll,150,15.0,1,True,434304,4.108033531196612,,2.0842126932471055,,5.251935256462554,0.38817216354193784,,0.3667529897896048,0.408500555470391,3.6937274583324062,1.112164765142486,,3,0.12071646800177405
dlinear_ols,id,heave,10,1.0,1,True,434304,0.003031452905292356,,0.0018372258525899598,,0.44174333995484594,0.9999529064282234,,0.9999433560345551,0.9999614316550838,0.7591945699315659,0.003992985494569083,,60300,0.20896544500283198
dlinear_ols,id,heave,20,2.0,1,True,434304,0.02929779946393227,,0.017642079486403294,,0.8382135080550518,0.9987783109159695,,0.9985284233835704,0.9990037204451626,0.7592353662201028,0.03858855997421862,,60300,0.20896544500283198
dlinear_ols,id,heave,30,3.0,1,True,434304,0.10827124898108269,,0.0645274457114346,,1.1513183823181896,0.9911562712073182,,0.9893043474290507,0.9928421300285778,0.7592379733777742,0.14260515513916497,,60300,0.20896544500283198
dlinear_ols,id,heave,50,5.0,1,True,434304,0.28342127308509,,0.1624944065879033,,1.4421558821616272,0.9613774914813844,,0.9525425195255514,0.9694188199389701,0.7593097520603712,0.3732617318769215,,60300,0.20896544500283198
dlinear_ols,id,heave,100,10.0,1,True,434304,0.5661544102874582,,0.3528204866355296,,0.8335183990732865,0.5386405636802886,,0.49708094112118095,0.5816831883400235,0.7591324816869609,0.7457913130384533,,60300,0.20896544500283198
dlinear_ols,id,heave,150,15.0,1,True,434304,0.7221387791091082,,0.46625064808452577,,1.106452908012778,0.5740334802092548,,0.5340640341729596,0.6093842520035437,0.758700750262978,0.9518097601179426,,60300,0.20896544500283198
dlinear_ols,id,pitch,10,1.0,1,True,434304,0.01126999022249063,,0.005683305765179965,,0.8963189522817477,0.9998419036222838,,0.9998062077556423,0.9998737363561261,1.2413165389175655,0.009079062325487197,,60300,0.20896544500283198
dlinear_ols,id,pitch,20,2.0,1,True,434304,0.09506644780165349,,0.05027437263015469,,1.6396866224861668,0.9966385022390216,,0.9959506514896946,0.9972488846983507,1.2413790185919036,0.07658132317194097,,60300,0.20896544500283198
dlinear_ols,id,pitch,30,3.0,1,True,434304,0.2974437627420247,,0.16576448205006927,,2.1223575061775537,0.9803585905315094,,0.9768324208060286,0.9834541822029922,1.2413993725281671,0.23960360325965588,,60300,0.20896544500283198
dlinear_ols,id,pitch,50,5.0,1,True,434304,0.5196120027580922,,0.31837514363381103,,2.2343246831224586,0.9459163763063282,,0.9395323993332224,0.9514941519736289,1.2415168463730468,0.41852996540166226,,60300,0.20896544500283198
dlinear_ols,id,pitch,100,10.0,1,True,434304,1.0475881665464686,,0.6601466994023828,,1.5591545468409598,0.5485570897580685,,0.5344925843136418,0.5624942010980032,1.2411836658196425,0.8440234877363384,,60300,0.20896544500283198
dlinear_ols,id,pitch,150,15.0,1,True,434304,1.2584662683362136,,0.790170755228188,,1.785131912400982,0.5030158584198114,,0.480158154618609,0.5252138675894082,1.2405036351372416,1.0144801133105787,,60300,0.20896544500283198
dlinear_ols,id,roll,10,1.0,1,True,434304,0.008297553206674376,,0.004586665832524498,,1.9446628367671026,0.9999817941289495,,0.9999806329579026,0.9999828506485178,3.682816873957597,0.0022530452886075033,,60300,0.20896544500283198
dlinear_ols,id,roll,20,2.0,1,True,434304,0.08018851212401137,,0.04410832948303025,,3.7444545258092843,0.9995413861255987,,0.999512204913129,0.9995677790774811,3.683691963859013,0.021768517267661647,,60300,0.20896544500283198
dlinear_ols,id,roll,30,3.0,1,True,434304,0.2962260898741397,,0.161781199434051,,5.26736094690192,0.9968372821256506,,0.9966312448204769,0.9970190384556237,3.6845301229084004,0.08039725012217087,,60300,0.20896544500283198
dlinear_ols,id,roll,50,5.0,1,True,434304,0.7695910055638046,,0.4116600553725938,,7.0875605548865055,0.9882096580274211,,0.9874032581293872,0.9889399073045132,3.685983647312865,0.20878850239198632,,60300,0.20896544500283198
dlinear_ols,id,roll,100,10.0,1,True,434304,1.730037650991742,,0.9432260299845894,,3.793711335438843,0.7920386896571421,,0.7816452539333015,0.8008551608099582,3.6900743810329235,0.4688354413353236,,60300,0.20896544500283198
dlinear_ols,id,roll,150,15.0,1,True,434304,2.480360970667412,,1.3532686777309835,,5.251935256462554,0.7769557403323772,,0.7673655044350207,0.785129166818993,3.6937274583324062,0.6715062220067561,,60300,0.20896544500283198
persistence,id,heave,10,1.0,1,True,434304,0.44174333995484594,,0.2931133682116353,,0.44174333995484594,0.0,,0.0,0.0,0.7591945699315659,0.5818578760312588,,0,0.0
persistence,id,heave,20,2.0,1,True,434304,0.8382135080550518,,0.5538148385082536,,0.8382135080550518,0.0,,0.0,0.0,0.7592353662201028,1.1040232651807913,,0,0.0
persistence,id,heave,30,3.0,1,True,434304,1.1513183823181896,,0.7547539654835521,,1.1513183823181896,0.0,,0.0,0.0,0.7592379733777742,1.5164130650579668,,0,0.0
persistence,id,heave,50,5.0,1,True,434304,1.4421558821616272,,0.9156766417437181,,1.4421558821616272,0.0,,0.0,0.0,0.7593097520603712,1.8992985119029056,,0,0.0
persistence,id,heave,100,10.0,1,True,434304,0.8335183990732865,,0.5179159766894691,,0.8335183990732865,0.0,,0.0,0.0,0.7591324816869609,1.0979880576589525,,0,0.0
persistence,id,heave,150,15.0,1,True,434304,1.106452908012778,,0.6986179909274478,,1.106452908012778,0.0,,0.0,0.0,0.758700750262978,1.4583521996376878,,0,0.0
persistence,id,pitch,10,1.0,1,True,434304,0.8963189522817477,,0.566439951063036,,0.8963189522817477,0.0,,0.0,0.0,1.2413165389175655,0.7220712237213422,,0,0.0
persistence,id,pitch,20,2.0,1,True,434304,1.6396866224861668,,1.0364395185752229,,1.6396866224861668,0.0,,0.0,0.0,1.2413790185919036,1.3208589785463456,,0,0.0
persistence,id,pitch,30,3.0,1,True,434304,2.1223575061775537,,1.3392454379687988,,2.1223575061775537,0.0,,0.0,0.0,1.2413993725281671,1.7096492499873548,,0,0.0
persistence,id,pitch,50,5.0,1,True,434304,2.2343246831224586,,1.3769632072350333,,2.2343246831224586,0.0,,0.0,0.0,1.2415168463730468,1.7996732703626126,,0,0.0
persistence,id,pitch,100,10.0,1,True,434304,1.5591545468409598,,0.983825040124923,,1.5591545468409598,0.0,,0.0,0.0,1.2411836658196425,1.2561835848938105,,0,0.0
persistence,id,pitch,150,15.0,1,True,434304,1.785131912400982,,1.1010749908960065,,1.785131912400982,0.0,,0.0,0.0,1.2405036351372416,1.4390380340993407,,0,0.0
persistence,id,roll,10,1.0,1,True,434304,1.9446628367671026,,1.0377724380721711,,1.9446628367671026,0.0,,0.0,0.0,3.682816873957597,0.5280367999067371,,0,0.0
persistence,id,roll,20,2.0,1,True,434304,3.7444545258092843,,1.9893467593938703,,3.7444545258092843,0.0,,0.0,0.0,3.683691963859013,1.0164950171041491,,0,0.0
persistence,id,roll,30,3.0,1,True,434304,5.26736094690192,,2.7778542667166164,,5.26736094690192,0.0,,0.0,0.0,3.6845301229084004,1.4295882436005447,,0,0.0
persistence,id,roll,50,5.0,1,True,434304,7.0875605548865055,,3.6512930748556176,,7.0875605548865055,0.0,,0.0,0.0,3.685983647312865,1.922841019670133,,0,0.0
persistence,id,roll,100,10.0,1,True,434304,3.793711335438843,,1.8813973293221398,,3.793711335438843,0.0,,0.0,0.0,3.6900743810329235,1.0280853293740138,,0,0.0
persistence,id,roll,150,15.0,1,True,434304,5.251935256462554,,2.7772202327352713,,5.251935256462554,0.0,,0.0,0.0,3.6937274583324062,1.4218524013229785,,0,0.0
tcn,id,heave,10,1.0,3,False,434304,0.01908771920287502,0.000982507232063221,0.013309602327104693,0.0008672934435957132,0.44174333995484594,0.998129600036524,0.0001901666848388968,0.9978605337843827,0.9984319738232179,0.7591945699315659,0.025142064971033176,0.001294144177232177,166786,4121.0662034609995
tcn,id,heave,20,2.0,3,False,434304,0.031032940890751915,0.0006101131034289854,0.021358062321645884,0.0007000667601941494,0.8382135080550518,0.9986289652797088,5.363768066835701e-05,0.9985112806517707,0.9987422783580546,0.7592353662201028,0.040873940113263174,0.0008035888876811299,166786,4121.0662034609995
tcn,id,heave,30,3.0,3,False,434304,0.05186599426235011,0.00012917676384802191,0.03413764583787331,0.000176270536344933,1.1513183823181896,0.9979705594501501,1.0115999313600201e-05,0.9978541332559784,0.9980617453145282,0.7592379733777742,0.06831322468185234,0.00017014001983242636,166786,4121.0662034609995
tcn,id,heave,50,5.0,3,False,434304,0.11502367703664469,0.00037360324096396766,0.06822752415335383,0.00025846219279846355,1.4421558821616272,0.9936385936675266,4.1350075331455885e-05,0.9931673790512633,0.9941172921807935,0.7593097520603712,0.15148452489189074,0.0004920300838362886,166786,4121.0662034609995
tcn,id,heave,100,10.0,3,False,434304,0.29648774108245696,0.0006638372222779826,0.1775068427501508,0.0003539114949991008,0.8335183990732865,0.8734726092304818,0.000566538689373522,0.8537791437956365,0.8904692945024226,0.7591324816869609,0.3905612633299465,0.0008744682098212081,166786,4121.0662034609995
tcn,id,heave,150,15.0,3,False,434304,0.4823674717049466,0.000853753367915132,0.30043029450505443,0.0008201732917660722,1.106452908012778,0.8099398511293181,0.000672517308790383,0.802493666051382,0.8176606032721615,0.758700750262978,0.6357809341005004,0.0011252834106453924,166786,4121.0662034609995
tcn,id,pitch,10,1.0,3,False,434304,0.04694389396599772,0.0019315302149071662,0.031757153881284056,0.0008056519185351646,0.8963189522817477,0.9972538582742428,0.00022346463608289047,0.9969272585749115,0.9976548996906767,1.2413165389175655,0.037817826875112,0.0015560335775365339,166786,4121.0662034609995
tcn,id,pitch,20,2.0,3,False,434304,0.09453121418140176,0.0011359340493983566,0.05810397310044676,0.0006619952291768066,1.6396866224861668,0.9966759268659263,8.015417340668543e-05,0.9962216498188267,0.9970677050346276,1.2413790185919036,0.07615016265429436,0.0009150581992974621,166786,4121.0662034609995
tcn,id,pitch,30,3.0,3,False,434304,0.12612939765521433,0.000780754806380832,0.07775761206198706,0.0005807425436153312,2.1223575061775537,0.9964681141883456,4.364629416331329e-05,0.9961655491413419,0.9967972026879101,1.2413993725281671,0.10160259497984599,0.0006289312075217019,166786,4121.0662034609995
tcn,id,pitch,50,5.0,3,False,434304,0.28520347298589527,0.0018308405110291756,0.15564467758304448,0.0018435494470808536,2.2343246831224586,0.9837059522806978,0.00020944108775962256,0.9804959258371592,0.9866705929808367,1.2415168463730468,0.22972179058148542,0.001474680360864836,166786,4121.0662034609995
tcn,id,pitch,100,10.0,3,False,434304,0.6974344405032479,0.0010138036410070395,0.4017426923775487,0.0014906249482974775,1.5591545468409598,0.7999083063704621,0.0005814893513508691,0.7797820494399844,0.8191751298960214,1.2411836658196425,0.5619107467408394,0.0008168038856180118,166786,4121.0662034609995
tcn,id,pitch,150,15.0,3,False,434304,0.9784848671839144,0.001490509359458033,0.5887424168421748,0.002156974770139635,1.785131912400982,0.6995527238840102,0.0009149304358568234,0.6853292251400733,0.7142857655884107,1.2405036351372416,0.7887803303983555,0.001201535664418335,166786,4121.0662034609995
tcn,id,roll,10,1.0,3,False,434304,0.11369232811620007,0.01157340209507123,0.08102428321430091,0.008532056196161618,1.9446628367671026,0.9965583746462462,0.0007139296008395842,0.9947915447498963,0.997488215520051,3.682816873957597,0.030871024003434902,0.0031425407483360174,166786,4121.0662034609995
tcn,id,roll,20,2.0,3,False,434304,0.16127384345627382,0.012725156644434524,0.11417647653670883,0.008746813633006533,3.7444545258092843,0.9981372713795139,0.00029510316125527715,0.9973686209361399,0.998625774010894,3.683691963859013,0.04378049115901763,0.0034544573132829857,166786,4121.0662034609995
tcn,id,roll,30,3.0,3,False,434304,0.18409077824482634,0.003702456467096767,0.12747285365399985,0.0025018701922143328,5.26736094690192,0.9987782143874534,4.8914299166192734e-05,0.9985177537358721,0.998976809324585,3.6845301229084004,0.04996316276538226,0.001004865299940659,166786,4121.0662034609995
tcn,id,roll,50,5.0,3,False,434304,0.21119584409747785,0.002231504016521369,0.14571780565643375,0.0028898271814694113,7.0875605548865055,0.9991120071003925,1.8810129602670892e-05,0.9989329134436005,0.9992315223628037,3.685983647312865,0.0572970105961926,0.0006054025817906687,166786,4121.0662034609995
tcn,id,roll,100,10.0,3,False,434304,0.5275873506106618,0.0005035905196976568,0.33195409311695917,0.00034480815509597496,3.793711335438843,0.9806598228337391,3.692468066661898e-05,0.9777017273495581,0.983118720164469,3.6900743810329235,0.14297471978409818,0.000136471644660097,166786,4121.0662034609995
tcn,id,roll,150,15.0,3,False,434304,0.9998695219714339,0.005199475255723625,0.6047174089001252,0.005140584280068252,5.251935256462554,0.9637543608210479,0.000376433736924349,0.9604310731036073,0.967203375558982,3.6937274583324062,0.2706939083217692,0.0014076499455839813,166786,4121.0662034609995
window_mean,id,heave,10,1.0,1,True,434304,0.8067379415576311,,0.512412559790591,,0.44174333995484594,-2.33522351662287,,-2.458178978627327,-2.204644097227873,0.7591945699315659,1.0626234347676522,,0,0.0
window_mean,id,heave,20,2.0,1,True,434304,0.8300759861119058,,0.5267840285938438,,0.8382135080550518,0.01932209784014849,,-0.015623054271377586,0.05659256405096782,0.7592353662201028,1.0933052160682228,,0,0.0
window_mean,id,heave,30,3.0,1,True,434304,0.8344950691168578,,0.5285658454418716,,1.1513183823181896,0.47464040061923085,,0.45702513024982394,0.4929106658384445,0.7592379733777742,1.0991218805933431,,0,0.0
window_mean,id,heave,50,5.0,1,True,434304,0.7927022123024386,,0.5006232730354992,,1.4421558821616272,0.6978686931954982,,0.6915978254772672,0.70437302453727,0.7593097520603712,1.0439773888738524,,0,0.0
window_mean,id,heave,100,10.0,1,True,434304,0.7312591334768717,,0.47197026081317234,,0.8335183990732865,0.23031641368746636,,0.16251744340234864,0.2856873079400718,0.7591324816869609,0.963282629998721,,0,0.0
window_mean,id,heave,150,15.0,1,True,434304,0.7896312294003149,,0.49963608325763376,,1.106452908012778,0.4906893436825678,,0.46184217114088794,0.5184511643874847,0.758700750262978,1.040767692830956,,0,0.0
window_mean,id,pitch,10,1.0,1,True,434304,1.3063155448695067,,0.8209531764064455,,0.8963189522817477,-1.1240807878543508,,-1.2187911642767641,-1.0343876270738737,1.2413165389175655,1.0523629581288112,,0,0.0
window_mean,id,pitch,20,2.0,1,True,434304,1.3348954536647948,,0.838332894319717,,1.6396866224861668,0.33721480160150297,,0.31031983292936105,0.36267034019785777,1.2413790185919036,1.0753327015136496,,0,0.0
window_mean,id,pitch,30,3.0,1,True,434304,1.3257841358739548,,0.8311854037390853,,2.1223575061775537,0.6097808731771663,,0.596937666725327,0.6223769185466039,1.2413993725281671,1.0679755163513045,,0,0.0
window_mean,id,pitch,50,5.0,1,True,434304,1.243757032777806,,0.7791457294531832,,2.2343246831224586,0.690130713374352,,0.6843662784341507,0.6951364523020974,1.2415168463730468,1.0018043946896924,,0,0.0
window_mean,id,pitch,100,10.0,1,True,434304,1.2418269235570727,,0.7806006988532016,,1.5591545468409598,0.36562828355867194,,0.33535308557828625,0.39708504225794966,1.2411836658196425,1.0005182615233705,,0,0.0
window_mean,id,pitch,150,15.0,1,True,434304,1.2592484253572214,,0.7917052680175867,,1.785131912400982,0.5023978991733826,,0.48296941043722696,0.5199959943509117,1.2405036351372416,1.0151106290131153,,0,0.0
window_mean,id,roll,10,1.0,1,True,434304,4.11515587874688,,2.0999541336155327,,1.9446628367671026,-3.4779985814083254,,-3.539042916679915,-3.4078745606715426,3.682816873957597,1.117393565736731,,0,0.0
window_mean,id,roll,20,2.0,1,True,434304,4.20803454325376,,2.144202126348152,,3.7444545258092843,-0.26293637240687096,,-0.280918873495137,-0.24246984159794358,3.683691963859013,1.142341592222996,,0,0.0
window_mean,id,roll,30,3.0,1,True,434304,4.180459120687446,,2.128860804124394,,5.26736094690192,0.37011422155864127,,0.36137505034515,0.3796199302865947,3.6845301229084004,1.1345976233701087,,0,0.0
window_mean,id,roll,50,5.0,1,True,434304,3.8177565785068985,,1.9503654047389596,,7.0875605548865055,0.7098497805055688,,0.7068127035471251,0.7130312091701784,3.685983647312865,1.0357497329892111,,0,0.0
window_mean,id,roll,100,10.0,1,True,434304,3.4256013416411144,,1.7894984811136367,,3.793711335438843,0.18464812238473027,,0.1486312707503062,0.21822543792521265,3.6900743810329235,0.9283285343105258,,0,0.0
window_mean,id,roll,150,15.0,1,True,434304,4.108069822062995,,2.0842206077805234,,5.251935256462554,0.3881613535715862,,0.3667396065883165,0.40849184809737843,3.6937274583324062,1.11217459014089,,0,0.0
ar20,unseen_seastate,heave,10,1.0,1,True,542880,0.014512778808403981,,0.011055244375381466,,0.7230439858176025,0.9995971237034433,,0.9995632099410061,0.999627235875048,1.3052269451126672,0.011118969664812763,,27450,0.02059546400414547
ar20,unseen_seastate,heave,20,2.0,1,True,542880,0.08022660873754711,,0.06098134109254552,,1.3801185991770855,0.9966208766010631,,0.9963369156381787,0.9968777351122797,1.3051890619407918,0.061467423438449326,,27450,0.02059546400414547
ar20,unseen_seastate,heave,30,3.0,1,True,542880,0.23003177306364955,,0.17518316249973873,,1.9144386984978832,0.9855624758122284,,0.9843610973233117,0.986673702151424,1.3051257868066772,0.17625256920750978,,27450,0.02059546400414547
ar20,unseen_seastate,heave,50,5.0,1,True,542880,0.6841387079008329,,0.5271833997606115,,2.4740805367882084,0.9235353578107942,,0.9180369977385074,0.9285824410962659,1.305196114559555,0.5241654493675066,,27450,0.02059546400414547
ar20,unseen_seastate,heave,100,10.0,1,True,542880,1.2579842828629944,,0.9665493251155246,,1.4729533632755942,0.27058878345792325,,0.25323171546884504,0.2876085333649572,1.3048466130537077,0.9640859471742488,,27450,0.02059546400414547
ar20,unseen_seastate,heave,150,15.0,1,True,542880,1.4473703654715169,,1.1473001998141557,,1.8518455911559912,0.38912857730353323,,0.3530492323644665,0.42199643319963065,1.3047382588874747,1.109318559191835,,27450,0.02059546400414547
ar20,unseen_seastate,pitch,10,1.0,1,True,542880,0.06317228773567694,,0.0465207836581539,,1.2228602601407708,0.9973313012873792,,0.9969501432441543,0.9976535531186326,1.7997766828726487,0.0351000701013899,,27450,0.02059546400414547
ar20,unseen_seastate,pitch,20,2.0,1,True,542880,0.36573029756926223,,0.2688287359305086,,2.2574679499954007,0.9737530591657548,,0.9698216738499075,0.9769543595311585,1.7994950774677116,0.20324051015684122,,27450,0.02059546400414547
ar20,unseen_seastate,pitch,30,3.0,1,True,542880,0.8633279888672034,,0.6331060395261703,,2.9691366291153294,0.9154543482853422,,0.9028315016375021,0.9258712826523445,1.7992884411802126,0.47981633689644454,,27450,0.02059546400414547
ar20,unseen_seastate,pitch,50,5.0,1,True,542880,1.2818458329378928,,0.9842377478660066,,3.3044138255161024,0.8495186319878909,,0.8381941203658587,0.8602416903621375,1.799307264730753,0.7124107472159332,,27450,0.02059546400414547
ar20,unseen_seastate,pitch,100,10.0,1,True,542880,1.8929682044668248,,1.4081850497078183,,2.143658806541388,0.2202142154282154,,0.18536245933389142,0.25358412390615204,1.7986835875269107,1.0524186786346064,,27450,0.02059546400414547
ar20,unseen_seastate,pitch,150,15.0,1,True,542880,1.9429854807865072,,1.4385035297757987,,2.6262925581694643,0.4526653983339889,,0.42997295035287636,0.4733010354485416,1.799090637361259,1.0799819866976241,,27450,0.02059546400414547
ar20,unseen_seastate,roll,10,1.0,1,True,542880,0.05420712159772,,0.0425494589741205,,3.25942469682689,0.9997234136202501,,0.999693663400987,0.9997515821001206,6.257000679431415,0.008663435466119512,,27450,0.02059546400414547
ar20,unseen_seastate,roll,20,2.0,1,True,542880,0.2710519270759063,,0.21250224898950626,,6.285602666698202,0.9981404359148229,,0.9979374523700099,0.9983307883927196,6.258149735730003,0.043311831535185946,,27450,0.02059546400414547
ar20,unseen_seastate,roll,30,3.0,1,True,542880,0.6979239943409348,,0.5456790286674748,,8.864531895835025,0.9938012425267955,,0.9931169091238519,0.9944375515382539,6.258818948538503,0.11151049424490975,,27450,0.02059546400414547
ar20,unseen_seastate,roll,50,5.0,1,True,542880,1.7420702396012775,,1.3552892730265718,,12.020706403631479,0.9789974830795558,,0.9766116612700655,0.9811488133851934,6.25953903317843,0.278306474385335,,27450,0.02059546400414547
ar20,unseen_seastate,roll,100,10.0,1,True,542880,2.3789021649719477,,1.84048857197352,,6.564312783673568,0.8686667686488909,,0.8603475865876065,0.8768288723168867,6.263610691806128,0.3797972578474518,,27450,0.02059546400414547
ar20,unseen_seastate,roll,150,15.0,1,True,542880,3.5498348769667043,,2.707032569156387,,8.758534298487419,0.8357318243183955,,0.825683754722706,0.8446785860806368,6.26746488344986,0.5663908682345477,,27450,0.02059546400414547
damped_persistence,unseen_seastate,heave,10,1.0,1,True,542880,0.9638374406592208,,0.7674106910477356,,0.7230439858176025,-0.7769620349885102,,-0.8074671864982605,-0.7475452481123358,1.3052269451126672,0.7384443328175564,,3,0.11926003300322918
damped_persistence,unseen_seastate,heave,20,2.0,1,True,542880,1.3363203884677333,,1.064668164835046,,1.3801185991770855,0.06246309598994748,,0.04612659173028581,0.07854448788247781,1.3051890619407918,1.0238519670710768,,3,0.11926003300322918
damped_persistence,unseen_seastate,heave,30,3.0,1,True,542880,1.443996996388266,,1.151083107632748,,1.9144386984978832,0.431082031369735,,0.4214564407916586,0.440756783926713,1.3051257868066772,1.1064044638343806,,3,0.11926003300322918
damped_persistence,unseen_seastate,heave,50,5.0,1,True,542880,1.3861382887416847,,1.1054600522451432,,2.4740805367882084,0.6861042363188816,,0.6818920493218812,0.6899426738232619,1.305196114559555,1.0620153349211003,,3,0.11926003300322918
damped_persistence,unseen_seastate,heave,100,10.0,1,True,542880,1.2439390732385744,,0.9907914678213151,,1.4729533632755942,0.28678539752689314,,0.25277942969457917,0.31974861710565283,1.3048466130537077,0.9533220692717341,,3,0.11926003300322918
damped_persistence,unseen_seastate,heave,150,15.0,1,True,542880,1.3681768096494757,,1.0893679385954858,,1.8518455911559912,0.4541479998337129,,0.4366825059729301,0.4709279795622975,1.3047382588874747,1.0486216682387268,,3,0.11926003300322918
damped_persistence,unseen_seastate,pitch,10,1.0,1,True,542880,1.442895898417799,,1.001330848346455,,1.2228602601407708,-0.3922471394896734,,-0.42233910467553876,-0.3626054210810229,1.7997766828726487,0.8017082964508534,,3,0.11926003300322918
damped_persistence,unseen_seastate,pitch,20,2.0,1,True,542880,1.8904986858987152,,1.3143042997727397,,2.2574679499954007,0.2986907401490295,,0.283633325021598,0.3133491918608049,1.7994950774677116,1.0505717462473227,,3,0.11926003300322918
damped_persistence,unseen_seastate,pitch,30,3.0,1,True,542880,1.960022475839276,,1.365019065183326,,2.9691366291153294,0.5642255760106605,,0.555870164001334,0.5725575148021153,1.7992884411802126,1.089331999795226,,3,0.11926003300322918
damped_persistence,unseen_seastate,pitch,50,5.0,1,True,542880,1.8313677769384802,,1.276876374622844,,3.3044138255161024,0.6928416854697886,,0.6897721533910762,0.6953852916671421,1.799307264730753,1.017818253077817,,3,0.11926003300322918
damped_persistence,unseen_seastate,pitch,100,10.0,1,True,542880,1.7830212489308017,,1.2376266645189673,,2.143658806541388,0.3081663005486167,,0.2922784975768469,0.3252572877341573,1.7986835875269107,0.9912923325121102,,3,0.11926003300322918
damped_persistence,unseen_seastate,pitch,150,15.0,1,True,542880,1.836719430604453,,1.2788316916600069,,2.6262925581694643,0.5108980045323461,,0.49925341030345755,0.5214400542594454,1.799090637361259,1.0209154516519436,,3,0.11926003300322918
damped_persistence,unseen_seastate,roll,10,1.0,1,True,542880,4.297271638393294,,2.89722527304217,,3.25942469682689,-0.7382158686852065,,-0.7446533807692122,-0.7318838068642974,6.257000679431415,0.6867941780028375,,3,0.11926003300322918
damped_persistence,unseen_seastate,roll,20,2.0,1,True,542880,6.315573362976991,,4.255783919856134,,6.285602666698202,-0.009559035229988133,,-0.013770399825930424,-0.005457023148484747,6.258149735730003,1.0091758154841097,,3,0.11926003300322918
damped_persistence,unseen_seastate,roll,30,3.0,1,True,542880,7.029968966761358,,4.734591925258732,,8.864531895835025,0.37108029546879007,,0.36815811855993014,0.3739311329484738,6.258818948538503,1.123210149480826,,3,0.11926003300322918
damped_persistence,unseen_seastate,roll,50,5.0,1,True,542880,6.653174161197719,,4.480415910389257,,12.020706403631479,0.6936641642148607,,0.6919036849007394,0.6951434379860485,6.25953903317843,1.0628856415676686,,3,0.11926003300322918
damped_persistence,unseen_seastate,roll,100,10.0,1,True,542880,5.781241441286681,,3.9090480491492317,,6.564312783673568,0.22435377878317198,,0.20929085308111806,0.2403022789056836,6.263610691806128,0.9229886284039861,,3,0.11926003300322918
damped_persistence,unseen_seastate,roll,150,15.0,1,True,542880,7.0077891122376545,,4.711142919273881,,8.758534298487419,0.3598243104320702,,0.350907597670285,0.36854753141558705,6.26746488344986,1.1181217992529526,,3,0.11926003300322918
dlinear_ols,unseen_seastate,heave,10,1.0,1,True,542880,0.01290061477540443,,0.008513157594293844,,0.7230439858176025,0.9996816598783996,,0.9996217818009241,0.9997328758184306,1.3052269451126672,0.009883809726507636,,60300,0.10471203500492265
dlinear_ols,unseen_seastate,heave,20,2.0,1,True,542880,0.1219509627652288,,0.08015590991061435,,1.3801185991770855,0.992192038752115,,0.9907081565494692,0.9934499747454579,1.3051890619407918,0.09343547714374038,,60300,0.10471203500492265
dlinear_ols,unseen_seastate,heave,30,3.0,1,True,542880,0.43541576215279343,,0.2846253304576712,,1.9144386984978832,0.948272038498684,,0.9384945997136983,0.9566325891058449,1.3051257868066772,0.33361976795979875,,60300,0.10471203500492265
dlinear_ols,unseen_seastate,heave,50,5.0,1,True,542880,0.9564856488786049,,0.6134999463752964,,2.4740805367882084,0.8505385294469222,,0.8216137761104869,0.8743134560248024,1.305196114559555,0.7328290654629904,,60300,0.10471203500492265
dlinear_ols,unseen_seastate,heave,100,10.0,1,True,542880,1.5644659939102377,,1.0534184342026673,,1.4729533632755942,-0.1281173076012001,,-0.264297286862651,0.0010150714121912696,1.3048466130537077,1.1989654402742003,,60300,0.10471203500492265
dlinear_ols,unseen_seastate,heave,150,15.0,1,True,542880,1.803763441285019,,1.2860381386156878,,1.8518455911559912,0.0512547448237779,,-0.11107468533233941,0.18526484755837716,1.3047382588874747,1.3824714872874606,,60300,0.10471203500492265
dlinear_ols,unseen_seastate,pitch,10,1.0,1,True,542880,0.01584390568039285,,0.009522745504312579,,1.2228602601407708,0.9998321308724913,,0.9998101664719314,0.9998535508274418,1.7997766828726487,0.00880326199976331,,60300,0.10471203500492265
dlinear_ols,unseen_seastate,pitch,20,2.0,1,True,542880,0.13726145450098215,,0.08398392798668869,,2.2574679499954007,0.9963029612141588,,0.9958027670002451,0.9967670638134107,1.7994950774677116,0.0762777604783112,,60300,0.10471203500492265
dlinear_ols,unseen_seastate,pitch,30,3.0,1,True,542880,0.44608316449892377,,0.2748061433797596,,2.9691366291153294,0.977427934573039,,0.9739400938733008,0.9804792034518064,1.7992884411802126,0.2479219864305487,,60300,0.10471203500492265
dlinear_ols,unseen_seastate,pitch,50,5.0,1,True,542880,0.8521083343603099,,0.5070944057656819,,3.3044138255161024,0.9335031971420654,,0.9210125106236597,0.9440638762262487,1.799307264730753,0.47357577611282453,,60300,0.10471203500492265
dlinear_ols,unseen_seastate,pitch,100,10.0,1,True,542880,1.6415661847647827,,1.0667341846790186,,2.143658806541388,0.4135844610935978,,0.35469806285695743,0.4652386782505551,1.7986835875269107,0.9126486704767481,,60300,0.10471203500492265
dlinear_ols,unseen_seastate,pitch,150,15.0,1,True,542880,1.9994947273955963,,1.3385225142530162,,2.6262925581694643,0.4203653752354425,,0.351575124654736,0.4767536296033525,1.799090637361259,1.1113918809161676,,60300,0.10471203500492265
dlinear_ols,unseen_seastate,roll,10,1.0,1,True,542880,0.026056088197646623,,0.016298487135392038,,3.25942469682689,0.9999360947515799,,0.9999276035156536,0.999943535364099,6.257000679431415,0.00416430963213742,,60300,0.10471203500492265
dlinear_ols,unseen_seastate,roll,20,2.0,1,True,542880,0.24409283425971112,,0.15219934286266174,,6.285602666698202,0.9984919483658218,,0.9982898916379523,0.9986697778380902,6.258149735730003,0.03900399392269225,,60300,0.10471203500492265
dlinear_ols,unseen_seastate,roll,30,3.0,1,True,542880,0.860445032355409,,0.5340955524106021,,8.864531895835025,0.9905781833361927,,0.9893001903921297,0.9917083742359619,6.258818948538503,0.13747722045168467,,60300,0.10471203500492265
dlinear_ols,unseen_seastate,roll,50,5.0,1,True,542880,1.78714996916149,,1.0916439506186733,,12.020706403631479,0.9778964507294854,,0.974750955622471,0.9807220358744008,6.25953903317843,0.28550823945481846,,60300,0.10471203500492265
dlinear_ols,unseen_seastate,roll,100,10.0,1,True,542880,3.259598000218513,,2.080868550792663,,6.564312783673568,0.7534247102472184,,0.7308993216171927,0.7746007391511989,6.263610691806128,0.5204023941785884,,60300,0.10471203500492265
dlinear_ols,unseen_seastate,roll,150,15.0,1,True,542880,4.457823251667057,,2.939215217416659,,8.758534298487419,0.7409504630963893,,0.7185613566345666,0.7596382194098605,6.26746488344986,0.7112641769144298,,60300,0.10471203500492265
persistence,unseen_seastate,heave,10,1.0,1,True,542880,0.7230439858176025,,0.5712743009310001,,0.7230439858176025,0.0,,0.0,0.0,1.3052269451126672,0.55396035802432,,0,0.0
persistence,unseen_seastate,heave,20,2.0,1,True,542880,1.3801185991770855,,1.0918195939097475,,1.3801185991770855,0.0,,0.0,0.0,1.3051890619407918,1.0574089527879393,,0,0.0
persistence,unseen_seastate,heave,30,3.0,1,True,542880,1.9144386984978832,,1.51744534683208,,1.9144386984978832,0.0,,0.0,0.0,1.3051257868066772,1.4668614457324034,,0,0.0
persistence,unseen_seastate,heave,50,5.0,1,True,542880,2.4740805367882084,,1.9693943985942917,,2.4740805367882084,0.0,,0.0,0.0,1.305196114559555,1.8955622907467047,,0,0.0
persistence,unseen_seastate,heave,100,10.0,1,True,542880,1.4729533632755942,,1.1539622440328934,,1.4729533632755942,0.0,,0.0,0.0,1.3048466130537077,1.1288325758293303,,0,0.0
persistence,unseen_seastate,heave,150,15.0,1,True,542880,1.8518455911559912,,1.4423738447332608,,1.8518455911559912,0.0,,0.0,0.0,1.3047382588874747,1.4193234378939914,,0,0.0
persistence,unseen_seastate,pitch,10,1.0,1,True,542880,1.2228602601407708,,0.8340560525168472,,1.2228602601407708,0.0,,0.0,0.0,1.7997766828726487,0.6794511073390208,,0,0.0
persistence,unseen_seastate,pitch,20,2.0,1,True,542880,2.2574679499954007,,1.5455689613890495,,2.2574679499954007,0.0,,0.0,0.0,1.7994950774677116,1.2545007642766983,,0,0.0
persistence,unseen_seastate,pitch,30,3.0,1,True,542880,2.9691366291153294,,2.044096156371395,,2.9691366291153294,0.0,,0.0,0.0,1.7992884411802126,1.6501726800222063,,0,0.0
persistence,unseen_seastate,pitch,50,5.0,1,True,542880,3.3044138255161024,,2.3007986933383573,,3.3044138255161024,0.0,,0.0,0.0,1.799307264730753,1.836492238033937,,0,0.0
persistence,unseen_seastate,pitch,100,10.0,1,True,542880,2.143658806541388,,1.4905784320988573,,2.143658806541388,0.0,,0.0,0.0,1.7986835875269107,1.1917931655165648,,0,0.0
persistence,unseen_seastate,pitch,150,15.0,1,True,542880,2.6262925581694643,,1.8038630675540164,,2.6262925581694643,0.0,,0.0,0.0,1.799090637361259,1.459788908701937,,0,0.0
persistence,unseen_seastate,roll,10,1.0,1,True,542880,3.25942469682689,,2.2059932548438312,,3.25942469682689,0.0,,0.0,0.0,6.257000679431415,0.5209244594685069,,0,0.0
persistence,unseen_seastate,roll,20,2.0,1,True,542880,6.285602666698202,,4.252477207635494,,6.285602666698202,0.0,,0.0,0.0,6.258149735730003,1.0043867488199365,,0,0.0
persistence,unseen_seastate,roll,30,3.0,1,True,542880,8.864531895835025,,5.993430301650117,,8.864531895835025,0.0,,0.0,0.0,6.258818948538503,1.4163266214794379,,0,0.0
persistence,unseen_seastate,roll,50,5.0,1,True,542880,12.020706403631479,,8.110495020546795,,12.020706403631479,0.0,,0.0,0.0,6.25953903317843,1.9203820504858613,,0,0.0
persistence,unseen_seastate,roll,100,10.0,1,True,542880,6.564312783673568,,4.3804521297379875,,6.564312783673568,0.0,,0.0,0.0,6.263610691806128,1.048007787626522,,0,0.0
persistence,unseen_seastate,roll,150,15.0,1,True,542880,8.758534298487419,,5.946180365109693,,8.758534298487419,0.0,,0.0,0.0,6.26746488344986,1.3974604503354433,,0,0.0
tcn,unseen_seastate,heave,10,1.0,3,False,542880,0.055040522135623875,0.006364296097906461,0.04096600419131887,0.004596272962506168,0.7230439858176025,0.9941535861669655,0.0013740497347470653,0.9923923113425572,0.9953396478667127,1.3052269451126672,0.042169311889950885,0.004876007288799184,166786,3873.1404204126643
tcn,unseen_seastate,heave,20,2.0,3,False,542880,0.10629688786419063,0.0003267363984804277,0.07930290806225011,0.0003410950586393411,1.3801185991770855,0.994067865117907,3.645087970782163e-05,0.9938713114037663,0.994265142249365,1.3051890619407918,0.08144175504055264,0.00025033645163603926,166786,3873.1404204126643
tcn,unseen_seastate,heave,30,3.0,3,False,542880,0.1954089529118884,0.0028770267307560086,0.1493073243316063,0.0014387094645450021,1.9144386984978832,0.9895799754327385,0.0003067906096590344,0.9889972661752483,0.9901132144069017,1.3051257868066772,0.149724229562582,0.0022044057054419128,166786,3873.1404204126643
tcn,unseen_seastate,heave,50,5.0,3,False,542880,0.4183481371056044,0.0066779139213736126,0.32507969756000604,0.004833075266761297,2.4740805367882084,0.9714029140737642,0.0009105057811377219,0.9697027088444936,0.9732628204415543,1.305196114559555,0.32052511683026125,0.005116406528399058,166786,3873.1404204126643
tcn,unseen_seastate,heave,100,10.0,3,False,542880,1.0629065243851175,0.008259898515222039,0.8067896847448696,0.005949072517884528,1.4729533632755942,0.47924957023178677,0.008085777131212142,0.4363162064827142,0.5254243879387136,1.3048466130537077,0.8145835025755384,0.0063301681842064,166786,3873.1404204126643
tcn,unseen_seastate,heave,150,15.0,3,False,542880,1.5642730990096212,0.014651251448850934,1.1982970244497475,0.009543924185093894,1.8518455911559912,0.2864227296482614,0.013330801444639441,0.2423554771560514,0.33469753637449423,1.3047382588874747,1.198917168523476,0.011229264834575835,166786,3873.1404204126643
tcn,unseen_seastate,pitch,10,1.0,3,False,542880,0.1765649271587351,0.017022121102082663,0.1291724713320502,0.01143772508965319,1.2228602601407708,0.9790232646267015,0.003908778523435284,0.9750141898009542,0.9843507801848049,1.7997766828726487,0.09810379745386931,0.009457907341544964,166786,3873.1404204126643
tcn,unseen_seastate,pitch,20,2.0,3,False,542880,0.3783697742601572,0.012695983022512854,0.2745787546448442,0.012183783624166722,2.2574679499954007,0.9718864593561314,0.0018716464854441775,0.9691536773303824,0.9751679939322645,1.7994950774677116,0.21026441194415899,0.007055303002205988,166786,3873.1404204126643
tcn,unseen_seastate,pitch,30,3.0,3,False,542880,0.5048911886628886,0.018935639390747275,0.37332036483278935,0.013717783365609745,2.9691366291153294,0.9710570847318903,0.0021640889460472225,0.9672748961045776,0.9742423689958787,1.7992884411802126,0.28060603131075185,0.010523959892904514,166786,3873.1404204126643
tcn,unseen_seastate,pitch,50,5.0,3,False,542880,1.0507879778846367,0.05016791062437289,0.6766172672366907,0.03196865744342274,3.3044138255161024,0.8987253421727762,0.009532490414106325,0.8807778029043503,0.9182227986305588,1.799307264730753,0.5839958513377512,0.02788179184719738,166786,3873.1404204126643
tcn,unseen_seastate,pitch,100,10.0,3,False,542880,2.0332468108217876,0.02900571018565205,1.3979143969028345,0.02492206295585701,2.143658806541388,0.1002376985563727,0.025566962667183224,0.032818720087358935,0.17851550346468423,1.7986835875269107,1.1304082746523463,0.0161260770859278,166786,3873.1404204126643
tcn,unseen_seastate,pitch,150,15.0,3,False,542880,2.574749355334529,0.028559947383414205,1.8051620876356702,0.0335167975772153,2.6262925581694643,0.038787672041230646,0.02136420227123316,-0.03132514356129086,0.10488152484304274,1.799090637361259,1.4311393222027629,0.015874657335387735,166786,3873.1404204126643
tcn,unseen_seastate,roll,10,1.0,3,False,542880,0.30932312053409516,0.04674345606371945,0.22764268217272154,0.03326502094282338,3.25942469682689,0.9908566637715336,0.002794796939233549,0.9863073476479752,0.9937323976828142,6.257000679431415,0.04943632522702618,0.007470585102759986,166786,3873.1404204126643
tcn,unseen_seastate,roll,20,2.0,3,False,542880,0.5095775345561409,0.04648309263042351,0.3790968124337187,0.034742164317460134,6.285602666698202,0.9933910999620762,0.001230342089132052,0.9912150851066951,0.9946097560464023,6.258149735730003,0.08142622916910752,0.0074276095321009995,166786,3873.1404204126643
tcn,unseen_seastate,roll,30,3.0,3,False,542880,0.6806374678624989,0.0053158242725176805,0.5024570193049478,0.005559767024065593,8.864531895835025,0.9941042677630523,9.188132570325966e-05,0.9936234285985321,0.99452231833516,6.258818948538503,0.10874854720337207,0.0008493334471288643,166786,3873.1404204126643
tcn,unseen_seastate,roll,50,5.0,3,False,542880,0.7069538335287131,0.02284161275022169,0.5137811048926902,0.019779200216526484,12.020706403631479,0.9965388193165184,0.00022297216419159705,0.9959811158274283,0.9970832894834846,6.25953903317843,0.11294023885489542,0.003649088635624869,166786,3873.1404204126643
tcn,unseen_seastate,roll,100,10.0,3,False,542880,1.7603888562762713,0.04677259087685414,1.3268880241090164,0.04217528085159339,6.564312783673568,0.9280479735901016,0.0038326534950645203,0.9198908611398556,0.9350635944046669,6.263610691806128,0.2810501710425842,0.007467352806272052,166786,3873.1404204126643
tcn,unseen_seastate,roll,150,15.0,3,False,542880,2.9638852681141468,0.04304592755005799,2.2113731568560406,0.03745571852449795,8.758534298487419,0.8854695484927569,0.0033393528634036995,0.8764594366840328,0.891848917660321,6.26746488344986,0.4729001794554463,0.006868156160511849,166786,3873.1404204126643
window_mean,unseen_seastate,heave,10,1.0,1,True,542880,1.3946028532381247,,1.1108873302690976,,0.7230439858176025,-2.720246036516437,,-2.798575361510748,-2.6423451976616703,1.3052269451126672,1.0684753777571934,,0,0.0
window_mean,unseen_seastate,heave,20,2.0,1,True,542880,1.4362641778690983,,1.1445170312228883,,1.3801185991770855,-0.08301841259252751,,-0.1054850457095089,-0.06092075245032439,1.3051890619407918,1.100426152616848,,0,0.0
window_mean,unseen_seastate,heave,30,3.0,1,True,542880,1.4456269451513808,,1.1524493100009967,,1.9144386984978832,0.4297969449014116,,0.41898255636195547,0.440622861827019,1.3051257868066772,1.10765334634026,,0,0.0
window_mean,unseen_seastate,heave,50,5.0,1,True,542880,1.3753049583944825,,1.0967958340133066,,2.4740805367882084,0.6909915525766708,,0.6867157344874644,0.6948900795211501,1.305196114559555,1.0537151796981759,,0,0.0
window_mean,unseen_seastate,heave,100,10.0,1,True,542880,1.2440057709422736,,0.990842420402492,,1.4729533632755942,0.2867089129907052,,0.25269346488923866,0.31968293176129386,1.3048466130537077,0.9533731846312192,,0,0.0
window_mean,unseen_seastate,heave,150,15.0,1,True,542880,1.3681769431506676,,1.0893680570304116,,1.8518455911559912,0.45414789330962113,,0.4366823415886387,0.47092792830978014,1.3047382588874747,1.048621770559013,,0,0.0
window_mean,unseen_seastate,pitch,10,1.0,1,True,542880,1.8986577495757608,,1.321250037334401,,1.2228602601407708,-1.4106808001695277,,-1.4804128979801863,-1.3432082272557857,1.7997766828726487,1.0549407421732382,,0,0.0
window_mean,unseen_seastate,pitch,20,2.0,1,True,542880,1.943162422967398,,1.3531710820414198,,2.2574679499954007,0.2590736834967171,,0.23979976351158053,0.27781206104421474,1.7994950774677116,1.0798375873869341,,0,0.0
window_mean,unseen_seastate,pitch,30,3.0,1,True,542880,1.93677521694929,,1.349658269048049,,2.9691366291153294,0.5745014612642354,,0.5654666415151989,0.5835804886256287,1.7992884411802126,1.0764117484570153,,0,0.0
window_mean,unseen_seastate,pitch,50,5.0,1,True,542880,1.8241105971218372,,1.2718207274599491,,3.3044138255161024,0.6952712209283369,,0.6921848627545707,0.6978326908518739,1.799307264730753,1.0137849342784684,,0,0.0
window_mean,unseen_seastate,pitch,100,10.0,1,True,542880,1.7830412029548364,,1.237640133584374,,2.143658806541388,0.30815081565911107,,0.2922619659495811,0.32524294519319563,1.7986835875269107,0.9913034261942748,,0,0.0
window_mean,unseen_seastate,pitch,150,15.0,1,True,542880,1.8367194163044058,,1.278831684971606,,2.6262925581694643,0.510898012148296,,0.4992534126478573,0.5214400663782679,1.799090637361259,1.0209154437034575,,0,0.0
window_mean,unseen_seastate,roll,10,1.0,1,True,542880,7.018108737628716,,4.725985939852176,,3.25942469682689,-3.6361585721576795,,-3.6562380283890863,-3.6159471295907726,6.257000679431415,1.121641038125389,,0,0.0
window_mean,unseen_seastate,roll,20,2.0,1,True,542880,7.179845092431534,,4.832400198506001,,6.285602666698202,-0.304777021787743,,-0.31134052929638545,-0.29849840561825736,6.258149735730003,1.1472792112082657,,0,0.0
window_mean,unseen_seastate,roll,30,3.0,1,True,542880,7.13182252411556,,4.79911198688446,,8.864531895835025,0.35272409535263494,,0.34916132548421613,0.35621700429701425,6.258818948538503,1.1394837560816347,,0,0.0
window_mean,unseen_seastate,roll,50,5.0,1,True,542880,6.499464666220951,,4.375934301043531,,12.020706403631479,0.7076553205777212,,0.7058306410904807,0.7091915847092916,6.25953903317843,1.038329600913231,,0,0.0
window_mean,unseen_seastate,roll,100,10.0,1,True,542880,5.784750613938083,,3.911451496184658,,6.564312783673568,0.22341186946691183,,0.20831082165179288,0.23940080864399066,6.263610691806128,0.9235488759710951,,0,0.0
window_mean,unseen_seastate,roll,150,15.0,1,True,542880,7.007837108253422,,4.7111723076681065,,8.758534298487419,0.3598155413360776,,0.3508982374778407,0.36853936702986323,6.26746488344986,1.1181294572162057,,0,0.0
