regime,model_a,model_b,seed,dof,horizon_samples,horizon_s,skill_diff,ci_lo,ci_hi,n_realizations,n_boot,ci_level,bootstrap_seed
id,tcn,ar20,0,roll,10,1.0,-0.002729440503794343,-0.003267710930661487,-0.0023400857485867507,384,1000,0.95,0
id,tcn,ar20,0,roll,20,2.0,-0.0003794848143424992,-0.0005018171491354365,-0.0002743430778930015,384,1000,0.95,0
id,tcn,ar20,0,roll,30,3.0,0.002657710615610406,0.0022920097869802134,0.003182048650641192,384,1000,0.95,0
id,tcn,ar20,0,roll,50,5.0,0.010856063261798362,0.009496263330484723,0.012727205671906144,384,1000,0.95,0
id,tcn,ar20,0,roll,100,10.0,0.08493529267780099,0.0742428572322871,0.09955080505281046,384,1000,0.95,0
id,tcn,ar20,0,roll,150,15.0,0.08016293633563189,0.07062756243790153,0.09179150279374675,384,1000,0.95,0
id,tcn,ar20,0,pitch,10,1.0,-0.001124789555356434,-0.001271275338235133,-0.0009713755619747654,384,1000,0.95,0
id,tcn,ar20,0,pitch,20,2.0,0.010108758781589454,0.00871925306769508,0.011639177940467546,384,1000,0.95,0
id,tcn,ar20,0,pitch,30,3.0,0.03987910256072806,0.03581276869057471,0.044354450307397264,384,1000,0.95,0
id,tcn,ar20,0,pitch,50,5.0,0.07254930261358937,0.06560827355724103,0.08109707625847215,384,1000,0.95,0
id,tcn,ar20,0,pitch,100,10.0,0.28496869911347666,0.26434383954105845,0.30510644747092003,384,1000,0.95,0
id,tcn,ar20,0,pitch,150,15.0,0.17867101221766918,0.15930270732195187,0.20008133777384432,384,1000,0.95,0
id,tcn,ar20,0,heave,10,1.0,-0.0013286558508904726,-0.001394902125081901,-0.0012618681353268415,384,1000,0.95,0
id,tcn,ar20,0,heave,20,2.0,0.00126991111578199,0.0010578587928522796,0.0015111479245757387,384,1000,0.95,0
id,tcn,ar20,0,heave,30,3.0,0.00780565345040638,0.006894443653990317,0.008812971940513382,384,1000,0.95,0
id,tcn,ar20,0,heave,50,5.0,0.035603681435878144,0.031892995603405236,0.03950091995271319,384,1000,0.95,0
id,tcn,ar20,0,heave,100,10.0,0.28473838816223085,0.2580013804954312,0.31313650319390096,384,1000,0.95,0
id,tcn,ar20,0,heave,150,15.0,0.1821219386777661,0.1588926600992106,0.20662165472325894,384,1000,0.95,0
id,tcn,ar20,1,roll,10,1.0,-0.0029452308433368835,-0.003587581403189206,-0.002496280156531846,384,1000,0.95,0
id,tcn,ar20,1,roll,20,2.0,-0.0006011924812577707,-0.0007624135012444794,-0.0004696561129132062,384,1000,0.95,0
id,tcn,ar20,1,roll,30,3.0,0.0025868439137742565,0.0022318438935978275,0.0031016581340554666,384,1000,0.95,0
id,tcn,ar20,1,roll,50,5.0,0.01084832731143748,0.009490637326970983,0.012705790900339672,384,1000,0.95,0
id,tcn,ar20,1,roll,100,10.0,0.08490655634324462,0.07422220550351802,0.09962613073650801,384,1000,0.95,0
id,tcn,ar20,1,roll,150,15.0,0.07956410192256763,0.07004896933406371,0.09103112414270936,384,1000,0.95,0
id,tcn,ar20,1,pitch,10,1.0,-0.0014615243409586926,-0.00163442453067304,-0.0012814596000753544,384,1000,0.95,0
id,tcn,ar20,1,pitch,20,2.0,0.010101417193786318,0.00871010035099299,0.011643058132548833,384,1000,0.95,0
id,tcn,ar20,1,pitch,30,3.0,0.03980315726518526,0.03574765302582445,0.044246821275241294,384,1000,0.95,0
id,tcn,ar20,1,pitch,50,5.0,0.07214193762515053,0.06525038577941993,0.08058777511132911,384,1000,0.95,0
id,tcn,ar20,1,pitch,100,10.0,0.2838915695726988,0.26302498717710815,0.3040905147703001,384,1000,0.95,0
id,tcn,ar20,1,pitch,150,15.0,0.17711681553316191,0.15785586645026692,0.19793759638449032,384,1000,0.95,0
id,tcn,ar20,1,heave,10,1.0,-0.0016964660089118873,-0.0017838497458137514,-0.0016105114477627087,384,1000,0.95,0
id,tcn,ar20,1,heave,20,2.0,0.0011889203731589575,0.0009950980871826515,0.00142205042822344,384,1000,0.95,0
id,tcn,ar20,1,heave,30,3.0,0.007787357027111069,0.006896904290026135,0.008774402009610018,384,1000,0.95,0
id,tcn,ar20,1,heave,50,5.0,0.03558097160513561,0.03187911000862127,0.03946429950581706,384,1000,0.95,0
id,tcn,ar20,1,heave,100,10.0,0.2841281032589721,0.2574878829601217,0.3124297244035538,384,1000,0.95,0
id,tcn,ar20,1,heave,150,15.0,0.18114149041707053,0.15752046244192994,0.2055371548406351,384,1000,0.95,0
id,tcn,ar20,2,roll,10,1.0,-0.004059694999576268,-0.004963365416938971,-0.003439385378014926,384,1000,0.95,0
id,tcn,ar20,2,roll,20,2.0,-0.0009640388801959687,-0.0012084437927633858,-0.0007778321356311611,384,1000,0.95,0
id,tcn,ar20,2,roll,30,3.0,0.0025638712811213997,0.0022097030052190825,0.003063267877502481,384,1000,0.95,0
id,tcn,ar20,2,roll,50,5.0,0.01082031144696495,0.00945540899890168,0.012674392638664794,384,1000,0.95,0
id,tcn,ar20,2,roll,100,10.0,0.08486200962756266,0.07420582852759526,0.09964816924407797,384,1000,0.95,0
id,tcn,ar20,2,roll,150,15.0,0.07946835449988542,0.07006491265117376,0.09092621159723337,384,1000,0.95,0
id,tcn,ar20,2,pitch,10,1.0,-0.0015476497650759261,-0.0017213760633028002,-0.001360133237704393,384,1000,0.95,0
id,tcn,ar20,2,pitch,20,2.0,0.009966402550961649,0.008587652343128369,0.011524240208143181,384,1000,0.95,0
id,tcn,ar20,2,pitch,30,3.0,0.03980385752309145,0.035731967788076045,0.044259342478890004,384,1000,0.95,0
id,tcn,ar20,2,pitch,50,5.0,0.07243010107800249,0.0655073539867855,0.08092316774979046,384,1000,0.95,0
id,tcn,ar20,2,pitch,100,10.0,0.28405035340426815,0.26333234016527984,0.30417125220787533,384,1000,0.95,0
id,tcn,ar20,2,pitch,150,15.0,0.17705746447062665,0.15786304610675597,0.19780431741831378,384,1000,0.95,0
id,tcn,ar20,2,heave,10,1.0,-0.0015963873565819373,-0.0016927182413085861,-0.0015077548780640193,384,1000,0.95,0
id,tcn,ar20,2,heave,20,2.0,0.0011684946720121195,0.0009636559974866103,0.0014057470912394827,384,1000,0.95,0
id,tcn,ar20,2,heave,30,3.0,0.0078039839416734905,0.0069000817840079364,0.008823520653223125,384,1000,0.95,0
id,tcn,ar20,2,heave,50,5.0,0.035523459373909404,0.03183494348132874,0.03937841403557408,384,1000,0.95,0
id,tcn,ar20,2,heave,100,10.0,0.28360646731688766,0.25688624595323056,0.3119966934474457,384,1000,0.95,0
id,tcn,ar20,2,heave,150,15.0,0.18083429401975304,0.15732949409607275,0.2053133656878382,384,1000,0.95,0
id,tcn,dlinear_ols,0,roll,10,1.0,-0.0029080712042619233,-0.0034818632365442664,-0.002493816132993014,384,1000,0.95,0
id,tcn,dlinear_ols,0,roll,20,2.0,-0.0011353608351618227,-0.0014381835683334265,-0.0009211619280869884,384,1000,0.95,0
id,tcn,dlinear_ols,0,roll,30,3.0,0.0019958342739112324,0.001768924138012876,0.002194588817404231,384,1000,0.95,0
id,tcn,dlinear_ols,0,roll,50,5.0,0.010916844994702808,0.010208216719748343,0.011662706314735672,384,1000,0.95,0
id,tcn,dlinear_ols,0,roll,100,10.0,0.18865513963819525,0.18144634472095658,0.19744254355059626,384,1000,0.95,0
id,tcn,dlinear_ols,0,roll,150,15.0,0.1872297592382742,0.1788432355093011,0.19622207708568806,384,1000,0.95,0
id,tcn,dlinear_ols,0,pitch,10,1.0,-0.002334847016266914,-0.0024867322376130566,-0.002193927936451336,384,1000,0.95,0
id,tcn,dlinear_ols,0,pitch,20,2.0,8.732389971490957e-05,-0.00044390365072842454,0.0006695330675045985,384,1000,0.95,0
id,tcn,dlinear_ols,0,pitch,30,3.0,0.0161599204345627,0.013158246261938705,0.019641014341561697,384,1000,0.95,0
id,tcn,dlinear_ols,0,pitch,50,5.0,0.037965098149044856,0.0337822862237773,0.04319990704389805,384,1000,0.95,0
id,tcn,dlinear_ols,0,pitch,100,10.0,0.25201637502905555,0.23757396913632145,0.26680135293292734,384,1000,0.95,0
id,tcn,dlinear_ols,0,pitch,150,15.0,0.19759278027471538,0.17924561257465407,0.21804231842389318,384,1000,0.95,0
id,tcn,dlinear_ols,0,heave,10,1.0,-0.0016114591704619085,-0.0017103579023063993,-0.0015254307282891611,384,1000,0.95,0
id,tcn,dlinear_ols,0,heave,20,2.0,-8.854324079635047e-05,-0.0003030105954737792,0.0001445924697376328,384,1000,0.95,0
id,tcn,dlinear_ols,0,heave,30,3.0,0.006820943553508064,0.005114779401277563,0.008656774040774366,384,1000,0.95,0
id,tcn,dlinear_ols,0,heave,50,5.0,0.03229541281704601,0.024133370589539113,0.04113922601645122,384,1000,0.95,0
id,tcn,dlinear_ols,0,heave,100,10.0,0.33541278079972686,0.28587848720210224,0.3832152019573718,384,1000,0.95,0
id,tcn,dlinear_ols,0,heave,150,15.0,0.2366624018929658,0.2013803030448465,0.2761234996462329,384,1000,0.95,0
id,tcn,dlinear_ols,1,roll,10,1.0,-0.0031238615438044636,-0.003798038309088708,-0.002651966562114195,384,1000,0.95,0
id,tcn,dlinear_ols,1,roll,20,2.0,-0.0013570685020770942,-0.0017134935942335686,-0.001101675523972453,384,1000,0.95,0
id,tcn,dlinear_ols,1,roll,30,3.0,0.001924967572075083,0.001688956067883842,0.0021367450889885338,384,1000,0.95,0
id,tcn,dlinear_ols,1,roll,50,5.0,0.010909109044341926,0.010210730716586403,0.011649433980247642,384,1000,0.95,0
id,tcn,dlinear_ols,1,roll,100,10.0,0.1886264033036389,0.18143030043163355,0.197311628489598,384,1000,0.95,0
id,tcn,dlinear_ols,1,roll,150,15.0,0.18663092482520993,0.17829374047511606,0.19547561449152556,384,1000,0.95,0
id,tcn,dlinear_ols,1,pitch,10,1.0,-0.0026715818018691728,-0.0028792229762391658,-0.0024730797483525965,384,1000,0.95,0
id,tcn,dlinear_ols,1,pitch,20,2.0,7.998231191177456e-05,-0.0004536075623280149,0.000650880816313926,384,1000,0.95,0
id,tcn,dlinear_ols,1,pitch,30,3.0,0.016083975139019893,0.013095873437289813,0.019497971718302105,384,1000,0.95,0
id,tcn,dlinear_ols,1,pitch,50,5.0,0.03755773316060601,0.03341964986957974,0.042723974800353615,384,1000,0.95,0
id,tcn,dlinear_ols,1,pitch,100,10.0,0.2509392454882777,0.23630904520472187,0.26571661976397715,384,1000,0.95,0
id,tcn,dlinear_ols,1,pitch,150,15.0,0.19603858359020812,0.17772528405475066,0.21653330912939855,384,1000,0.95,0
id,tcn,dlinear_ols,1,heave,10,1.0,-0.0019792693284833235,-0.0020884736073593364,-0.0018818232131866896,384,1000,0.95,0
id,tcn,dlinear_ols,1,heave,20,2.0,-0.00016953398341938293,-0.00038626569339130905,6.416019374276246e-05,384,1000,0.95,0
id,tcn,dlinear_ols,1,heave,30,3.0,0.006802647130212754,0.005116703605040565,0.008626024271071005,384,1000,0.95,0
id,tcn,dlinear_ols,1,heave,50,5.0,0.03227270298630348,0.024169586314193615,0.04110333297482166,384,1000,0.95,0
id,tcn,dlinear_ols,1,heave,100,10.0,0.33480249589646827,0.28511549414889886,0.38259962158480865,384,1000,0.95,0
id,tcn,dlinear_ols,1,heave,150,15.0,0.23568195363227026,0.20037074421110007,0.2750557770676648,384,1000,0.95,0
id,tcn,dlinear_ols,2,roll,10,1.0,-0.004238325700043848,-0.005188435970482297,-0.0035853107020712054,384,1000,0.95,0
id,tcn,dlinear_ols,2,roll,20,2.0,-0.0017199149010152924,-0.002157120271680064,-0.0014169868878805346,384,1000,0.95,0
id,tcn,dlinear_ols,2,roll,30,3.0,0.0019019949394222262,0.0016492945658906541,0.0021185944504653787,384,1000,0.95,0
id,tcn,dlinear_ols,2,roll,50,5.0,0.010881093179869397,0.010171986602224832,0.01162561792533358,384,1000,0.95,0
id,tcn,dlinear_ols,2,roll,100,10.0,0.1885818565879569,0.18141913155887615,0.1973471616024248,384,1000,0.95,0
id,tcn,dlinear_ols,2,roll,150,15.0,0.18653517740252773,0.17832469407722476,0.1954422580859359,384,1000,0.95,0
id,tcn,dlinear_ols,2,pitch,10,1.0,-0.002757707225986406,-0.0029110941982546656,-0.002614286569621344,384,1000,0.95,0
id,tcn,dlinear_ols,2,pitch,20,2.0,-5.5032330912895905e-05,-0.0005875271737027923,0.0005604559462958193,384,1000,0.95,0
id,tcn,dlinear_ols,2,pitch,30,3.0,0.016084675396926085,0.013112664439656502,0.019524345432182583,384,1000,0.95,0
id,tcn,dlinear_ols,2,pitch,50,5.0,0.037845896613457976,0.03366207187441212,0.04303270161369461,384,1000,0.95,0
id,tcn,dlinear_ols,2,pitch,100,10.0,0.251098029319847,0.23689773101202333,0.26569614177390094,384,1000,0.95,0
id,tcn,dlinear_ols,2,pitch,150,15.0,0.19597923252767285,0.17765922647900123,0.21605803247345276,384,1000,0.95,0
id,tcn,dlinear_ols,2,heave,10,1.0,-0.0018791906761533733,-0.002001378539318995,-0.0017702028809076708,384,1000,0.95,0
id,tcn,dlinear_ols,2,heave,20,2.0,-0.00018995968456622097,-0.0003971711258801908,3.968808053711587e-05,384,1000,0.95,0
id,tcn,dlinear_ols,2,heave,30,3.0,0.006819274044775174,0.00514995957711293,0.008627660084789678,384,1000,0.95,0
id,tcn,dlinear_ols,2,heave,50,5.0,0.03221519075507727,0.02410106021312122,0.04105147396078536,384,1000,0.95,0
id,tcn,dlinear_ols,2,heave,100,10.0,0.3342808599543837,0.28468404688039095,0.3819822312235681,384,1000,0.95,0
id,tcn,dlinear_ols,2,heave,150,15.0,0.23537475723495274,0.2004484582275959,0.2748829267776402,384,1000,0.95,0
id,tcn,damped_persistence,0,roll,10,1.0,1.6355432492532662,1.6154261508804093,1.6532055637926146,384,1000,0.95,0
id,tcn,damped_persistence,0,roll,20,2.0,0.96995724018027,0.9578195865036526,0.9808490280786333,384,1000,0.95,0
id,tcn,damped_persistence,0,roll,30,3.0,0.6137991628845759,0.6061957085914658,0.6208220838139175,384,1000,0.95,0
id,tcn,damped_persistence,0,roll,50,5.0,0.30595897164480423,0.3029219728940171,0.30889430136262,384,1000,0.95,0
id,tcn,damped_persistence,0,roll,100,10.0,0.7946339861204803,0.7631797104970717,0.8292681640438083,384,1000,0.95,0
id,tcn,damped_persistence,0,roll,150,15.0,0.5760133360287135,0.5539105626602889,0.5981757985265785,384,1000,0.95,0
id,tcn,damped_persistence,0,pitch,10,1.0,1.2158498866437393,1.1802016804194944,1.253167688246133,384,1000,0.95,0
id,tcn,damped_persistence,0,pitch,20,2.0,0.6357647889735871,0.6166576281858971,0.6557433242038577,384,1000,0.95,0
id,tcn,damped_persistence,0,pitch,30,3.0,0.40404547430317506,0.3928206254807136,0.4156935998227907,384,1000,0.95,0
id,tcn,damped_persistence,0,pitch,50,5.0,0.29733335999120725,0.2925415374369429,0.30303914780357555,384,1000,0.95,0
id,tcn,damped_persistence,0,pitch,100,10.0,0.43492067572690307,0.40912986778749005,0.46163601224910983,384,1000,0.95,0
id,tcn,damped_persistence,0,pitch,150,15.0,0.1982107500703979,0.17771068809975962,0.22046109356200067,384,1000,0.95,0
id,tcn,damped_persistence,0,heave,10,1.0,1.4601685961238988,1.4196514992347378,1.4984456231321528,384,1000,0.95,0
id,tcn,damped_persistence,0,heave,20,2.0,0.8351934128191132,0.8109908737780236,0.8576462397060955,384,1000,0.95,0
id,tcn,damped_persistence,0,heave,30,3.0,0.531634904271595,0.5164518875650547,0.5464345342640768,384,1000,0.95,0
id,tcn,damped_persistence,0,heave,50,5.0,0.30624463308236993,0.2995571258513067,0.3125486412031885,384,1000,0.95,0
id,tcn,damped_persistence,0,heave,100,10.0,0.6433521612848409,0.602807165420266,0.6944899218021753,384,1000,0.95,0
id,tcn,damped_persistence,0,heave,150,15.0,0.32000663770437077,0.2924485804547589,0.3487382902653996,384,1000,0.95,0
id,tcn,damped_persistence,1,roll,10,1.0,1.6353274589137237,1.615188841879942,1.6530457890682526,384,1000,0.95,0
id,tcn,damped_persistence,1,roll,20,2.0,0.9697355325133546,0.957575219355143,0.9806609711027342,384,1000,0.95,0
id,tcn,damped_persistence,1,roll,30,3.0,0.6137282961827397,0.6060884811933294,0.6207608030970948,384,1000,0.95,0
id,tcn,damped_persistence,1,roll,50,5.0,0.3059512356944434,0.3029085897020516,0.3088862406786321,384,1000,0.95,0
id,tcn,damped_persistence,1,roll,100,10.0,0.794605249785924,0.76320945118768,0.8293154397846939,384,1000,0.95,0
id,tcn,damped_persistence,1,roll,150,15.0,0.5754145016156492,0.5532434432422493,0.5976764611022573,384,1000,0.95,0
id,tcn,damped_persistence,1,pitch,10,1.0,1.215513151858137,1.1797598464011103,1.252886832090109,384,1000,0.95,0
id,tcn,damped_persistence,1,pitch,20,2.0,0.6357574473857839,0.6166514494258025,0.6557529578552863,384,1000,0.95,0
id,tcn,damped_persistence,1,pitch,30,3.0,0.4039695290076323,0.39272407821262245,0.4156195378625791,384,1000,0.95,0
id,tcn,damped_persistence,1,pitch,50,5.0,0.2969259950027684,0.292097928620563,0.3025752286195374,384,1000,0.95,0
id,tcn,damped_persistence,1,pitch,100,10.0,0.4338435461861252,0.4075868428130918,0.46080896919676984,384,1000,0.95,0
id,tcn,damped_persistence,1,pitch,150,15.0,0.19665655338589064,0.17605722940886906,0.21870312800715289,384,1000,0.95,0
id,tcn,damped_persistence,1,heave,10,1.0,1.4598007859658775,1.419219675301555,1.498125589174402,384,1000,0.95,0
id,tcn,damped_persistence,1,heave,20,2.0,0.8351124220764901,0.8108875678831692,0.8575822775526976,384,1000,0.95,0
id,tcn,damped_persistence,1,heave,30,3.0,0.5316166078482998,0.5164330432865292,0.5464052746981989,384,1000,0.95,0
id,tcn,damped_persistence,1,heave,50,5.0,0.3062219232516274,0.2995859928267676,0.312486480509522,384,1000,0.95,0
id,tcn,damped_persistence,1,heave,100,10.0,0.6427418763815822,0.6022014978092931,0.6935885746170098,384,1000,0.95,0
id,tcn,damped_persistence,1,heave,150,15.0,0.3190261894436752,0.2911316806810169,0.3473697069597249,384,1000,0.95,0
id,tcn,damped_persistence,2,roll,10,1.0,1.6342129947574842,1.6139423256804775,1.65207468883617,384,1000,0.95,0
id,tcn,damped_persistence,2,roll,20,2.0,0.9693726861144165,0.9571700931465212,0.9803051350542789,384,1000,0.95,0
id,tcn,damped_persistence,2,roll,30,3.0,0.6137053235500869,0.6060612408522844,0.6207361301777876,384,1000,0.95,0
id,tcn,damped_persistence,2,roll,50,5.0,0.30592321982997084,0.3028826921376793,0.30888053433245766,384,1000,0.95,0
id,tcn,damped_persistence,2,roll,100,10.0,0.794560703070242,0.7631657110855594,0.8292384245933238,384,1000,0.95,0
id,tcn,damped_persistence,2,roll,150,15.0,0.575318754192967,0.5530964423607956,0.5974704159761586,384,1000,0.95,0
id,tcn,damped_persistence,2,pitch,10,1.0,1.2154270264340197,1.1797728978148712,1.2528211276142867,384,1000,0.95,0
id,tcn,damped_persistence,2,pitch,20,2.0,0.6356224327429593,0.616519042463231,0.655624615324387,384,1000,0.95,0
id,tcn,damped_persistence,2,pitch,30,3.0,0.40397022926553844,0.3927484417910298,0.4155836030674089,384,1000,0.95,0
id,tcn,damped_persistence,2,pitch,50,5.0,0.2972141584556204,0.2923965478825168,0.3028523858024935,384,1000,0.95,0
id,tcn,damped_persistence,2,pitch,100,10.0,0.43400233001769456,0.40802481071810587,0.46066281021185196,384,1000,0.95,0
id,tcn,damped_persistence,2,pitch,150,15.0,0.19659720232335537,0.17607943652211347,0.21806743001090764,384,1000,0.95,0
id,tcn,damped_persistence,2,heave,10,1.0,1.4599008646182075,1.419326961507536,1.498197685466776,384,1000,0.95,0
id,tcn,damped_persistence,2,heave,20,2.0,0.8350919963753431,0.8108652972256486,0.8575647181101778,384,1000,0.95,0
id,tcn,damped_persistence,2,heave,30,3.0,0.5316332347628622,0.5164684464748662,0.5464185686409483,384,1000,0.95,0
id,tcn,damped_persistence,2,heave,50,5.0,0.3061644110204012,0.2995286531096537,0.31242520301982835,384,1000,0.95,0
id,tcn,damped_persistence,2,heave,100,10.0,0.6422202404394978,0.6015719640180488,0.6931062545811917,384,1000,0.95,0
id,tcn,damped_persistence,2,heave,150,15.0,0.3187189930463577,0.29127404536868323,0.3468209168419725,384,1000,0.95,0
id,tcn,window_mean,0,roll,10,1.0,4.475072304333012,4.404500219902858,4.5363925139370895,384,1000,0.95,0
id,tcn,window_mean,0,roll,20,2.0,1.2613423976973084,1.2406741481894974,1.2794774703385696,384,1000,0.95,0
id,tcn,window_mean,0,roll,30,3.0,0.6287188948409209,0.6190911746837534,0.6374919748668026,384,1000,0.95,0
id,tcn,window_mean,0,roll,50,5.0,0.28927672251655534,0.28611341224004555,0.2923762711507592,384,1000,0.95,0
id,tcn,window_mean,0,roll,100,10.0,0.7960457069106064,0.7644773672496467,0.8308022440572785,384,1000,0.95,0
id,tcn,window_mean,0,roll,150,15.0,0.5760241459990653,0.5539189858101743,0.5981889860966668,384,1000,0.95,0
id,tcn,window_mean,0,pitch,10,1.0,2.121587844460369,2.0318102986937605,2.216338083400036,384,1000,0.95,0
id,tcn,window_mean,0,pitch,20,2.0,0.6595110245372333,0.6338519278805853,0.6862869776912606,384,1000,0.95,0
id,tcn,window_mean,0,pitch,30,3.0,0.3867376377889056,0.3742850289359992,0.3996513365375148,384,1000,0.95,0
id,tcn,window_mean,0,pitch,50,5.0,0.29375076108102116,0.2888646511992049,0.2995494346643247,384,1000,0.95,0
id,tcn,window_mean,0,pitch,100,10.0,0.4349451812284519,0.4091481229963265,0.46166524927152236,384,1000,0.95,0
id,tcn,window_mean,0,pitch,150,15.0,0.1982107395211443,0.17771065569694464,0.22046111575272206,384,1000,0.95,0
id,tcn,window_mean,0,heave,10,1.0,3.3335649638806317,3.2029990687780012,3.456543375264786,384,1000,0.95,0
id,tcn,window_mean,0,heave,20,2.0,0.979367669835025,0.9420894679617933,1.0143230405730383,384,1000,0.95,0
id,tcn,window_mean,0,heave,30,3.0,0.5233368141415949,0.5050115014087111,0.5409958209173573,384,1000,0.95,0
id,tcn,window_mean,0,heave,50,5.0,0.295804211102932,0.2889047218127911,0.3023024514493073,384,1000,0.95,0
id,tcn,window_mean,0,heave,100,10.0,0.6437369307925492,0.6031229666377586,0.6949539550904452,384,1000,0.95,0
id,tcn,window_mean,0,heave,150,15.0,0.3200065384196529,0.29244775240051274,0.3487389372438599,384,1000,0.95,0
id,tcn,window_mean,1,roll,10,1.0,4.47485651399347,4.404121687557897,4.536231141015684,384,1000,0.95,0
id,tcn,window_mean,1,roll,20,2.0,1.261120690030393,1.2404247523789536,1.2793013286610664,384,1000,0.95,0
id,tcn,window_mean,1,roll,30,3.0,0.6286480281390847,0.6190007115595512,0.6374373133996332,384,1000,0.95,0
id,tcn,window_mean,1,roll,50,5.0,0.2892689865661945,0.2861071615145512,0.2923657681866928,384,1000,0.95,0
id,tcn,window_mean,1,roll,100,10.0,0.79601697057605,0.7645013903554806,0.8308495197981641,384,1000,0.95,0
id,tcn,window_mean,1,roll,150,15.0,0.5754253115860011,0.5532518588314751,0.5976895358527148,384,1000,0.95,0
id,tcn,window_mean,1,pitch,10,1.0,2.121251109674767,2.031456770241499,2.2160181646488453,384,1000,0.95,0
id,tcn,window_mean,1,pitch,20,2.0,0.6595036829494301,0.6338686953917858,0.6862966113426892,384,1000,0.95,0
id,tcn,window_mean,1,pitch,30,3.0,0.3866616924933628,0.3741863711985325,0.3995658355036974,384,1000,0.95,0
id,tcn,window_mean,1,pitch,50,5.0,0.29334339609258225,0.288421042382825,0.2990711487398783,384,1000,0.95,0
id,tcn,window_mean,1,pitch,100,10.0,0.433868051687674,0.40760891537080374,0.46083922723717,384,1000,0.95,0
id,tcn,window_mean,1,pitch,150,15.0,0.196656542836637,0.1760571932637331,0.21870313813963316,384,1000,0.95,0
id,tcn,window_mean,1,heave,10,1.0,3.33319715372261,3.202581365690865,3.4561634617043753,384,1000,0.95,0
id,tcn,window_mean,1,heave,20,2.0,0.9792866790924021,0.9420194033711302,1.014238697065126,384,1000,0.95,0
id,tcn,window_mean,1,heave,30,3.0,0.5233185177182997,0.5049903505509511,0.5409658890486801,384,1000,0.95,0
id,tcn,window_mean,1,heave,50,5.0,0.29578150127218944,0.2889437029657547,0.30223674024102537,384,1000,0.95,0
id,tcn,window_mean,1,heave,100,10.0,0.6431266458892907,0.602515633318425,0.6940526079052799,384,1000,0.95,0
id,tcn,window_mean,1,heave,150,15.0,0.3190260901589573,0.2911308543069121,0.34737022922687544,384,1000,0.95,0
id,tcn,window_mean,2,roll,10,1.0,4.47374204983723,4.402745830791644,4.53529801085914,384,1000,0.95,0
id,tcn,window_mean,2,roll,20,2.0,1.2607578436314548,1.2400247381398415,1.2789935651711906,384,1000,0.95,0
id,tcn,window_mean,2,roll,30,3.0,0.6286250555064319,0.6190121117030122,0.6374203592019677,384,1000,0.95,0
id,tcn,window_mean,2,roll,50,5.0,0.28924097070172194,0.28606804579333456,0.29235749554878626,384,1000,0.95,0
id,tcn,window_mean,2,roll,100,10.0,0.7959724238603682,0.7644576502533601,0.8307725735076847,384,1000,0.95,0
id,tcn,window_mean,2,roll,150,15.0,0.5753295641633188,0.5531052555174147,0.5974834907266161,384,1000,0.95,0
id,tcn,window_mean,2,pitch,10,1.0,2.1211649842506497,2.0314342969907453,2.2158852232811843,384,1000,0.95,0
id,tcn,window_mean,2,pitch,20,2.0,0.6593686683066055,0.6337099736505265,0.68616826881179,384,1000,0.95,0
id,tcn,window_mean,2,pitch,30,3.0,0.38666239275126896,0.37418781320207034,0.3995385627155332,384,1000,0.95,0
id,tcn,window_mean,2,pitch,50,5.0,0.29363155954543424,0.28871966164477875,0.29934439110391675,384,1000,0.95,0
id,tcn,window_mean,2,pitch,100,10.0,0.43402683551924337,0.4080426157302979,0.4606932373717929,384,1000,0.95,0
id,tcn,window_mean,2,pitch,150,15.0,0.19659719177410176,0.17607940029846028,0.21806745081192117,384,1000,0.95,0
id,tcn,window_mean,2,heave,10,1.0,3.3332972323749406,3.2027012937047497,3.456269256787486,384,1000,0.95,0
id,tcn,window_mean,2,heave,20,2.0,0.9792662533912552,0.9419771584260757,1.0142189888402007,384,1000,0.95,0
id,tcn,window_mean,2,heave,30,3.0,0.5233351446328621,0.5050181292836999,0.5409789117080072,384,1000,0.95,0
id,tcn,window_mean,2,heave,50,5.0,0.29572398904096325,0.2888863632486408,0.30218528109787396,384,1000,0.95,0
id,tcn,window_mean,2,heave,100,10.0,0.642605009947206,0.6018881946642712,0.6935731255266531,384,1000,0.95,0
id,tcn,window_mean,2,heave,150,15.0,0.3187188937616398,0.291273125983568,0.34682143910912305,384,1000,0.95,0
unseen_seastate,tcn,ar20,0,roll,10,1.0,-0.00807324518864716,-0.008949910545494153,-0.007255692520531239,480,1000,0.95,0
unseen_seastate,tcn,ar20,0,roll,20,2.0,-0.003987290889738319,-0.004296641267467447,-0.0036883944329002007,480,1000,0.95,0
unseen_seastate,tcn,ar20,0,roll,30,3.0,0.00040908836917658237,-2.0820876218173373e-05,0.0008909837380494681,480,1000,0.95,0
unseen_seastate,tcn,ar20,0,roll,50,5.0,0.0175210991029192,0.015547072785351869,0.019648047631153513,480,1000,0.95,0
unseen_seastate,tcn,ar20,0,roll,100,10.0,0.05528707239313341,0.04862053958726217,0.06241817189410957,480,1000,0.95,0
unseen_seastate,tcn,ar20,0,roll,150,15.0,0.04590870734618928,0.03982052747903861,0.0528120667204728,480,1000,0.95,0
unseen_seastate,tcn,ar20,0,pitch,10,1.0,-0.020743307176446908,-0.02192275702094206,-0.019661529032761936,480,1000,0.95,0
unseen_seastate,tcn,ar20,0,pitch,20,2.0,-0.0033747678958396163,-0.00606093972048401,-0.0002279654328612941,480,1000,0.95,0
unseen_seastate,tcn,ar20,0,pitch,30,3.0,0.05351816829697888,0.044206934697003444,0.06455236693504628,480,1000,0.95,0
unseen_seastate,tcn,ar20,0,pitch,50,5.0,0.04248091472354705,0.02573336114763349,0.05961016908068329,480,1000,0.95,0
unseen_seastate,tcn,ar20,0,pitch,100,10.0,-0.13722304222948237,-0.2078695724550478,-0.05685703884429068,480,1000,0.95,0
unseen_seastate,tcn,ar20,0,pitch,150,15.0,-0.43743146023494467,-0.4821515929424468,-0.3943102382200258,480,1000,0.95,0
unseen_seastate,tcn,ar20,0,heave,10,1.0,-0.004966736431951422,-0.005132666462475204,-0.004823649134981095,480,1000,0.95,0
unseen_seastate,tcn,ar20,0,heave,20,2.0,-0.00258487088148361,-0.0027745393716386403,-0.0023732656964384584,480,1000,0.95,0
unseen_seastate,tcn,ar20,0,heave,30,3.0,0.0037098726887540355,0.002542098097355,0.0049090916620103155,480,1000,0.95,0
unseen_seastate,tcn,ar20,0,heave,50,5.0,0.04766884148967787,0.04210191728573232,0.0535436993273047,480,1000,0.95,0
unseen_seastate,tcn,ar20,0,heave,100,10.0,0.20736477113127025,0.15626572725673885,0.26221822387639154,480,1000,0.95,0
unseen_seastate,tcn,ar20,0,heave,150,15.0,-0.11129484721516404,-0.14050576544427126,-0.07828560983147884,480,1000,0.95,0
unseen_seastate,tcn,ar20,1,roll,10,1.0,-0.011972496954933985,-0.013384988043184744,-0.010709004488281501,480,1000,0.95,0
unseen_seastate,tcn,ar20,1,roll,20,2.0,-0.006168726024069268,-0.006729607034336866,-0.005633527593758781,480,1000,0.95,0
unseen_seastate,tcn,ar20,1,roll,30,3.0,0.0002522601404948431,-8.153271614621432e-05,0.0006640258596797561,480,1000,0.95,0
unseen_seastate,tcn,ar20,1,roll,50,5.0,0.017773737124038288,0.015839704181255982,0.01987435016800541,480,1000,0.95,0
unseen_seastate,tcn,ar20,1,roll,100,10.0,0.059973007726285624,0.053482321993531916,0.0671664745553444,480,1000,0.95,0
unseen_seastate,tcn,ar20,1,roll,150,15.0,0.05125821464024788,0.04524857829177599,0.057989924592776895,480,1000,0.95,0
unseen_seastate,tcn,ar20,1,pitch,10,1.0,-0.020381395581082984,-0.021187245346573635,-0.019612446206372734,480,1000,0.95,0
unseen_seastate,tcn,ar20,1,pitch,20,2.0,0.00022805587806935508,-0.002723053967314751,0.003697379034916209,480,1000,0.95,0
unseen_seastate,tcn,ar20,1,pitch,30,3.0,0.057838424346010116,0.04791310954487454,0.06971857054928685,480,1000,0.95,0
unseen_seastate,tcn,ar20,1,pitch,50,5.0,0.060115542586237136,0.04410908292394697,0.07635322167951517,480,1000,0.95,0
unseen_seastate,tcn,ar20,1,pitch,100,10.0,-0.09060264932614318,-0.15989653615981084,-0.012558266830042483,480,1000,0.95,0
unseen_seastate,tcn,ar20,1,pitch,150,15.0,-0.39574906022836304,-0.44153086587917184,-0.34915833862848444,480,1000,0.95,0
unseen_seastate,tcn,ar20,1,heave,10,1.0,-0.006992475460814257,-0.007192250915274328,-0.006796654401183716,480,1000,0.95,0
unseen_seastate,tcn,ar20,1,heave,20,2.0,-0.0025132616100818194,-0.002760191127728808,-0.00225084956584977,480,1000,0.95,0
unseen_seastate,tcn,ar20,1,heave,30,3.0,0.004323447011988925,0.0032328300597268622,0.005498811482903462,480,1000,0.95,0
unseen_seastate,tcn,ar20,1,heave,50,5.0,0.04707281907595969,0.04173678357230094,0.052811025124260426,480,1000,0.95,0
unseen_seastate,tcn,ar20,1,heave,100,10.0,0.21731629416782727,0.16936033538623965,0.26972129306787224,480,1000,0.95,0
unseen_seastate,tcn,ar20,1,heave,150,15.0,-0.08734870433607535,-0.11422716516908449,-0.05591443494333921,480,1000,0.95,0
unseen_seastate,tcn,ar20,2,roll,10,1.0,-0.006554507402568447,-0.007138526648351419,-0.0060160451653449055,480,1000,0.95,0
unseen_seastate,tcn,ar20,2,roll,20,2.0,-0.004091990944432727,-0.004332137714737839,-0.0038586352406925033,480,1000,0.95,0
unseen_seastate,tcn,ar20,2,roll,30,3.0,0.0002477271990990329,-0.00021818413237745013,0.0007944471124983025,480,1000,0.95,0
unseen_seastate,tcn,ar20,2,roll,50,5.0,0.017329172483930413,0.015417117325672212,0.01939062279119122,480,1000,0.95,0
unseen_seastate,tcn,ar20,2,roll,100,10.0,0.06288353470421292,0.05590720692742223,0.07028875215045889,480,1000,0.95,0
unseen_seastate,tcn,ar20,2,roll,150,15.0,0.05204625053664694,0.04513327104762331,0.05963415881597921,480,1000,0.95,0
unseen_seastate,tcn,ar20,2,pitch,10,1.0,-0.013799407224503332,-0.014495864581816956,-0.013226668076317238,480,1000,0.95,0
unseen_seastate,tcn,ar20,2,pitch,20,2.0,-0.002453087411100327,-0.005177199570064437,0.0006674283556831882,480,1000,0.95,0
unseen_seastate,tcn,ar20,2,pitch,30,3.0,0.05545161669665512,0.04602721565046376,0.06662499174042955,480,1000,0.95,0
unseen_seastate,tcn,ar20,2,pitch,50,5.0,0.045023673244872005,0.028092935409365045,0.062345262797358046,480,1000,0.95,0
unseen_seastate,tcn,ar20,2,pitch,100,10.0,-0.1321038590599031,-0.20232099513031562,-0.051388381000112844,480,1000,0.95,0
unseen_seastate,tcn,ar20,2,pitch,150,15.0,-0.4084526584149666,-0.45259330257754166,-0.3651180635069054,480,1000,0.95,0
unseen_seastate,tcn,ar20,2,heave,10,1.0,-0.0043714007166680705,-0.004460341792712886,-0.004267957893487184,480,1000,0.95,0
unseen_seastate,tcn,ar20,2,heave,20,2.0,-0.002560901957902924,-0.0028122788848508533,-0.002306310390819299,480,1000,0.95,0
unseen_seastate,tcn,ar20,2,heave,30,3.0,0.004019179160787181,0.0028489509072023938,0.00528065661425553,480,1000,0.95,0
unseen_seastate,tcn,ar20,2,heave,50,5.0,0.048861008223272516,0.04333567306188639,0.05464669721378815,480,1000,0.95,0
unseen_seastate,tcn,ar20,2,heave,100,10.0,0.20130129502249483,0.15126009281812144,0.25655396090019594,480,1000,0.95,0
unseen_seastate,tcn,ar20,2,heave,150,15.0,-0.10947399141457684,-0.1382086330752285,-0.07569368841524095,480,1000,0.95,0
unseen_seastate,tcn,dlinear_ols,0,roll,10,1.0,-0.008285926319976936,-0.009187032399323372,-0.007449187363952871,480,1000,0.95,0
unseen_seastate,tcn,dlinear_ols,0,roll,20,2.0,-0.004338803340737236,-0.0048246948984378415,-0.0038318649121599304,480,1000,0.95,0
unseen_seastate,tcn,dlinear_ols,0,roll,30,3.0,0.003632147559779344,0.002396650964737602,0.0050223197186095485,480,1000,0.95,0
unseen_seastate,tcn,dlinear_ols,0,roll,50,5.0,0.01862213145298954,0.015792868069781748,0.021801411843137917,480,1000,0.95,0
unseen_seastate,tcn,dlinear_ols,0,roll,100,10.0,0.17052913079480583,0.14883198484435195,0.19431491559086303,480,1000,0.95,0
unseen_seastate,tcn,dlinear_ols,0,roll,150,15.0,0.1406900685681954,0.12271386134701756,0.16123468440182573,480,1000,0.95,0
unseen_seastate,tcn,dlinear_ols,0,pitch,10,1.0,-0.023244136761559016,-0.024810550435061533,-0.02189182534724823,480,1000,0.95,0
unseen_seastate,tcn,dlinear_ols,0,pitch,20,2.0,-0.025924669944243656,-0.027193272161843352,-0.024748267968056983,480,1000,0.95,0
unseen_seastate,tcn,dlinear_ols,0,pitch,30,3.0,-0.008455417990717947,-0.011703976366718754,-0.0048279498146302485,480,1000,0.95,0
unseen_seastate,tcn,dlinear_ols,0,pitch,50,5.0,-0.04150365043062755,-0.059439457958545786,-0.02334501344473946,480,1000,0.95,0
unseen_seastate,tcn,dlinear_ols,0,pitch,100,10.0,-0.33059328789486425,-0.4248976472818723,-0.22399381036755373,480,1000,0.95,0
unseen_seastate,tcn,dlinear_ols,0,pitch,150,15.0,-0.4051314371363982,-0.4750641238192743,-0.31930608523236664,480,1000,0.95,0
unseen_seastate,tcn,dlinear_ols,0,heave,10,1.0,-0.005051272606907797,-0.0052071533379575,-0.004911967726900145,480,1000,0.95,0
unseen_seastate,tcn,dlinear_ols,0,heave,20,2.0,0.0018439669674644094,0.0006747826614442533,0.0032546694515923924,480,1000,0.95,0
unseen_seastate,tcn,dlinear_ols,0,heave,30,3.0,0.04100031000229844,0.03260657198063183,0.05087671679124971,480,1000,0.95,0
unseen_seastate,tcn,dlinear_ols,0,heave,50,5.0,0.12066566985354985,0.09641678961817221,0.14931573578175603,480,1000,0.95,0
unseen_seastate,tcn,dlinear_ols,0,heave,100,10.0,0.606070862190393,0.4520715552603441,0.7771892339300444,480,1000,0.95,0
unseen_seastate,tcn,dlinear_ols,0,heave,150,15.0,0.22657898526459083,0.10185237159925223,0.3850620378864527,480,1000,0.95,0
unseen_seastate,tcn,dlinear_ols,1,roll,10,1.0,-0.012185178086263763,-0.013627809949884339,-0.010901959384769793,480,1000,0.95,0
unseen_seastate,tcn,dlinear_ols,1,roll,20,2.0,-0.0065202384750681856,-0.007260256628861789,-0.005793811502876225,480,1000,0.95,0
unseen_seastate,tcn,dlinear_ols,1,roll,30,3.0,0.0034753193310976048,0.002286074961810518,0.004810045692914448,480,1000,0.95,0
unseen_seastate,tcn,dlinear_ols,1,roll,50,5.0,0.018874769474108627,0.016074768180049975,0.0220274965926121,480,1000,0.95,0
unseen_seastate,tcn,dlinear_ols,1,roll,100,10.0,0.17521506612795806,0.15344757403625894,0.1985479655597935,480,1000,0.95,0
unseen_seastate,tcn,dlinear_ols,1,roll,150,15.0,0.14603957586225402,0.12855041914500578,0.16620660415073038,480,1000,0.95,0
unseen_seastate,tcn,dlinear_ols,1,pitch,10,1.0,-0.02288222516619509,-0.023957139004912222,-0.021957496543638984,480,1000,0.95,0
unseen_seastate,tcn,dlinear_ols,1,pitch,20,2.0,-0.022321846170334687,-0.023670811081877206,-0.021021583896092915,480,1000,0.95,0
unseen_seastate,tcn,dlinear_ols,1,pitch,30,3.0,-0.004135161941686712,-0.007220414909342327,-0.0005967731902691137,480,1000,0.95,0
unseen_seastate,tcn,dlinear_ols,1,pitch,50,5.0,-0.02386902256793746,-0.04045131131209292,-0.007116354979982023,480,1000,0.95,0
unseen_seastate,tcn,dlinear_ols,1,pitch,100,10.0,-0.28397289499152506,-0.3752417583677136,-0.17842413491005224,480,1000,0.95,0
unseen_seastate,tcn,dlinear_ols,1,pitch,150,15.0,-0.3634490371298166,-0.4348133524794067,-0.27624436322891943,480,1000,0.95,0
unseen_seastate,tcn,dlinear_ols,1,heave,10,1.0,-0.0070770116357706326,-0.007280822174077173,-0.006876365202453128,480,1000,0.95,0
unseen_seastate,tcn,dlinear_ols,1,heave,20,2.0,0.0019155762388662,0.0007049448832013466,0.0033003830720434186,480,1000,0.95,0
unseen_seastate,tcn,dlinear_ols,1,heave,30,3.0,0.041613884325533326,0.03332487525375856,0.05129003175156842,480,1000,0.95,0
unseen_seastate,tcn,dlinear_ols,1,heave,50,5.0,0.12006964743983166,0.0958827533666991,0.1484922450873109,480,1000,0.95,0
unseen_seastate,tcn,dlinear_ols,1,heave,100,10.0,0.61602238522695,0.463730384887498,0.7835325545775912,480,1000,0.95,0
unseen_seastate,tcn,dlinear_ols,1,heave,150,15.0,0.2505251281436795,0.1262747499376107,0.40673906489032635,480,1000,0.95,0
unseen_seastate,tcn,dlinear_ols,2,roll,10,1.0,-0.006767188533898223,-0.007381117151977151,-0.006206979068727928,480,1000,0.95,0
unseen_seastate,tcn,dlinear_ols,2,roll,20,2.0,-0.004443503395431645,-0.0048690580704972885,-0.004004031196767037,480,1000,0.95,0
unseen_seastate,tcn,dlinear_ols,2,roll,30,3.0,0.0034707863897017947,0.002245486310490259,0.004866367308554685,480,1000,0.95,0
unseen_seastate,tcn,dlinear_ols,2,roll,50,5.0,0.018430204834000753,0.015607125414183989,0.021593272269329684,480,1000,0.95,0
unseen_seastate,tcn,dlinear_ols,2,roll,100,10.0,0.17812559310588533,0.15619774146340776,0.20213124024425702,480,1000,0.95,0
unseen_seastate,tcn,dlinear_ols,2,roll,150,15.0,0.14682761175865308,0.12853419336898847,0.16815698221959452,480,1000,0.95,0
unseen_seastate,tcn,dlinear_ols,2,pitch,10,1.0,-0.016300236809615436,-0.017363533117309576,-0.015489507006969787,480,1000,0.95,0
unseen_seastate,tcn,dlinear_ols,2,pitch,20,2.0,-0.02500298945950437,-0.026471221918830383,-0.023652115264190022,480,1000,0.95,0
unseen_seastate,tcn,dlinear_ols,2,pitch,30,3.0,-0.006521969591041707,-0.01002602803765732,-0.0028034439793993126,480,1000,0.95,0
unseen_seastate,tcn,dlinear_ols,2,pitch,50,5.0,-0.038960891909302596,-0.056465486721172166,-0.021120313645716746,480,1000,0.95,0
unseen_seastate,tcn,dlinear_ols,2,pitch,100,10.0,-0.325474104725285,-0.4199155275288337,-0.21984836790463372,480,1000,0.95,0
unseen_seastate,tcn,dlinear_ols,2,pitch,150,15.0,-0.3761526353164201,-0.44540766015914707,-0.29260918926236507,480,1000,0.95,0
unseen_seastate,tcn,dlinear_ols,2,heave,10,1.0,-0.004455936891624446,-0.004543347713213204,-0.0043494313497721235,480,1000,0.95,0
unseen_seastate,tcn,dlinear_ols,2,heave,20,2.0,0.0018679358910450956,0.0006781268739735013,0.0032840552580403674,480,1000,0.95,0
unseen_seastate,tcn,dlinear_ols,2,heave,30,3.0,0.04130961647433158,0.032973394151514956,0.05103196399918819,480,1000,0.95,0
unseen_seastate,tcn,dlinear_ols,2,heave,50,5.0,0.12185783658714448,0.0975883232073739,0.15051023064278815,480,1000,0.95,0
unseen_seastate,tcn,dlinear_ols,2,heave,100,10.0,0.6000073860816175,0.44587083633401126,0.7692940959769533,480,1000,0.95,0
unseen_seastate,tcn,dlinear_ols,2,heave,150,15.0,0.22839984106517802,0.10364375948327562,0.3860944022059902,480,1000,0.95,0
unseen_seastate,tcn,damped_persistence,0,roll,10,1.0,1.7298660371168109,1.7232655568809456,1.7364949651467425,480,1000,0.95,0
unseen_seastate,tcn,damped_persistence,0,roll,20,2.0,1.0037121802550746,0.9994871958539857,1.0080690814825133,480,1000,0.95,0
unseen_seastate,tcn,damped_persistence,0,roll,30,3.0,0.6231300354271824,0.6201884150869117,0.6261614747102388,480,1000,0.95,0
unseen_seastate,tcn,damped_persistence,0,roll,50,5.0,0.30285441796761337,0.3013832659489043,0.30462920634498664,480,1000,0.95,0
unseen_seastate,tcn,damped_persistence,0,roll,100,10.0,0.6996000622588524,0.6837309045063448,0.7131520381182386,480,1000,0.95,0
unseen_seastate,tcn,damped_persistence,0,roll,150,15.0,0.5218162212325136,0.5124734454153292,0.5299187602598082,480,1000,0.95,0
unseen_seastate,tcn,damped_persistence,0,pitch,10,1.0,1.3688351336006053,1.338637809446887,1.3992544697087292,480,1000,0.95,0
unseen_seastate,tcn,damped_persistence,0,pitch,20,2.0,0.6716875511208857,0.6566899317690895,0.686893280471723,480,1000,0.95,0
unseen_seastate,tcn,damped_persistence,0,pitch,30,3.0,0.40474694057166033,0.3965151283002801,0.41291515472495277,480,1000,0.95,0
unseen_seastate,tcn,damped_persistence,0,pitch,50,5.0,0.19915786124164953,0.18755811410414608,0.20986849719486317,480,1000,0.95,0
unseen_seastate,tcn,damped_persistence,0,pitch,100,10.0,-0.22517512734988376,-0.2663853460134674,-0.18360556455042695,480,1000,0.95,0
unseen_seastate,tcn,damped_persistence,0,pitch,150,15.0,-0.49566406643330174,-0.5402666108362874,-0.4517393696453516,480,1000,0.95,0
unseen_seastate,tcn,damped_persistence,0,heave,10,1.0,1.771592422260002,1.7421815119866513,1.801986024020835,480,1000,0.95,0
unseen_seastate,tcn,damped_persistence,0,heave,20,2.0,0.9315729097296322,0.915609031492647,0.9479134244401426,480,1000,0.95,0
unseen_seastate,tcn,damped_persistence,0,heave,30,3.0,0.5581903171312471,0.5484443175561781,0.5676787893224844,480,1000,0.95,0
unseen_seastate,tcn,damped_persistence,0,heave,50,5.0,0.2850999629815909,0.280773356127948,0.2897201159514879,480,1000,0.95,0
unseen_seastate,tcn,damped_persistence,0,heave,100,10.0,0.1911681570623003,0.16720909405177545,0.2137591124723415,480,1000,0.95,0
unseen_seastate,tcn,damped_persistence,0,heave,150,15.0,-0.17631426974534406,-0.20198213868129894,-0.15099159039463306,480,1000,0.95,0
unseen_seastate,tcn,damped_persistence,1,roll,10,1.0,1.7259667853505243,1.7190370228649792,1.7326408153760313,480,1000,0.95,0
unseen_seastate,tcn,damped_persistence,1,roll,20,2.0,1.0015307451207436,0.997165469307988,1.0059433514208198,480,1000,0.95,0
unseen_seastate,tcn,damped_persistence,1,roll,30,3.0,0.6229732071985007,0.6200446694630828,0.6259944507593123,480,1000,0.95,0
unseen_seastate,tcn,damped_persistence,1,roll,50,5.0,0.3031070559887325,0.3016158591376027,0.3048834770557909,480,1000,0.95,0
unseen_seastate,tcn,damped_persistence,1,roll,100,10.0,0.7042859975920046,0.6885655669504921,0.7181159045462171,480,1000,0.95,0
unseen_seastate,tcn,damped_persistence,1,roll,150,15.0,0.5271657285265722,0.5177789535138121,0.5354180571427918,480,1000,0.95,0
unseen_seastate,tcn,damped_persistence,1,pitch,10,1.0,1.3691970451959692,1.3397811850677948,1.3995167802012909,480,1000,0.95,0
unseen_seastate,tcn,damped_persistence,1,pitch,20,2.0,0.6752903748947947,0.6603218675396686,0.6907762297275156,480,1000,0.95,0
unseen_seastate,tcn,damped_persistence,1,pitch,30,3.0,0.4090671966206916,0.40073846414731507,0.41746574745463244,480,1000,0.95,0
unseen_seastate,tcn,damped_persistence,1,pitch,50,5.0,0.2167924891043396,0.206617126497577,0.22602356281260488,480,1000,0.95,0
unseen_seastate,tcn,damped_persistence,1,pitch,100,10.0,-0.17855473444654457,-0.2157985016645924,-0.14073856674037116,480,1000,0.95,0
unseen_seastate,tcn,damped_persistence,1,pitch,150,15.0,-0.4539816664267201,-0.5010961330168556,-0.40912093426143953,480,1000,0.95,0
unseen_seastate,tcn,damped_persistence,1,heave,10,1.0,1.7695666832311392,1.74005756925127,1.8001686139232573,480,1000,0.95,0
unseen_seastate,tcn,damped_persistence,1,heave,20,2.0,0.9316445190010341,0.9155827792422359,0.948133122945447,480,1000,0.95,0
unseen_seastate,tcn,damped_persistence,1,heave,30,3.0,0.5588038914544821,0.5491458332412428,0.5683762033764834,480,1000,0.95,0
unseen_seastate,tcn,damped_persistence,1,heave,50,5.0,0.2845039405678727,0.2804010478495669,0.28908478231839746,480,1000,0.95,0
unseen_seastate,tcn,damped_persistence,1,heave,100,10.0,0.20111968009885733,0.17816953511088815,0.2223650202952376,480,1000,0.95,0
unseen_seastate,tcn,damped_persistence,1,heave,150,15.0,-0.15236812686625537,-0.17690337227425676,-0.1281360126544661,480,1000,0.95,0
unseen_seastate,tcn,damped_persistence,2,roll,10,1.0,1.7313847749028897,1.7248704802965953,1.7378835615977497,480,1000,0.95,0
unseen_seastate,tcn,damped_persistence,2,roll,20,2.0,1.00360748020038,0.9994238022666351,1.0079198747534803,480,1000,0.95,0
unseen_seastate,tcn,damped_persistence,2,roll,30,3.0,0.6229686742571049,0.6200571178339179,0.6260071478124503,480,1000,0.95,0
unseen_seastate,tcn,damped_persistence,2,roll,50,5.0,0.3026624913486246,0.3011931924592709,0.3044506519270854,480,1000,0.95,0
unseen_seastate,tcn,damped_persistence,2,roll,100,10.0,0.7071965245699319,0.6916883352883418,0.7206398081097917,480,1000,0.95,0
unseen_seastate,tcn,damped_persistence,2,roll,150,15.0,0.5279537644229712,0.5180874717068055,0.5364796018083863,480,1000,0.95,0
unseen_seastate,tcn,damped_persistence,2,pitch,10,1.0,1.3757790335525488,1.3461138731935285,1.4058746889153655,480,1000,0.95,0
unseen_seastate,tcn,damped_persistence,2,pitch,20,2.0,0.672609231605625,0.6576623355888481,0.6875164911169129,480,1000,0.95,0
unseen_seastate,tcn,damped_persistence,2,pitch,30,3.0,0.40668038897133657,0.3986066093157296,0.41480368181099,480,1000,0.95,0
unseen_seastate,tcn,damped_persistence,2,pitch,50,5.0,0.20170061976297443,0.19046623275977956,0.21225375010045897,480,1000,0.95,0
unseen_seastate,tcn,damped_persistence,2,pitch,100,10.0,-0.2200559441803045,-0.26020317259609343,-0.18018830629305066,480,1000,0.95,0
unseen_seastate,tcn,damped_persistence,2,pitch,150,15.0,-0.46668526461332366,-0.5100028156254361,-0.42478875385657056,480,1000,0.95,0
unseen_seastate,tcn,damped_persistence,2,heave,10,1.0,1.7721877579752854,1.742772000707767,1.802616903540467,480,1000,0.95,0
unseen_seastate,tcn,damped_persistence,2,heave,20,2.0,0.9315968786532131,0.9156194690635736,0.9480325932337331,480,1000,0.95,0
unseen_seastate,tcn,damped_persistence,2,heave,30,3.0,0.5584996236032802,0.5487645664213724,0.5681184247792501,480,1000,0.95,0
unseen_seastate,tcn,damped_persistence,2,heave,50,5.0,0.28629212971518553,0.28199114137086134,0.29093678972777426,480,1000,0.95,0
unseen_seastate,tcn,damped_persistence,2,heave,100,10.0,0.1851046809535249,0.1611118962645973,0.20773572703376997,480,1000,0.95,0
unseen_seastate,tcn,damped_persistence,2,heave,150,15.0,-0.17449341394475687,-0.20162175656074907,-0.1476769199460898,480,1000,0.95,0
unseen_seastate,tcn,window_mean,0,roll,10,1.0,4.627808740589283,4.607358761513938,4.64845191303149,480,1000,0.95,0
unseen_seastate,tcn,window_mean,0,roll,20,2.0,1.298930166812827,1.2925084959005022,1.3056438556240713,480,1000,0.95,0
unseen_seastate,tcn,window_mean,0,roll,30,3.0,0.6414862355433384,0.6379793239355164,0.6451378078322955,480,1000,0.95,0
unseen_seastate,tcn,window_mean,0,roll,50,5.0,0.28886326160475334,0.2873353397897525,0.2906865793022204,480,1000,0.95,0
unseen_seastate,tcn,window_mean,0,roll,100,10.0,0.7005419715751121,0.6846375253827005,0.7141334941658019,480,1000,0.95,0
unseen_seastate,tcn,window_mean,0,roll,150,15.0,0.5218249903285074,0.5124818371878961,0.5299280483059179,480,1000,0.95,0
unseen_seastate,tcn,window_mean,0,pitch,10,1.0,2.387268794280462,2.3192932565766116,2.457008318761445,480,1000,0.95,0
unseen_seastate,tcn,window_mean,0,pitch,20,2.0,0.7113046077731984,0.6923433033919688,0.7304674875224049,480,1000,0.95,0
unseen_seastate,tcn,window_mean,0,pitch,30,3.0,0.39447105531808524,0.3856055400023354,0.4033185480227785,480,1000,0.95,0
unseen_seastate,tcn,window_mean,0,pitch,50,5.0,0.19672832578310126,0.1851392005981794,0.20743113844186437,480,1000,0.95,0
unseen_seastate,tcn,window_mean,0,pitch,100,10.0,-0.22515964246037823,-0.2663692713205692,-0.18359027732015368,480,1000,0.95,0
unseen_seastate,tcn,window_mean,0,pitch,150,15.0,-0.49566407404925206,-0.5402666167513892,-0.4517393772390429,480,1000,0.95,0
unseen_seastate,tcn,window_mean,0,heave,10,1.0,3.714876423787926,3.6369369841526944,3.793095910919765,480,1000,0.95,0
unseen_seastate,tcn,window_mean,0,heave,20,2.0,1.0770544183121054,1.0550951740083792,1.0995297609624024,480,1000,0.95,0
unseen_seastate,tcn,window_mean,0,heave,30,3.0,0.5594754035995709,0.5485235015554459,0.5701265781506477,480,1000,0.95,0
unseen_seastate,tcn,window_mean,0,heave,50,5.0,0.28021264672380153,0.27582360427656005,0.2848839100517188,480,1000,0.95,0
unseen_seastate,tcn,window_mean,0,heave,100,10.0,0.19124464159848742,0.16728196683856664,0.21382926291391283,480,1000,0.95,0
unseen_seastate,tcn,window_mean,0,heave,150,15.0,-0.17631416322125182,-0.20198203465114775,-0.15099146864666962,480,1000,0.95,0
unseen_seastate,tcn,window_mean,1,roll,10,1.0,4.623909488822997,4.603283417217137,4.644554708603152,480,1000,0.95,0
unseen_seastate,tcn,window_mean,1,roll,20,2.0,1.2967487316784962,1.2901675641883104,1.3035251686375569,480,1000,0.95,0
unseen_seastate,tcn,window_mean,1,roll,30,3.0,0.6413294073146566,0.6378176046596704,0.6449161797979528,480,1000,0.95,0
unseen_seastate,tcn,window_mean,1,roll,50,5.0,0.2891158996258724,0.28757791300144936,0.2909478005331065,480,1000,0.95,0
unseen_seastate,tcn,window_mean,1,roll,100,10.0,0.7052279069082643,0.6894697756980933,0.7190817874162867,480,1000,0.95,0
unseen_seastate,tcn,window_mean,1,roll,150,15.0,0.5271744976225661,0.5177873127457403,0.5354272435032345,480,1000,0.95,0
unseen_seastate,tcn,window_mean,1,pitch,10,1.0,2.387630705875826,2.3201582302808856,2.457497098491901,480,1000,0.95,0
unseen_seastate,tcn,window_mean,1,pitch,20,2.0,0.7149074315471075,0.6959218267365148,0.7345413296963694,480,1000,0.95,0
unseen_seastate,tcn,window_mean,1,pitch,30,3.0,0.39879131136711643,0.38972964758367973,0.4078426296056701,480,1000,0.95,0
unseen_seastate,tcn,window_mean,1,pitch,50,5.0,0.21436295364579133,0.20418762927291453,0.22359468103521873,480,1000,0.95,0
unseen_seastate,tcn,window_mean,1,pitch,100,10.0,-0.17853924955703906,-0.21578264737958736,-0.14072491209444385,480,1000,0.95,0
unseen_seastate,tcn,window_mean,1,pitch,150,15.0,-0.45398167404267037,-0.5010961384802259,-0.4091209395572689,480,1000,0.95,0
unseen_seastate,tcn,window_mean,1,heave,10,1.0,3.7128506847590628,3.634879024977406,3.7912746375481228,480,1000,0.95,0
unseen_seastate,tcn,window_mean,1,heave,20,2.0,1.077126027583507,1.0549895182149231,1.0997490325008619,480,1000,0.95,0
unseen_seastate,tcn,window_mean,1,heave,30,3.0,0.5600889779228058,0.5492509838647396,0.5708503452948666,480,1000,0.95,0
unseen_seastate,tcn,window_mean,1,heave,50,5.0,0.27961662431008333,0.2754467229080606,0.28425775195574693,480,1000,0.95,0
unseen_seastate,tcn,window_mean,1,heave,100,10.0,0.20119616463504444,0.1782477371788705,0.22244842315216137,480,1000,0.95,0
unseen_seastate,tcn,window_mean,1,heave,150,15.0,-0.15236802034216312,-0.17690323817018427,-0.12813591319373482,480,1000,0.95,0
unseen_seastate,tcn,window_mean,2,roll,10,1.0,4.629327478375362,4.60889533063804,4.649634346889116,480,1000,0.95,0
unseen_seastate,tcn,window_mean,2,roll,20,2.0,1.2988254667581327,1.292420156605605,1.305517572938999,480,1000,0.95,0
unseen_seastate,tcn,window_mean,2,roll,30,3.0,0.6413248743732608,0.6378037236626996,0.6449692764514289,480,1000,0.95,0
unseen_seastate,tcn,window_mean,2,roll,50,5.0,0.2886713349857646,0.2871468750669065,0.29050638617900315,480,1000,0.95,0
unseen_seastate,tcn,window_mean,2,roll,100,10.0,0.7081384338861916,0.6925896839602447,0.7216212692286667,480,1000,0.95,0
unseen_seastate,tcn,window_mean,2,roll,150,15.0,0.527962533518965,0.5180958666633674,0.5364888996948304,480,1000,0.95,0
unseen_seastate,tcn,window_mean,2,pitch,10,1.0,2.3942126942324053,2.326260377423355,2.4638070137913957,480,1000,0.95,0
unseen_seastate,tcn,window_mean,2,pitch,20,2.0,0.7122262882579377,0.6932347812461435,0.7314941301093998,480,1000,0.95,0
unseen_seastate,tcn,window_mean,2,pitch,30,3.0,0.3964045037177615,0.3876415309326904,0.40519981003629646,480,1000,0.95,0
unseen_seastate,tcn,window_mean,2,pitch,50,5.0,0.19927108430442617,0.188035790151372,0.20981731878296828,480,1000,0.95,0
unseen_seastate,tcn,window_mean,2,pitch,100,10.0,-0.220040459290799,-0.2601872350553227,-0.18017475180213718,480,1000,0.95,0
unseen_seastate,tcn,window_mean,2,pitch,150,15.0,-0.4666852722292739,-0.5100028246239101,-0.4247887663985373,480,1000,0.95,0
unseen_seastate,tcn,window_mean,2,heave,10,1.0,3.715471759503209,3.63754583781948,3.793726746583007,480,1000,0.95,0
unseen_seastate,tcn,window_mean,2,heave,20,2.0,1.077078387235686,1.055066187099261,1.099647138670239,480,1000,0.95,0
unseen_seastate,tcn,window_mean,2,heave,30,3.0,0.5597847100716039,0.5489455043569568,0.57051939135785,480,1000,0.95,0
unseen_seastate,tcn,window_mean,2,heave,50,5.0,0.28140481345739615,0.277051143424433,0.2861041970205305,480,1000,0.95,0
unseen_seastate,tcn,window_mean,2,heave,100,10.0,0.185181165489712,0.16118554806967497,0.20781669996976018,480,1000,0.95,0
unseen_seastate,tcn,window_mean,2,heave,150,15.0,-0.17449330742066463,-0.2016216013962566,-0.1476768602395908,480,1000,0.95,0
