control,regime,subject_model,null_model,dof,horizon_samples,horizon_s,skill_subject,skill_null,excess,tol,passed
shuffle,id,shuffled,window_mean,roll_imu,10,1.0,-3.483473550449191,-3.4771735627874953,-0.0014071350090285595,0.02,True
shuffle,id,shuffled,window_mean,roll_imu,20,2.0,-0.2643855767726966,-0.26289967732381814,-0.0011765775821774849,0.02,True
shuffle,id,shuffled,window_mean,roll_imu,30,3.0,0.3707406834499928,0.3701136093429417,0.0009955352526301864,0.02,True
shuffle,id,shuffled,window_mean,roll_imu,50,5.0,0.711093858559629,0.709845057022098,0.004303912677531607,0.02,True
shuffle,id,shuffled,window_mean,roll_imu,100,10.0,0.18774402395698686,0.1846704759403497,0.0037697003799561646,0.02,True
shuffle,id,shuffled,window_mean,roll_imu,150,15.0,0.38876579620053375,0.38815945456871104,0.0009910125053829155,0.02,True
shuffle,id,shuffled,window_mean,pitch_imu,10,1.0,-1.1211413910043566,-1.1224567963738061,0.0006197560165638327,0.02,True
shuffle,id,shuffled,window_mean,pitch_imu,20,2.0,0.3388444670662839,0.3372619520833131,0.0023878438667365165,0.02,True
shuffle,id,shuffled,window_mean,pitch_imu,30,3.0,0.6109024721588763,0.6097555026369217,0.0029391049193641106,0.02,True
shuffle,id,shuffled,window_mean,pitch_imu,50,5.0,0.6904363974967971,0.6900921544037586,0.0011107917980462956,0.02,True
shuffle,id,shuffled,window_mean,pitch_imu,100,10.0,0.3661569866008315,0.36563812149505726,0.000817932355893003,0.02,True
shuffle,id,shuffled,window_mean,pitch_imu,150,15.0,0.5024520450549343,0.5024008300847815,0.00010292414708312769,0.02,True
shuffle,id,shuffled,window_mean,heave_imu,10,1.0,-2.2977157780220585,-2.3075812417468393,0.0029826822090606164,0.02,True
shuffle,id,shuffled,window_mean,heave_imu,20,2.0,0.030967934929637453,0.02760080241637408,0.0034627059767537993,0.02,True
shuffle,id,shuffled,window_mean,heave_imu,30,3.0,0.47973199005807143,0.47884216639980814,0.0017073976459613949,0.02,True
shuffle,id,shuffled,window_mean,heave_imu,50,5.0,0.698890888954026,0.6993947600783856,-0.0016761887600198477,0.02,True
shuffle,id,shuffled,window_mean,heave_imu,100,10.0,0.2153236350044465,0.21534014112395128,-2.1036018751363628e-05,0.02,True
shuffle,id,shuffled,window_mean,heave_imu,150,15.0,0.4959626690860123,0.4959722920711881,-1.9092174942780815e-05,0.02,True
shuffle,id,shuffled,window_mean,roll_rate_imu,10,1.0,-3.1987552794871066,-3.2127010332577814,0.0033104067107012636,0.02,True
shuffle,id,shuffled,window_mean,roll_rate_imu,20,2.0,-0.18741014314452142,-0.19147454906357142,0.0034112402335780834,0.02,True
shuffle,id,shuffled,window_mean,roll_rate_imu,30,3.0,0.40235218461952393,0.40149645085953134,0.0014297889481550419,0.02,True
shuffle,id,shuffled,window_mean,roll_rate_imu,50,5.0,0.7156210710174553,0.7163260527636297,-0.0024851832642458493,0.02,True
shuffle,id,shuffled,window_mean,roll_rate_imu,100,10.0,0.10214262857143419,0.10384406897851106,-0.0018985986123392085,0.02,True
shuffle,id,shuffled,window_mean,roll_rate_imu,150,15.0,0.43593009044343944,0.4356945072688687,0.00041747453747176255,0.02,True
shuffle,id,shuffled,window_mean,pitch_rate_imu,10,1.0,-0.6427165044301251,-0.6485335080844565,0.003528592913522699,0.02,True
shuffle,id,shuffled,window_mean,pitch_rate_imu,20,2.0,0.4639369326250675,0.46322071728172864,0.001334282760899308,0.02,True
shuffle,id,shuffled,window_mean,pitch_rate_imu,30,3.0,0.6618560629316473,0.6615107269840316,0.0010202271538438668,0.02,True
shuffle,id,shuffled,window_mean,pitch_rate_imu,50,5.0,0.6572328959949613,0.6563173156906499,0.0026640280296672536,0.02,True
shuffle,id,shuffled,window_mean,pitch_rate_imu,100,10.0,0.46180534145850716,0.4610794272052481,0.0013469781817654347,0.02,True
shuffle,id,shuffled,window_mean,pitch_rate_imu,150,15.0,0.4958222768499191,0.49567218083165043,0.0002976159802490219,0.02,True
shuffle,id,shuffled,window_mean,heave_rate_imu,10,1.0,-1.7559831455037638,-1.7627193429496515,0.0024382489169876287,0.02,True
shuffle,id,shuffled,window_mean,heave_rate_imu,20,2.0,0.1751652583069161,0.17528626461006247,-0.00014672521864711463,0.02,True
shuffle,id,shuffled,window_mean,heave_rate_imu,30,3.0,0.5452638832037184,0.5460050101123619,-0.0016324561397185189,0.02,True
shuffle,id,shuffled,window_mean,heave_rate_imu,50,5.0,0.7117582887237334,0.7106310316978829,0.00389556984103967,0.02,True
shuffle,id,shuffled,window_mean,heave_rate_imu,100,10.0,0.1440782831645211,0.14141900076700498,0.0030972993810621796,0.02,True
shuffle,id,shuffled,window_mean,heave_rate_imu,150,15.0,0.5427163706998173,0.5425479608715331,0.0003681475081082075,0.02,True
untrained,id,untrained,persistence,roll_imu,10,1.0,-3.7900937554262883,0.0,-3.7900937554262883,0.0,True
untrained,id,untrained,persistence,roll_imu,20,2.0,-0.11177846790978263,0.0,-0.11177846790978263,0.0,True
untrained,id,untrained,persistence,roll_imu,30,3.0,-0.9871913731661224,0.0,-0.9871913731661224,0.0,True
untrained,id,untrained,persistence,roll_imu,50,5.0,0.6558409474792443,0.0,0.6558409474792443,0.0,False
untrained,id,untrained,persistence,roll_imu,100,10.0,-0.0521374809943278,0.0,-0.0521374809943278,0.0,True
untrained,id,untrained,persistence,roll_imu,150,15.0,0.5708778215118404,0.0,0.5708778215118404,0.0,False
untrained,id,untrained,persistence,pitch_imu,10,1.0,-0.8763477284560419,0.0,-0.8763477284560419,0.0,True
untrained,id,untrained,persistence,pitch_imu,20,2.0,0.30300304650063103,0.0,0.30300304650063103,0.0,False
untrained,id,untrained,persistence,pitch_imu,30,3.0,0.3014885754873847,0.0,0.3014885754873847,0.0,False
untrained,id,untrained,persistence,pitch_imu,50,5.0,0.6927161287673297,0.0,0.6927161287673297,0.0,False
untrained,id,untrained,persistence,pitch_imu,100,10.0,0.2055134843495533,0.0,0.2055134843495533,0.0,False
untrained,id,untrained,persistence,pitch_imu,150,15.0,0.4258624969411914,0.0,0.4258624969411914,0.0,False
untrained,id,untrained,persistence,heave_imu,10,1.0,-2.2250999803435207,0.0,-2.2250999803435207,0.0,True
untrained,id,untrained,persistence,heave_imu,20,2.0,0.002785633854052283,0.0,0.002785633854052283,0.0,False
untrained,id,untrained,persistence,heave_imu,30,3.0,-0.17764265256596756,0.0,-0.17764265256596756,0.0,True
untrained,id,untrained,persistence,heave_imu,50,5.0,0.6817453296797759,0.0,0.6817453296797759,0.0,False
untrained,id,untrained,persistence,heave_imu,100,10.0,-0.061843009268885085,0.0,-0.061843009268885085,0.0,True
untrained,id,untrained,persistence,heave_imu,150,15.0,0.4782087005748338,0.0,0.4782087005748338,0.0,False
untrained,id,untrained,persistence,roll_rate_imu,10,1.0,-3.5637905305257513,0.0,-3.5637905305257513,0.0,True
untrained,id,untrained,persistence,roll_rate_imu,20,2.0,-0.13680088495972664,0.0,-0.13680088495972664,0.0,True
untrained,id,untrained,persistence,roll_rate_imu,30,3.0,-0.8418716493829237,0.0,-0.8418716493829237,0.0,True
untrained,id,untrained,persistence,roll_rate_imu,50,5.0,0.6633021069282925,0.0,0.6633021069282925,0.0,False
untrained,id,untrained,persistence,roll_rate_imu,100,10.0,-0.21712156107933067,0.0,-0.21712156107933067,0.0,True
untrained,id,untrained,persistence,roll_rate_imu,150,15.0,0.608682088637265,0.0,0.608682088637265,0.0,False
untrained,id,untrained,persistence,pitch_rate_imu,10,1.0,-0.4691251748341221,0.0,-0.4691251748341221,0.0,True
untrained,id,untrained,persistence,pitch_rate_imu,20,2.0,0.4263264243206255,0.0,0.4263264243206255,0.0,False
untrained,id,untrained,persistence,pitch_rate_imu,30,3.0,0.46297139549437505,0.0,0.46297139549437505,0.0,False
untrained,id,untrained,persistence,pitch_rate_imu,50,5.0,0.663296779499032,0.0,0.663296779499032,0.0,False
untrained,id,untrained,persistence,pitch_rate_imu,100,10.0,0.35514164719843344,0.0,0.35514164719843344,0.0,False
untrained,id,untrained,persistence,pitch_rate_imu,150,15.0,0.38090711371833974,0.0,0.38090711371833974,0.0,False
untrained,id,untrained,persistence,heave_rate_imu,10,1.0,-1.6264147583539867,0.0,-1.6264147583539867,0.0,True
untrained,id,untrained,persistence,heave_rate_imu,20,2.0,0.07949839724066443,0.0,0.07949839724066443,0.0,False
untrained,id,untrained,persistence,heave_rate_imu,30,3.0,0.09901834616380079,0.0,0.09901834616380079,0.0,False
untrained,id,untrained,persistence,heave_rate_imu,50,5.0,0.7037751987491403,0.0,0.7037751987491403,0.0,False
untrained,id,untrained,persistence,heave_rate_imu,100,10.0,-0.17949705021697793,0.0,-0.17949705021697793,0.0,True
untrained,id,untrained,persistence,heave_rate_imu,150,15.0,0.5137934759679997,0.0,0.5137934759679997,0.0,False
shuffle,unseen_seastate,shuffled,window_mean,roll_imu,10,1.0,-3.662354731869617,-3.6358606080140854,-0.00571503893144043,0.02,True
shuffle,unseen_seastate,shuffled,window_mean,roll_imu,20,2.0,-0.3100798812843917,-0.30476453370675416,-0.00407379832937127,0.02,True
shuffle,unseen_seastate,shuffled,window_mean,roll_imu,30,3.0,0.35215789914048046,0.35272361728742463,-0.0008739978192520148,0.02,True
shuffle,unseen_seastate,shuffled,window_mean,roll_imu,50,5.0,0.707559826430284,0.7076533464551229,-0.000319894288868694,0.02,True
shuffle,unseen_seastate,shuffled,window_mean,roll_imu,100,10.0,0.2245735437265004,0.22342276210290313,0.001481863705809161,0.02,True
shuffle,unseen_seastate,shuffled,window_mean,roll_imu,150,15.0,0.3601799986222385,0.3598141599762219,0.0005714569475685494,0.02,True
shuffle,unseen_seastate,shuffled,window_mean,pitch_imu,10,1.0,-1.3989251845300066,-1.4097028676829026,0.004472619133851774,0.02,True
shuffle,unseen_seastate,shuffled,window_mean,pitch_imu,20,2.0,0.26179059884063893,0.2591036894099643,0.0036265660825531842,0.02,True
shuffle,unseen_seastate,shuffled,window_mean,pitch_imu,30,3.0,0.5746545149643945,0.5744913462812614,0.0003834673671311295,0.02,True
shuffle,unseen_seastate,shuffled,window_mean,pitch_imu,50,5.0,0.6951315104453685,0.6952536946445143,-0.00040093742565061596,0.02,True
shuffle,unseen_seastate,shuffled,window_mean,pitch_imu,100,10.0,0.30897201096472304,0.30818580546319685,0.0011364402577090926,0.02,True
shuffle,unseen_seastate,shuffled,window_mean,pitch_imu,150,15.0,0.5111740229381898,0.5108892099974174,0.0005823076214919176,0.02,True
shuffle,unseen_seastate,shuffled,window_mean,heave_imu,10,1.0,-2.6793233518513735,-2.6904715674608997,0.003020810594456469,0.02,True
shuffle,unseen_seastate,shuffled,window_mean,heave_imu,20,2.0,-0.07530004903176257,-0.07412147821472392,-0.0010972416443972843,0.02,True
shuffle,unseen_seastate,shuffled,window_mean,heave_imu,30,3.0,0.43301607861809055,0.43433936296897047,-0.0023393608539308275,0.02,True
shuffle,unseen_seastate,shuffled,window_mean,heave_imu,50,5.0,0.6946785551683896,0.6928298244302113,0.006018588018022686,0.02,True
shuffle,unseen_seastate,shuffled,window_mean,heave_imu,100,10.0,0.27273266621432346,0.27068860227837876,0.0028027313741844084,0.02,True
shuffle,unseen_seastate,shuffled,window_mean,heave_imu,150,15.0,0.46057427476667223,0.4606359635612949,-0.00011437320706431109,0.02,True
shuffle,unseen_seastate,shuffled,window_mean,roll_rate_imu,10,1.0,-3.450270604295131,-3.449113929516302,-0.000259978682756401,0.02,True
shuffle,unseen_seastate,shuffled,window_mean,roll_rate_imu,20,2.0,-0.2529320254027081,-0.2514769324641912,-0.0011627005666430268,0.02,True
shuffle,unseen_seastate,shuffled,window_mean,roll_rate_imu,30,3.0,0.3750030378766851,0.3775324355012276,-0.0040635010863245835,0.02,True
shuffle,unseen_seastate,shuffled,window_mean,roll_rate_imu,50,5.0,0.7138147421283875,0.7143689635938032,-0.0019403404909668076,0.02,True
shuffle,unseen_seastate,shuffled,window_mean,roll_rate_imu,100,10.0,0.1466153064858865,0.14834845752121384,-0.0020350471394472436,0.02,True
shuffle,unseen_seastate,shuffled,window_mean,roll_rate_imu,150,15.0,0.4033216807525124,0.4050338318235115,-0.0028777284534458047,0.02,True
shuffle,unseen_seastate,shuffled,window_mean,pitch_rate_imu,10,1.0,-0.8249118573468297,-0.825213912971597,0.0001654905338056567,0.02,True
shuffle,unseen_seastate,shuffled,window_mean,pitch_rate_imu,20,2.0,0.41327324999510573,0.41331966196131775,-7.910946251787898e-05,0.02,True
shuffle,unseen_seastate,shuffled,window_mean,pitch_rate_imu,30,3.0,0.6390256902524496,0.6385615095791666,0.0012842591079399446,0.02,True
shuffle,unseen_seastate,shuffled,window_mean,pitch_rate_imu,50,5.0,0.6737060118995758,0.6732249794019856,0.0014720601859650184,0.02,True
shuffle,unseen_seastate,shuffled,window_mean,pitch_rate_imu,100,10.0,0.39543743152271704,0.3973688978629618,-0.0032050558515739347,0.02,True
shuffle,unseen_seastate,shuffled,window_mean,pitch_rate_imu,150,15.0,0.5155912848655112,0.5157231800396587,-0.0002723549191518959,0.02,True
shuffle,unseen_seastate,shuffled,window_mean,heave_rate_imu,10,1.0,-2.151456485875326,-2.1452696299718017,-0.001967035145276075,0.02,True
shuffle,unseen_seastate,shuffled,window_mean,heave_rate_imu,20,2.0,0.07616146344797592,0.07479939590064666,0.0014721861845898854,0.02,True
shuffle,unseen_seastate,shuffled,window_mean,heave_rate_imu,30,3.0,0.505804346164707,0.5026257070646052,0.006390839143177729,0.02,True
shuffle,unseen_seastate,shuffled,window_mean,heave_rate_imu,50,5.0,0.7092162371397703,0.7082673808951635,0.0032524859493543445,0.02,True
shuffle,unseen_seastate,shuffled,window_mean,heave_rate_imu,100,10.0,0.13044627665099295,0.13117093345904396,-0.0008340614235387012,0.02,True
shuffle,unseen_seastate,shuffled,window_mean,heave_rate_imu,150,15.0,0.5270765876433403,0.5270212749777701,0.00011694535640616177,0.02,True
untrained,unseen_seastate,untrained,persistence,roll_imu,10,1.0,-3.932022996819237,0.0,-3.932022996819237,0.0,True
untrained,unseen_seastate,untrained,persistence,roll_imu,20,2.0,-0.10005552468537449,0.0,-0.10005552468537449,0.0,True
untrained,unseen_seastate,untrained,persistence,roll_imu,30,3.0,-1.0858958017682991,0.0,-1.0858958017682991,0.0,True
untrained,unseen_seastate,untrained,persistence,roll_imu,50,5.0,0.6522626212890836,0.0,0.6522626212890836,0.0,False
untrained,unseen_seastate,untrained,persistence,roll_imu,100,10.0,0.030448132244297432,0.0,0.030448132244297432,0.0,False
untrained,unseen_seastate,untrained,persistence,roll_imu,150,15.0,0.5565898063603345,0.0,0.5565898063603345,0.0,False
untrained,unseen_seastate,untrained,persistence,pitch_imu,10,1.0,-1.2162599753943883,0.0,-1.2162599753943883,0.0,True
untrained,unseen_seastate,untrained,persistence,pitch_imu,20,2.0,0.2130134573845499,0.0,0.2130134573845499,0.0,False
untrained,unseen_seastate,untrained,persistence,pitch_imu,30,3.0,0.17516701698880044,0.0,0.17516701698880044,0.0,False
untrained,unseen_seastate,untrained,persistence,pitch_imu,50,5.0,0.6908319769634659,0.0,0.6908319769634659,0.0,False
untrained,unseen_seastate,untrained,persistence,pitch_imu,100,10.0,0.10347597099213734,0.0,0.10347597099213734,0.0,False
untrained,unseen_seastate,untrained,persistence,pitch_imu,150,15.0,0.45734866414661357,0.0,0.45734866414661357,0.0,False
untrained,unseen_seastate,untrained,persistence,heave_imu,10,1.0,-2.6574560184343747,0.0,-2.6574560184343747,0.0,True
untrained,unseen_seastate,untrained,persistence,heave_imu,20,2.0,-0.04466372356985682,0.0,-0.04466372356985682,0.0,True
untrained,unseen_seastate,untrained,persistence,heave_imu,30,3.0,-0.38840175111320385,0.0,-0.38840175111320385,0.0,True
untrained,unseen_seastate,untrained,persistence,heave_imu,50,5.0,0.6671135986156007,0.0,0.6671135986156007,0.0,False
untrained,unseen_seastate,untrained,persistence,heave_imu,100,10.0,0.027786946847823346,0.0,0.027786946847823346,0.0,False
untrained,unseen_seastate,untrained,persistence,heave_imu,150,15.0,0.4590796774211301,0.0,0.4590796774211301,0.0,False
untrained,unseen_seastate,untrained,persistence,roll_rate_imu,10,1.0,-3.8127388008747483,0.0,-3.8127388008747483,0.0,True
untrained,unseen_seastate,untrained,persistence,roll_rate_imu,20,2.0,-0.13688717546435591,0.0,-0.13688717546435591,0.0,True
untrained,unseen_seastate,untrained,persistence,roll_rate_imu,30,3.0,-0.9865033711713767,0.0,-0.9865033711713767,0.0,True
untrained,unseen_seastate,untrained,persistence,roll_rate_imu,50,5.0,0.6580170631221129,0.0,0.6580170631221129,0.0,False
untrained,unseen_seastate,untrained,persistence,roll_rate_imu,100,10.0,-0.12169585883391232,0.0,-0.12169585883391232,0.0,True
untrained,unseen_seastate,untrained,persistence,roll_rate_imu,150,15.0,0.6008861186227488,0.0,0.6008861186227488,0.0,False
untrained,unseen_seastate,untrained,persistence,pitch_rate_imu,10,1.0,-0.6600359199254366,0.0,-0.6600359199254366,0.0,True
untrained,unseen_seastate,untrained,persistence,pitch_rate_imu,20,2.0,0.35959758620195315,0.0,0.35959758620195315,0.0,False
untrained,unseen_seastate,untrained,persistence,pitch_rate_imu,30,3.0,0.3948531722547607,0.0,0.3948531722547607,0.0,False
untrained,unseen_seastate,untrained,persistence,pitch_rate_imu,50,5.0,0.6765196185820836,0.0,0.6765196185820836,0.0,False
untrained,unseen_seastate,untrained,persistence,pitch_rate_imu,100,10.0,0.2517725742061757,0.0,0.2517725742061757,0.0,False
untrained,unseen_seastate,untrained,persistence,pitch_rate_imu,150,15.0,0.4266006340112415,0.0,0.4266006340112415,0.0,False
untrained,unseen_seastate,untrained,persistence,heave_rate_imu,10,1.0,-2.1202907981681407,0.0,-2.1202907981681407,0.0,True
untrained,unseen_seastate,untrained,persistence,heave_rate_imu,20,2.0,-0.007515287135242854,0.0,-0.007515287135242854,0.0,True
untrained,unseen_seastate,untrained,persistence,heave_rate_imu,30,3.0,-0.10823855877824862,0.0,-0.10823855877824862,0.0,True
untrained,unseen_seastate,untrained,persistence,heave_rate_imu,50,5.0,0.6916948278248481,0.0,0.6916948278248481,0.0,False
untrained,unseen_seastate,untrained,persistence,heave_rate_imu,100,10.0,-0.2068075502329194,0.0,-0.2068075502329194,0.0,True
untrained,unseen_seastate,untrained,persistence,heave_rate_imu,150,15.0,0.5280532704672907,0.0,0.5280532704672907,0.0,False
shuffle,unseen_heading,shuffled,window_mean,roll_imu,10,1.0,-3.4046441464744515,-3.3909687090519265,-0.0031144465671852917,0.02,True
shuffle,unseen_heading,shuffled,window_mean,roll_imu,20,2.0,-0.23937695304597661,-0.2362162271216075,-0.002556774336904155,0.02,True
shuffle,unseen_heading,shuffled,window_mean,roll_imu,30,3.0,0.38352310847909443,0.38417766536998554,-0.001062898914318211,0.02,True
shuffle,unseen_heading,shuffled,window_mean,roll_imu,50,5.0,0.7155760716310118,0.715969229914818,-0.0013842101814827146,0.02,True
shuffle,unseen_heading,shuffled,window_mean,roll_imu,100,10.0,0.11715643265656073,0.11691686856204397,0.0002712814750822634,0.02,True
shuffle,unseen_heading,shuffled,window_mean,roll_imu,150,15.0,0.41586211994730093,0.4158265973753157,6.08082665620735e-05,0.02,True
shuffle,unseen_heading,shuffled,window_mean,pitch_imu,10,1.0,-1.2763719760387162,-1.0445120303522755,-0.11340600702970205,0.02,True
shuffle,unseen_heading,shuffled,window_mean,pitch_imu,20,2.0,0.19694431712681004,0.30017001346460326,-0.14750110501669988,0.02,True
shuffle,unseen_heading,shuffled,window_mean,pitch_imu,30,3.0,0.52539905275348,0.5954007191260076,-0.17301480670285407,0.02,True
shuffle,unseen_heading,shuffled,window_mean,pitch_imu,50,5.0,0.6695587127306873,0.7075677684594363,-0.12997560333385016,0.02,True
shuffle,unseen_heading,shuffled,window_mean,pitch_imu,100,10.0,0.1856798900948302,0.23997344732865955,-0.07143639527197876,0.02,True
shuffle,unseen_heading,shuffled,window_mean,pitch_imu,150,15.0,0.5158422787810437,0.5320524524052312,-0.03464100561592254,0.02,True
shuffle,unseen_heading,shuffled,window_mean,heave_imu,10,1.0,-2.592291492708532,-2.568583181372056,-0.006643620207659184,0.02,True
shuffle,unseen_heading,shuffled,window_mean,heave_imu,20,2.0,-0.04805963733774821,-0.037314086839636884,-0.010359013373518966,0.02,True
shuffle,unseen_heading,shuffled,window_mean,heave_imu,30,3.0,0.44876272445835075,0.4547134195719611,-0.010912968202773543,0.02,True
shuffle,unseen_heading,shuffled,window_mean,heave_imu,50,5.0,0.7032373507308997,0.7041420913649692,-0.003058024165193407,0.02,True
shuffle,unseen_heading,shuffled,window_mean,heave_imu,100,10.0,0.14424062805093762,0.14641048096464693,-0.0025420332200909446,0.02,True
shuffle,unseen_heading,shuffled,window_mean,heave_imu,150,15.0,0.4844048179179782,0.4861602580009974,-0.003416318239982674,0.02,True
shuffle,unseen_heading,shuffled,window_mean,roll_rate_imu,10,1.0,-3.127485840307382,-3.122613085571693,-0.0011819578103855477,0.02,True
shuffle,unseen_heading,shuffled,window_mean,roll_rate_imu,20,2.0,-0.16575855784919447,-0.1639416122488193,-0.0015610281316986718,0.02,True
shuffle,unseen_heading,shuffled,window_mean,roll_rate_imu,30,3.0,0.41336351889900125,0.41527507220409576,-0.003269149670598104,0.02,True
shuffle,unseen_heading,shuffled,window_mean,roll_rate_imu,50,5.0,0.7201986483616144,0.7209743629223209,-0.0027800834677083053,0.02,True
shuffle,unseen_heading,shuffled,window_mean,roll_rate_imu,100,10.0,0.03955071113555697,0.042266559923831104,-0.00283570425196622,0.02,True
shuffle,unseen_heading,shuffled,window_mean,roll_rate_imu,150,15.0,0.4561191380220917,0.4578382401485269,-0.0031708288074507873,0.02,True
shuffle,unseen_heading,shuffled,window_mean,pitch_rate_imu,10,1.0,-0.9678432557644239,-0.6197758393064923,-0.21488616388237824,0.02,True
shuffle,unseen_heading,shuffled,window_mean,pitch_rate_imu,20,2.0,0.29608384929587217,0.393541644930659,-0.16069989772610804,0.02,True
shuffle,unseen_heading,shuffled,window_mean,pitch_rate_imu,30,3.0,0.585097208576707,0.6326445534962037,-0.12943144132478612,0.02,True
shuffle,unseen_heading,shuffled,window_mean,pitch_rate_imu,50,5.0,0.6592656629896263,0.6930760445735087,-0.11015882268590138,0.02,True
shuffle,unseen_heading,shuffled,window_mean,pitch_rate_imu,100,10.0,0.38079716726518,0.37927628584437956,0.002450174507782954,0.02,True
shuffle,unseen_heading,shuffled,window_mean,pitch_rate_imu,150,15.0,0.5039133814172724,0.5135687576332775,-0.019849416269043463,0.02,True
shuffle,unseen_heading,shuffled,window_mean,heave_rate_imu,10,1.0,-2.1543797204216903,-2.112402573765817,-0.013487055630173161,0.02,True
shuffle,unseen_heading,shuffled,window_mean,heave_rate_imu,20,2.0,0.07749049779390504,0.08695568092067485,-0.010366619592260484,0.02,True
shuffle,unseen_heading,shuffled,window_mean,heave_rate_imu,30,3.0,0.5083571768609135,0.5113895064626708,-0.006206026358141603,0.02,True
shuffle,unseen_heading,shuffled,window_mean,heave_rate_imu,50,5.0,0.7139148711149663,0.7156132810717701,-0.005972184507084588,0.02,True
shuffle,unseen_heading,shuffled,window_mean,heave_rate_imu,100,10.0,0.013673225095218844,0.013405284761908054,0.0002715809533260227,0.02,True
shuffle,unseen_heading,shuffled,window_mean,heave_rate_imu,150,15.0,0.54179743754831,0.5408722537189374,0.002015090215885529,0.02,True
untrained,unseen_heading,untrained,persistence,roll_imu,10,1.0,-3.761081350032592,0.0,-3.761081350032592,0.0,True
untrained,unseen_heading,untrained,persistence,roll_imu,20,2.0,-0.14159212545978206,0.0,-0.14159212545978206,0.0,True
untrained,unseen_heading,untrained,persistence,roll_imu,30,3.0,-0.9419594346515443,0.0,-0.9419594346515443,0.0,True
untrained,unseen_heading,untrained,persistence,roll_imu,50,5.0,0.661567523151884,0.0,0.661567523151884,0.0,False
untrained,unseen_heading,untrained,persistence,roll_imu,100,10.0,-0.17118764009286336,0.0,-0.17118764009286336,0.0,True
untrained,unseen_heading,untrained,persistence,roll_imu,150,15.0,0.6047743105915127,0.0,0.6047743105915127,0.0,False
untrained,unseen_heading,untrained,persistence,pitch_imu,10,1.0,-1.8230231726871753,0.0,-1.8230231726871753,0.0,True
untrained,unseen_heading,untrained,persistence,pitch_imu,20,2.0,0.22048859536466447,0.0,0.22048859536466447,0.0,False
untrained,unseen_heading,untrained,persistence,pitch_imu,30,3.0,0.044294029152835646,0.0,0.044294029152835646,0.0,False
untrained,unseen_heading,untrained,persistence,pitch_imu,50,5.0,0.3400642397576398,0.0,0.3400642397576398,0.0,False
untrained,unseen_heading,untrained,persistence,pitch_imu,100,10.0,-1.3450187481772935,0.0,-1.3450187481772935,0.0,True
untrained,unseen_heading,untrained,persistence,pitch_imu,150,15.0,0.3727721894872521,0.0,0.3727721894872521,0.0,False
untrained,unseen_heading,untrained,persistence,heave_imu,10,1.0,-2.588802427533792,0.0,-2.588802427533792,0.0,True
untrained,unseen_heading,untrained,persistence,heave_imu,20,2.0,-0.04033551836265392,0.0,-0.04033551836265392,0.0,True
untrained,unseen_heading,untrained,persistence,heave_imu,30,3.0,-0.32790174059571764,0.0,-0.32790174059571764,0.0,True
untrained,unseen_heading,untrained,persistence,heave_imu,50,5.0,0.6826608569849345,0.0,0.6826608569849345,0.0,False
untrained,unseen_heading,untrained,persistence,heave_imu,100,10.0,-0.14489370137489943,0.0,-0.14489370137489943,0.0,True
untrained,unseen_heading,untrained,persistence,heave_imu,150,15.0,0.5082420164461245,0.0,0.5082420164461245,0.0,False
untrained,unseen_heading,untrained,persistence,roll_rate_imu,10,1.0,-3.499471202316472,0.0,-3.499471202316472,0.0,True
untrained,unseen_heading,untrained,persistence,roll_rate_imu,20,2.0,-0.15471890043580094,0.0,-0.15471890043580094,0.0,True
untrained,unseen_heading,untrained,persistence,roll_rate_imu,30,3.0,-0.7826778548670053,0.0,-0.7826778548670053,0.0,True
untrained,unseen_heading,untrained,persistence,roll_rate_imu,50,5.0,0.669177809854471,0.0,0.669177809854471,0.0,False
untrained,unseen_heading,untrained,persistence,roll_rate_imu,100,10.0,-0.32614097527453145,0.0,-0.32614097527453145,0.0,True
untrained,unseen_heading,untrained,persistence,roll_rate_imu,150,15.0,0.6295248294201805,0.0,0.6295248294201805,0.0,False
untrained,unseen_heading,untrained,persistence,pitch_rate_imu,10,1.0,-1.2556335245711745,0.0,-1.2556335245711745,0.0,True
untrained,unseen_heading,untrained,persistence,pitch_rate_imu,20,2.0,0.3328857231078699,0.0,0.3328857231078699,0.0,False
untrained,unseen_heading,untrained,persistence,pitch_rate_imu,30,3.0,0.169983004939659,0.0,0.169983004939659,0.0,False
untrained,unseen_heading,untrained,persistence,pitch_rate_imu,50,5.0,0.26905769867428864,0.0,0.26905769867428864,0.0,False
untrained,unseen_heading,untrained,persistence,pitch_rate_imu,100,10.0,-0.9426655021962307,0.0,-0.9426655021962307,0.0,True
untrained,unseen_heading,untrained,persistence,pitch_rate_imu,150,15.0,0.3037721471411726,0.0,0.3037721471411726,0.0,False
untrained,unseen_heading,untrained,persistence,heave_rate_imu,10,1.0,-2.0757001875431356,0.0,-2.0757001875431356,0.0,True
untrained,unseen_heading,untrained,persistence,heave_rate_imu,20,2.0,-0.008564860268504892,0.0,-0.008564860268504892,0.0,True
untrained,unseen_heading,untrained,persistence,heave_rate_imu,30,3.0,-0.0515497206969191,0.0,-0.0515497206969191,0.0,True
untrained,unseen_heading,untrained,persistence,heave_rate_imu,50,5.0,0.7038555633205674,0.0,0.7038555633205674,0.0,False
untrained,unseen_heading,untrained,persistence,heave_rate_imu,100,10.0,-0.36550952532512637,0.0,-0.36550952532512637,0.0,True
untrained,unseen_heading,untrained,persistence,heave_rate_imu,150,15.0,0.5415036622690962,0.0,0.5415036622690962,0.0,False
shuffle,unseen_vessel,shuffled,window_mean,roll_imu,10,1.0,-4.30508013736665,-4.307449137313417,0.0004463537728721656,0.02,True
shuffle,unseen_vessel,shuffled,window_mean,roll_imu,20,2.0,-0.5862149324340575,-0.5875854137300733,0.0008632488584005005,0.02,True
shuffle,unseen_vessel,shuffled,window_mean,roll_imu,30,3.0,0.16437410779007833,0.16347162256269765,0.0010788459205000045,0.02,True
shuffle,unseen_vessel,shuffled,window_mean,roll_imu,50,5.0,0.5884796729349812,0.5882970649558532,0.00044354305880367484,0.02,True
shuffle,unseen_vessel,shuffled,window_mean,roll_imu,100,10.0,0.6664035609879204,0.6650167016605285,0.004140084996077875,0.02,True
shuffle,unseen_vessel,shuffled,window_mean,roll_imu,150,15.0,-0.7980185739607699,-0.8060402177975508,0.004441564344875526,0.02,True
shuffle,unseen_vessel,shuffled,window_mean,pitch_imu,10,1.0,-1.6037819146735175,-1.6023541612663497,-0.0005486391623472642,0.02,True
shuffle,unseen_vessel,shuffled,window_mean,pitch_imu,20,2.0,0.21504505521879025,0.21700264113858714,-0.0025001181646939763,0.02,True
shuffle,unseen_vessel,shuffled,window_mean,pitch_imu,30,3.0,0.5621318405030187,0.563972541350271,-0.0042215250685186945,0.02,True
shuffle,unseen_vessel,shuffled,window_mean,pitch_imu,50,5.0,0.7103878992008277,0.7099092208750395,0.0016500983837959282,0.02,True
shuffle,unseen_vessel,shuffled,window_mean,pitch_imu,100,10.0,0.1743536013357806,0.17252851578028372,0.0022056174627188563,0.02,True
shuffle,unseen_vessel,shuffled,window_mean,pitch_imu,150,15.0,0.5443665738619798,0.5440030177219135,0.0007972775132196741,0.02,True
shuffle,unseen_vessel,shuffled,window_mean,heave_imu,10,1.0,-2.713082663681819,-2.697246478397327,-0.004283237641044879,0.02,True
shuffle,unseen_vessel,shuffled,window_mean,heave_imu,20,2.0,-0.07635667371756205,-0.07158388549739758,-0.004453956694159489,0.02,True
shuffle,unseen_vessel,shuffled,window_mean,heave_imu,30,3.0,0.43607050007882475,0.4378407337768062,-0.0031489896268623863,0.02,True
shuffle,unseen_vessel,shuffled,window_mean,heave_imu,50,5.0,0.6956504465514048,0.6960549261595332,-0.001330765466989181,0.02,True
shuffle,unseen_vessel,shuffled,window_mean,heave_imu,100,10.0,0.22410810729669184,0.2229119733763063,0.0015392515125763895,0.02,True
shuffle,unseen_vessel,shuffled,window_mean,heave_imu,150,15.0,0.4857491411638776,0.4849622176374202,0.0015278947553082345,0.02,True
shuffle,unseen_vessel,shuffled,window_mean,roll_rate_imu,10,1.0,-3.9611829426980494,-3.967096379628539,0.0011905218821084418,0.02,True
shuffle,unseen_vessel,shuffled,window_mean,roll_rate_imu,20,2.0,-0.4887369979870717,-0.4886312531871595,-7.103491861126798e-05,0.02,True
shuffle,unseen_vessel,shuffled,window_mean,roll_rate_imu,30,3.0,0.21156288441405235,0.2121640096077262,-0.0007630080384808391,0.02,True
shuffle,unseen_vessel,shuffled,window_mean,roll_rate_imu,50,5.0,0.6057238061981585,0.6053873888213723,0.0008525256599917208,0.02,True
shuffle,unseen_vessel,shuffled,window_mean,roll_rate_imu,100,10.0,0.6343326579905676,0.6324751220400737,0.0050541774499859304,0.02,True
shuffle,unseen_vessel,shuffled,window_mean,roll_rate_imu,150,15.0,-0.37641904188217756,-0.38380015699234815,0.005333945854012034,0.02,True
shuffle,unseen_vessel,shuffled,window_mean,pitch_rate_imu,10,1.0,-1.15556722855553,-1.1480098163658368,-0.003518332240436184,0.02,True
shuffle,unseen_vessel,shuffled,window_mean,pitch_rate_imu,20,2.0,0.3367981577602994,0.33751856135707736,-0.0010874321222549277,0.02,True
shuffle,unseen_vessel,shuffled,window_mean,pitch_rate_imu,30,3.0,0.6177609113633552,0.6170690745878451,0.0018066881768963317,0.02,True
shuffle,unseen_vessel,shuffled,window_mean,pitch_rate_imu,50,5.0,0.7054827909752269,0.7060580132181016,-0.001956924388966108,0.02,True
shuffle,unseen_vessel,shuffled,window_mean,pitch_rate_imu,100,10.0,0.26594588391846874,0.266421589383536,-0.0006484725534214864,0.02,True
shuffle,unseen_vessel,shuffled,window_mean,pitch_rate_imu,150,15.0,0.5441041567750085,0.5442133386866896,-0.00023954608800225152,0.02,True
shuffle,unseen_vessel,shuffled,window_mean,heave_rate_imu,10,1.0,-2.2350014584436746,-2.22544234870748,-0.002963658531991875,0.02,True
shuffle,unseen_vessel,shuffled,window_mean,heave_rate_imu,20,2.0,0.058542300603225295,0.0601201369194887,-0.0016787638274236016,0.02,True
shuffle,unseen_vessel,shuffled,window_mean,heave_rate_imu,30,3.0,0.4992732086415842,0.49990807272889015,-0.0012694947722318162,0.02,True
shuffle,unseen_vessel,shuffled,window_mean,heave_rate_imu,50,5.0,0.7105285631153504,0.7119485419453688,-0.00492960125808195,0.02,True
shuffle,unseen_vessel,shuffled,window_mean,heave_rate_imu,100,10.0,0.04063986655345453,0.04139452542239308,-0.0007872465669687134,0.02,True
shuffle,unseen_vessel,shuffled,window_mean,heave_rate_imu,150,15.0,0.5500629402146219,0.5500499532775995,2.8863064060025145e-05,0.02,True
untrained,unseen_vessel,untrained,persistence,roll_imu,10,1.0,-2.909818244915573,0.0,-2.909818244915573,0.0,True
untrained,unseen_vessel,untrained,persistence,roll_imu,20,2.0,0.5739236706665394,0.0,0.5739236706665394,0.0,False
untrained,unseen_vessel,untrained,persistence,roll_imu,30,3.0,-1.1637211940601464,0.0,-1.1637211940601464,0.0,True
untrained,unseen_vessel,untrained,persistence,roll_imu,50,5.0,0.5855404641047894,0.0,0.5855404641047894,0.0,False
untrained,unseen_vessel,untrained,persistence,roll_imu,100,10.0,0.7865427992074814,0.0,0.7865427992074814,0.0,False
untrained,unseen_vessel,untrained,persistence,roll_imu,150,15.0,-1.5454266161253827,0.0,-1.5454266161253827,0.0,True
untrained,unseen_vessel,untrained,persistence,pitch_imu,10,1.0,-1.4028582759325827,0.0,-1.4028582759325827,0.0,True
untrained,unseen_vessel,untrained,persistence,pitch_imu,20,2.0,0.12606274570219977,0.0,0.12606274570219977,0.0,False
untrained,unseen_vessel,untrained,persistence,pitch_imu,30,3.0,0.18677540438162932,0.0,0.18677540438162932,0.0,False
untrained,unseen_vessel,untrained,persistence,pitch_imu,50,5.0,0.7069834315731758,0.0,0.7069834315731758,0.0,False
untrained,unseen_vessel,untrained,persistence,pitch_imu,100,10.0,-0.12412635661369698,0.0,-0.12412635661369698,0.0,True
untrained,unseen_vessel,untrained,persistence,pitch_imu,150,15.0,0.49684793376759673,0.0,0.49684793376759673,0.0,False
untrained,unseen_vessel,untrained,persistence,heave_imu,10,1.0,-2.7532785033421936,0.0,-2.7532785033421936,0.0,True
untrained,unseen_vessel,untrained,persistence,heave_imu,20,2.0,-0.09272121109980214,0.0,-0.09272121109980214,0.0,True
untrained,unseen_vessel,untrained,persistence,heave_imu,30,3.0,-0.3703280775214022,0.0,-0.3703280775214022,0.0,True
untrained,unseen_vessel,untrained,persistence,heave_imu,50,5.0,0.6679984075323924,0.0,0.6679984075323924,0.0,False
untrained,unseen_vessel,untrained,persistence,heave_imu,100,10.0,-0.08258940832101813,0.0,-0.08258940832101813,0.0,True
untrained,unseen_vessel,untrained,persistence,heave_imu,150,15.0,0.49173984495845735,0.0,0.49173984495845735,0.0,False
untrained,unseen_vessel,untrained,persistence,roll_rate_imu,10,1.0,-2.8627807330347044,0.0,-2.8627807330347044,0.0,True
untrained,unseen_vessel,untrained,persistence,roll_rate_imu,20,2.0,0.48435110871370857,0.0,0.48435110871370857,0.0,False
untrained,unseen_vessel,untrained,persistence,roll_rate_imu,30,3.0,-1.0582582313825393,0.0,-1.0582582313825393,0.0,True
untrained,unseen_vessel,untrained,persistence,roll_rate_imu,50,5.0,0.5986073723689369,0.0,0.5986073723689369,0.0,False
untrained,unseen_vessel,untrained,persistence,roll_rate_imu,100,10.0,0.7341523402554979,0.0,0.7341523402554979,0.0,False
untrained,unseen_vessel,untrained,persistence,roll_rate_imu,150,15.0,-0.8272820316133167,0.0,-0.8272820316133167,0.0,True
untrained,unseen_vessel,untrained,persistence,pitch_rate_imu,10,1.0,-0.8770587572643516,0.0,-0.8770587572643516,0.0,True
untrained,unseen_vessel,untrained,persistence,pitch_rate_imu,20,2.0,0.2555261482678277,0.0,0.2555261482678277,0.0,False
untrained,unseen_vessel,untrained,persistence,pitch_rate_imu,30,3.0,0.37737995321626927,0.0,0.37737995321626927,0.0,False
untrained,unseen_vessel,untrained,persistence,pitch_rate_imu,50,5.0,0.7129976207095625,0.0,0.7129976207095625,0.0,False
untrained,unseen_vessel,untrained,persistence,pitch_rate_imu,100,10.0,0.039743402534808014,0.0,0.039743402534808014,0.0,False
untrained,unseen_vessel,untrained,persistence,pitch_rate_imu,150,15.0,0.4679676231703337,0.0,0.4679676231703337,0.0,False
untrained,unseen_vessel,untrained,persistence,heave_rate_imu,10,1.0,-2.303802652917003,0.0,-2.303802652917003,0.0,True
untrained,unseen_vessel,untrained,persistence,heave_rate_imu,20,2.0,-0.07725886845908492,0.0,-0.07725886845908492,0.0,True
untrained,unseen_vessel,untrained,persistence,heave_rate_imu,30,3.0,-0.11150377863730432,0.0,-0.11150377863730432,0.0,True
untrained,unseen_vessel,untrained,persistence,heave_rate_imu,50,5.0,0.6923504660670186,0.0,0.6923504660670186,0.0,False
untrained,unseen_vessel,untrained,persistence,heave_rate_imu,100,10.0,-0.40179636860005385,0.0,-0.40179636860005385,0.0,True
untrained,unseen_vessel,untrained,persistence,heave_rate_imu,150,15.0,0.5597810913762187,0.0,0.5597810913762187,0.0,False
