model,head,n_realizations,dof,horizon_samples,horizon_s,n_windows,n_quantiles,alpha,picp,mean_interval_width,winkler,crps,pinball,crossing_rate,picp_ci_lo,picp_ci_hi,seed,deterministic,n_params,fit_time_s,best_epoch,epochs_run,best_val_loss,val_loss_name,regime,signal_std
residual_interval,quantile,384,roll,10,1.0,434304,9,0.1,0.9030149388446802,0.03583730169022145,0.060810937324214324,0.00519128937813307,0.002595644689066534,0.0,0.886736940023578,0.9212616047745359,0,True,68400,3.3968471989792306,,,,,id,3.682816873957597
residual_interval,quantile,384,roll,20,2.0,434304,9,0.1,0.9020041261420572,0.34922810576397656,0.5973630585214655,0.050891248601900356,0.0254456243009502,0.0,0.8856971729479811,0.9202682337717359,0,True,68400,3.3968471989792306,,,,,id,3.683691963859013
residual_interval,quantile,384,roll,30,3.0,434304,9,0.1,0.9016495358090185,1.2314937103533021,2.1156080071660037,0.17956480326798138,0.08978240163399068,0.0,0.8852156553934571,0.9201240951038904,0,True,68400,3.3968471989792306,,,,,id,3.6845301229084004
residual_interval,quantile,384,roll,50,5.0,434304,9,0.1,0.9021238579428235,2.5935582944486644,4.430211741928835,0.37341218358206907,0.18670609179103456,0.0,0.8858680785809019,0.9204874926318892,0,True,68400,3.3968471989792306,,,,,id,3.685983647312865
residual_interval,quantile,384,roll,100,10.0,434304,9,0.1,0.899694683908046,5.462815106667805,9.11292767206473,0.7945334688518904,0.3972667344259452,0.0,0.8836076227711466,0.9173942676097849,0,True,68400,3.3968471989792306,,,,,id,3.6900743810329235
residual_interval,quantile,384,roll,150,15.0,434304,9,0.1,0.8986792661361627,7.889615798264613,13.076038542319356,1.14330086039193,0.5716504301959648,0.0,0.8823729461391099,0.91628738164972,0,True,68400,3.3968471989792306,,,,,id,3.6937274583324062
residual_interval,quantile,384,pitch,10,1.0,434304,9,0.1,0.9033188734158561,0.02922161466552117,0.04734051164865792,0.00446210894097554,0.0022310544704877686,0.0,0.887481119216033,0.9174658188734158,0,True,68400,3.3968471989792306,,,,,id,1.2413165389175655
residual_interval,quantile,384,pitch,20,2.0,434304,9,0.1,0.9028906019746537,0.2723536859075807,0.430414397316524,0.04130679067329038,0.0206533953366452,0.0,0.8879009864058356,0.9165506764846743,0,True,68400,3.3968471989792306,,,,,id,1.2413790185919036
residual_interval,quantile,384,pitch,30,3.0,434304,9,0.1,0.9021261604774535,0.8902315748771623,1.3774132899709641,0.13481224100776912,0.06740612050388456,0.0,0.8879716166556144,0.9155690484084881,0,True,68400,3.3968471989792306,,,,,id,1.2413993725281671
residual_interval,quantile,384,pitch,50,5.0,434304,9,0.1,0.9017117042440318,1.5728060823053713,2.369437345007204,0.23675680836481533,0.11837840418240768,0.0,0.8879784091327734,0.9148223364279399,0,True,68400,3.3968471989792306,,,,,id,1.2415168463730468
residual_interval,quantile,384,pitch,100,10.0,434304,9,0.1,0.9006272104332449,3.4365910967758073,5.053506939620685,0.5159423811348347,0.25797119056741713,0.0,0.8879886554118774,0.9132684133694371,0,True,68400,3.3968471989792306,,,,,id,1.2411836658196425
residual_interval,quantile,384,pitch,150,15.0,434304,9,0.1,0.9023149683171235,4.217628366059088,6.123288545270267,0.6220320220519026,0.31101601102595117,0.0,0.8900380263594164,0.914544938568376,0,True,68400,3.3968471989792306,,,,,id,1.2405036351372414
residual_interval,quantile,384,heave,10,1.0,434304,9,0.1,0.8970628868258178,0.0119993543551363,0.02154695614400183,0.001985593516072002,0.000992796758036001,0.0,0.8810473193891836,0.91359543085028,0,True,68400,3.3968471989792306,,,,,id,0.7591945699315659
residual_interval,quantile,384,heave,20,2.0,434304,9,0.1,0.8977052939876216,0.1180361770218483,0.2122549391796322,0.019466860506198863,0.00973343025309943,0.0,0.8814877942639258,0.914109817086649,0,True,68400,3.3968471989792306,,,,,id,0.7592353662201028
residual_interval,quantile,384,heave,30,3.0,434304,9,0.1,0.8979493626584144,0.4167052404796384,0.7550149264467537,0.06868132622411331,0.034340663112056656,0.0,0.8816291123268494,0.9142724335949013,0,True,68400,3.3968471989792306,,,,,id,0.7592379733777742
residual_interval,quantile,384,heave,50,5.0,434304,9,0.1,0.8976822686413204,0.864699223469395,1.6096242154646176,0.14317263061959415,0.07158631530979707,0.0,0.880953088159446,0.9147901585064839,0,True,68400,3.3968471989792306,,,,,id,0.7593097520603712
residual_interval,quantile,384,heave,100,10.0,434304,9,0.1,0.8976638483642794,1.7668514583713704,2.9052602839435315,0.2831212965283512,0.14156064826417564,0.0,0.8826065382773357,0.9126627316349838,0,True,68400,3.3968471989792306,,,,,id,0.7591324816869609
residual_interval,quantile,384,heave,150,15.0,434304,9,0.1,0.8993308834364869,2.4045370986345036,3.6835197385992973,0.3712282414635027,0.18561412073175138,0.0,0.8856530218464487,0.9134830095969643,0,True,68400,3.3968471989792306,,,,,id,0.758700750262978
residual_interval,quantile,384,roll_rate,10,1.0,434304,9,0.1,0.9021883289124668,0.020080081823858852,0.0317642779116753,0.0029716003454945887,0.0014858001727472928,0.0,0.8869347853116711,0.918787531314471,0,True,68400,3.3968471989792306,,,,,id,1.9695482829582032
residual_interval,quantile,384,roll_rate,20,2.0,434304,9,0.1,0.9011660035366932,0.19468827010903134,0.31082688481478155,0.028912198905890918,0.014456099452945464,0.0,0.8858101122715886,0.9180432945586502,0,True,68400,3.3968471989792306,,,,,id,1.9698951249631573
residual_interval,quantile,384,roll_rate,30,3.0,434304,9,0.1,0.90129494547598,0.6816044316629889,1.0945784145131434,0.10094381953760583,0.050471909768802926,0.0,0.8857075343538167,0.9185240637894194,0,True,68400,3.3968471989792306,,,,,id,1.9702531268505945
residual_interval,quantile,384,roll_rate,50,5.0,434304,9,0.1,0.9014837533156499,1.4031172583009819,2.26927230643069,0.205295092321926,0.1026475461609629,0.0,0.8856069711538461,0.9188475123415857,0,True,68400,3.3968471989792306,,,,,id,1.9711142946671736
residual_interval,quantile,384,roll_rate,100,10.0,434304,9,0.1,0.9013432987032125,3.0736716566571776,4.8506233588943,0.4491031586320449,0.22455157931602257,0.0,0.886288060897436,0.9181962979848216,0,True,68400,3.3968471989792306,,,,,id,1.972726817260997
residual_interval,quantile,384,roll_rate,150,15.0,434304,9,0.1,0.9006433281756557,4.446884609827515,7.030968159581382,0.6441204557476681,0.32206022787383404,0.0,0.8855663889809903,0.917400772270115,0,True,68400,3.3968471989792306,,,,,id,1.9741281062750022
residual_interval,quantile,384,pitch_rate,10,1.0,434304,9,0.1,0.9007860853227233,0.03255004766844426,0.07194992396994278,0.00562253626544318,0.0028112681327215902,0.0,0.8801459922082228,0.9192422243405541,0,True,68400,3.3968471989792306,,,,,id,0.9236173504276821
residual_interval,quantile,384,pitch_rate,20,2.0,434304,9,0.1,0.900857463896257,0.2919083197281176,0.5986341666688034,0.04874318177115342,0.024371590885576718,0.0,0.8811558838969938,0.9184804307581786,0,True,68400,3.3968471989792306,,,,,id,0.9237371608217294
residual_interval,quantile,384,pitch_rate,30,3.0,434304,9,0.1,0.9022182618626584,0.9139242957916999,1.705335483926573,0.14630653462391013,0.0731532673119551,0.0,0.8839513336280578,0.9189256833922782,0,True,68400,3.3968471989792306,,,,,id,0.9238676654473805
residual_interval,quantile,384,pitch_rate,50,5.0,434304,9,0.1,0.9028100132625995,1.4016594073898014,2.2354096343072416,0.2138657512303247,0.10693287561516235,0.0,0.8878144686671088,0.9165826817160331,0,True,68400,3.3968471989792306,,,,,id,0.923797316378609
residual_interval,quantile,384,pitch_rate,100,10.0,434304,9,0.1,0.9035583370173887,2.898710521746716,4.352553148975432,0.4341319161750686,0.21706595808753446,0.0,0.8896475740495138,0.91695396542514,0,True,68400,3.3968471989792306,,,,,id,0.9237004804982916
residual_interval,quantile,384,pitch_rate,150,15.0,434304,9,0.1,0.9040418692897141,3.212711689113142,4.68025579971518,0.47502431631343955,0.23751215815671956,0.0,0.8914561574381078,0.9167361456491306,0,True,68400,3.3968471989792306,,,,,id,0.9234069683655249
residual_interval,quantile,384,heave_rate,10,1.0,434304,9,0.1,0.9006156977600943,0.007329977134351141,0.011087939436184586,0.0011591323065455405,0.00057956615327277,0.0,0.8877423993331859,0.913809393880784,0,True,68400,3.3968471989792306,,,,,id,0.4495602477358838
residual_interval,quantile,384,heave_rate,20,2.0,434304,9,0.1,0.9000838122605364,0.07086075458393136,0.10762664480897398,0.01122867895056655,0.0056143394752832775,0.0,0.8868761858053346,0.9132652473843207,0,True,68400,3.3968471989792306,,,,,id,0.44960586015695647
residual_interval,quantile,384,heave_rate,30,3.0,434304,9,0.1,0.9004499152667256,0.24618005935894613,0.3748678895718147,0.03891748879127522,0.019458744395637603,0.0,0.8871886973180076,0.9140011374521073,0,True,68400,3.3968471989792306,,,,,id,0.4496495382799816
residual_interval,quantile,384,heave_rate,50,5.0,434304,9,0.1,0.9005880673445329,0.49376872739852756,0.7637401915080696,0.07783526726353403,0.038917633631766986,0.0,0.8873431973916888,0.9146872927718833,0,True,68400,3.3968471989792306,,,,,id,0.44959255402628673
residual_interval,quantile,384,heave_rate,100,10.0,434304,9,0.1,0.9019534703801945,1.0845116022653885,1.5697737914911203,0.1680587650612315,0.0840293825306157,0.0,0.8901703069739169,0.914687120081786,0,True,68400,3.3968471989792306,,,,,id,0.4493860488108614
residual_interval,quantile,384,heave_rate,150,15.0,434304,9,0.1,0.9032152593575007,1.461246774521202,2.0788577925483,0.22342189313542,0.11171094656771008,0.0,0.8917262447502211,0.9152875635499558,0,True,68400,3.3968471989792306,,,,,id,0.44913945544323325
residual_interval,quantile,480,roll,10,1.0,542880,9,0.1,0.476733348069555,0.023455305721906294,0.331905694911905,0.021209260473615023,0.010604630236807517,0.0,0.44770916224580015,0.5049377855142941,0,True,68400,3.3781932900019456,,,,,unseen_seastate,6.257000679431415
residual_interval,quantile,480,roll,20,2.0,542880,9,0.1,0.4759320660182729,0.22037250321772295,3.155213610783661,0.20122225441564187,0.10061112720782092,0.0,0.44661591880341883,0.5040955643972885,0,True,68400,3.3781932900019456,,,,,unseen_seastate,6.258149735730003
residual_interval,quantile,480,roll,30,3.0,542880,9,0.1,0.47296824344238136,0.7235362562995018,10.688770075776363,0.6777787278007259,0.33888936390036317,0.0,0.44353333149130564,0.5015441718243442,0,True,68400,3.3781932900019456,,,,,unseen_seastate,6.258818948538503
residual_interval,quantile,480,roll,50,5.0,542880,9,0.1,0.4739610963748895,1.1392812204245464,17.247506393490852,1.0876137475467529,0.5438068737733763,0.0,0.4442016191423519,0.5020625644709696,0,True,68400,3.3781932900019456,,,,,unseen_seastate,6.25953903317843
residual_interval,quantile,480,roll,100,10.0,542880,9,0.1,0.5296732242852933,2.815721445933878,26.46125149097389,1.8401236220419686,0.9200618110209839,0.0,0.5021338509431181,0.5554516651930445,0,True,68400,3.3781932900019456,,,,,unseen_seastate,6.263610691806128
residual_interval,quantile,480,roll,150,15.0,542880,9,0.1,0.5433134394341291,4.3727081639489205,35.83813070493645,2.585015526318326,1.2925077631591626,0.0,0.5171974008989095,0.5680562463159445,0,True,68400,3.3781932900019456,,,,,unseen_seastate,6.26746488344986
residual_interval,quantile,480,pitch,10,1.0,542880,9,0.1,0.6593353964043619,0.022980707748950627,0.1174714224247257,0.009382980514843224,0.004691490257421605,0.0,0.6367030927645152,0.6813061357942823,0,True,68400,3.3781932900019456,,,,,unseen_seastate,1.7997766828726487
residual_interval,quantile,480,pitch,20,2.0,542880,9,0.1,0.649180297671677,0.20428608403018006,1.0999036331693453,0.08662838290694237,0.04331419145347115,0.0,0.6260278054081934,0.6715611184792218,0,True,68400,3.3781932900019456,,,,,unseen_seastate,1.7994950774677116
residual_interval,quantile,480,pitch,30,3.0,542880,9,0.1,0.633289124668435,0.6209489246454052,3.677912799731407,0.28206131323670597,0.14103065661835298,0.0,0.6092459199086354,0.6561544908635426,0,True,68400,3.3781932900019456,,,,,unseen_seastate,1.7992884411802126
residual_interval,quantile,480,pitch,50,5.0,542880,9,0.1,0.6232758620689656,0.9381586018849596,6.083290427655063,0.4547287672661385,0.22736438363306943,0.0,0.5987002192012968,0.6467594588122606,0,True,68400,3.3781932900019456,,,,,unseen_seastate,1.799307264730753
residual_interval,quantile,480,pitch,100,10.0,542880,9,0.1,0.6889257294429708,2.6087283002770465,9.776400104252462,0.8683653664167434,0.4341826832083721,0.0,0.6693595269672856,0.7076034298555851,0,True,68400,3.3781932900019456,,,,,unseen_seastate,1.7986835875269107
residual_interval,quantile,480,pitch,150,15.0,542880,9,0.1,0.6747052755673445,3.230777723418284,12.271571032335912,1.096322638863385,0.5481613194316924,0.0,0.6548512562628943,0.6935826057323902,0,True,68400,3.3781932900019456,,,,,unseen_seastate,1.799090637361259
residual_interval,quantile,480,heave,10,1.0,542880,9,0.1,0.23759210138520484,0.006935054930256119,0.18847860286037324,0.01123776128675621,0.005618880643378106,0.0,0.22735406535514296,0.24760039050987326,0,True,68400,3.3781932900019456,,,,,unseen_seastate,1.3052269451126672
residual_interval,quantile,480,heave,20,2.0,542880,9,0.1,0.2333535956380784,0.06461042138027406,1.8111329343009002,0.10750415115450297,0.05375207557725155,0.0,0.22304137194223403,0.24325688918361332,0,True,68400,3.3781932900019456,,,,,unseen_seastate,1.3051890619407918
residual_interval,quantile,480,heave,30,3.0,542880,9,0.1,0.2268272914824639,0.21055047244833794,6.223280260302223,0.3666857363582621,0.18334286817913095,0.0,0.21659068302387266,0.2369018936044798,0,True,68400,3.3781932900019456,,,,,unseen_seastate,1.3051257868066772
residual_interval,quantile,480,heave,50,5.0,542880,9,0.1,0.22022362216327734,0.3347641595918281,10.675678475581416,0.6229005707839497,0.31145028539197483,0.0,0.20968984858532272,0.2306614721485411,0,True,68400,3.3781932900019456,,,,,unseen_seastate,1.305196114559555
residual_interval,quantile,480,heave,100,10.0,542880,9,0.1,0.32635389036251106,0.8887366476520748,13.56573104760513,0.8948263334954268,0.44741316674771336,0.0,0.31630470822281165,0.33628209733274383,0,True,68400,3.3781932900019456,,,,,unseen_seastate,1.3048466130537077
residual_interval,quantile,480,heave,150,15.0,542880,9,0.1,0.3628776156793398,1.323806327932999,15.611534705223116,1.095074011778451,0.5475370058892254,0.0,0.3535730732390215,0.3714256373415856,0,True,68400,3.3781932900019456,,,,,unseen_seastate,1.3047382588874747
residual_interval,quantile,480,roll_rate,10,1.0,542880,9,0.1,0.5195457559681698,0.014584939501304225,0.14036180784773758,0.009710417055646983,0.00485520852782349,0.0,0.492221899867374,0.5448072778514589,0,True,68400,3.3781932900019456,,,,,unseen_seastate,3.299047438683298
residual_interval,quantile,480,roll_rate,20,2.0,542880,9,0.1,0.516767978190392,0.1350429950542924,1.3366182570593421,0.09184433227849137,0.04592216613924571,0.0,0.4894198994252874,0.5421958351753611,0,True,68400,3.3781932900019456,,,,,unseen_seastate,3.2992335448738204
residual_interval,quantile,480,roll_rate,30,3.0,542880,9,0.1,0.5141504568228706,0.4426496640601257,4.508514313831968,0.3077245901626518,0.15386229508132598,0.0,0.4865510794282346,0.5402196157530209,0,True,68400,3.3781932900019456,,,,,unseen_seastate,3.2996776276077266
residual_interval,quantile,480,roll_rate,50,5.0,542880,9,0.1,0.5107887562628942,0.6770135327093737,7.243390718656579,0.48868346691636294,0.2443417334581813,0.0,0.4827802645151783,0.5372296363837312,0,True,68400,3.3781932900019456,,,,,unseen_seastate,3.3008478104739085
residual_interval,quantile,480,roll_rate,100,10.0,542880,9,0.1,0.5627947244326554,1.6873077310538886,11.87558394167648,0.8873726445186796,0.4436863222593391,0.0,0.5376929524020041,0.586287531314471,0,True,68400,3.3781932900019456,,,,,unseen_seastate,3.3023390388764846
residual_interval,quantile,480,roll_rate,150,15.0,542880,9,0.1,0.5737861037430003,2.5859563717543836,16.721168445621043,1.2838141661161124,0.6419070830580563,0.0,0.5494059460654288,0.5966168398172709,0,True,68400,3.3781932900019456,,,,,unseen_seastate,3.303717238675165
residual_interval,quantile,480,pitch_rate,10,1.0,542880,9,0.1,0.8041132478632479,0.027622247334643243,0.09088176808270035,0.007696206442197008,0.003848103221098507,0.0,0.7830252081491306,0.8234435326407309,0,True,68400,3.3781932900019456,,,,,unseen_seastate,1.256288669542056
residual_interval,quantile,480,pitch_rate,20,2.0,542880,9,0.1,0.7889404656646036,0.23477533576448417,0.7518562425437071,0.06564669190942385,0.03282334595471193,0.0,0.7685503702475686,0.8083482998084291,0,True,68400,3.3781932900019456,,,,,unseen_seastate,1.2564720932103475
residual_interval,quantile,480,pitch_rate,30,3.0,542880,9,0.1,0.7619916003536693,0.6659351892807188,2.1589257193000067,0.19284513652270402,0.09642256826135202,0.0,0.7422255378720897,0.7820509136457412,0,True,68400,3.3781932900019456,,,,,unseen_seastate,1.2564709426767824
residual_interval,quantile,480,pitch_rate,50,5.0,542880,9,0.1,0.7371739610963749,0.9367578451929106,3.1465203046670793,0.2828468540735022,0.141423427036751,0.0,0.7173779196139111,0.7571235816386678,0,True,68400,3.3781932900019456,,,,,unseen_seastate,1.2560499558821334
residual_interval,quantile,480,pitch_rate,100,10.0,542880,9,0.1,0.7754347185381668,2.488765059878397,6.300316455461911,0.6246248953014711,0.3123124476507355,0.0,0.7591419834954318,0.7930220767020336,0,True,68400,3.3781932900019456,,,,,unseen_seastate,1.2558852337264772
residual_interval,quantile,480,pitch_rate,150,15.0,542880,9,0.1,0.7419300766283525,2.6838089531093345,7.217760200353527,0.7202762652336251,0.36013813261681266,0.0,0.7262408819628647,0.759386927129384,0,True,68400,3.3781932900019456,,,,,unseen_seastate,1.2565624407980214
residual_interval,quantile,480,heave_rate,10,1.0,542880,9,0.1,0.34228558797524317,0.004878006137798271,0.06645326403199275,0.004490024697878594,0.0022450123489392983,0.0,0.3326940576186266,0.3519364316239316,0,True,68400,3.3781932900019456,,,,,unseen_seastate,0.734348118721256
residual_interval,quantile,480,heave_rate,20,2.0,542880,9,0.1,0.3364389920424403,0.04508746560347066,0.6377747930199529,0.04273883821760844,0.021369419108804213,0.0,0.32665865384615383,0.3461075191570881,0,True,68400,3.3781932900019456,,,,,unseen_seastate,0.7343764911329834
residual_interval,quantile,480,heave_rate,30,3.0,542880,9,0.1,0.3252063071028588,0.14453053204610136,2.194079924636722,0.14480687664646583,0.07240343832323293,0.0,0.31537835249042145,0.33513575744179197,0,True,68400,3.3781932900019456,,,,,unseen_seastate,0.7344107746237766
residual_interval,quantile,480,heave_rate,50,5.0,542880,9,0.1,0.31192528735632186,0.22398657762442256,3.740649272039002,0.24188494385703097,0.12094247192851557,0.0,0.3014474653698792,0.32235784151193636,0,True,68400,3.3781932900019456,,,,,unseen_seastate,0.734264962236321
residual_interval,quantile,480,heave_rate,100,10.0,542880,9,0.1,0.45458480695549663,0.6416606530974883,4.861943840250115,0.38223969209375386,0.19111984604687682,0.0,0.4449015896699086,0.4630680352932508,0,True,68400,3.3781932900019456,,,,,unseen_seastate,0.7341029397003275
residual_interval,quantile,480,heave_rate,150,15.0,542880,9,0.1,0.4849101090480401,0.9382433686166975,5.937893571985298,0.49614934146212125,0.24807467073106057,0.0,0.47664525309460654,0.49235484821691716,0,True,68400,3.3781932900019456,,,,,unseen_seastate,0.7341299638155024
residual_interval,quantile,480,roll,10,1.0,542880,9,0.1,0.7991084585912173,0.02999705341593864,0.08704569128153625,0.00779104710665491,0.003895523553327457,0.0,0.7779821047008547,0.8205491545092839,0,True,68400,3.4553868969960604,,,,,unseen_heading,5.0567053318459285
residual_interval,quantile,480,roll,20,2.0,542880,9,0.1,0.7989021514883584,0.2953907349172782,0.8584515233742761,0.07680315299012813,0.0384015764950641,0.0,0.7775978116710875,0.8201040285145889,0,True,68400,3.4553868969960604,,,,,unseen_heading,5.058101722258217
residual_interval,quantile,480,roll,30,3.0,542880,9,0.1,0.8008362805776599,1.0578938658043342,3.0428181968387005,0.2725806563254758,0.13629032816273784,0.0,0.7796336206896552,0.822097839301503,0,True,68400,3.4553868969960604,,,,,unseen_heading,5.058718148754806
residual_interval,quantile,480,roll,50,5.0,542880,9,0.1,0.7997936928971412,2.2294856600389448,6.451384378858883,0.5755754536205757,0.28778772681028786,0.0,0.7788619031830238,0.8211322483790157,0,True,68400,3.4553868969960604,,,,,unseen_heading,5.058662539241705
residual_interval,quantile,480,roll,100,10.0,542880,9,0.1,0.7965977748305334,4.797155019090722,13.53782489820578,1.2401637202501996,0.6200818601250997,0.0,0.7762221853816682,0.8175042366637194,0,True,68400,3.4553868969960604,,,,,unseen_heading,5.062292920246066
residual_interval,quantile,480,roll,150,15.0,542880,9,0.1,0.7940576186265842,6.894143411080125,19.62816492630829,1.7934518533580137,0.8967259266790063,0.0,0.773533745947539,0.8149106156056587,0,True,68400,3.4553868969960604,,,,,unseen_heading,5.065170959625261
residual_interval,quantile,480,pitch,10,1.0,542880,9,0.1,1.0,0.03376319909643686,0.03376319909643686,0.0017163015103836797,0.0008581507551918399,0.0,1.0,1.0,0,True,68400,3.4553868969960604,,,,,unseen_heading,0.09331800023822037
residual_interval,quantile,480,pitch,20,2.0,542880,9,0.1,1.0,0.3145478132517767,0.3145478132517767,0.01632225715620844,0.00816112857810421,0.0,1.0,1.0,0,True,68400,3.4553868969960604,,,,,unseen_heading,0.09331311784801627
residual_interval,quantile,480,pitch,30,3.0,542880,9,0.1,1.0,1.0280094271274358,1.0280094271274358,0.05450457784150707,0.02725228892075354,0.0,1.0,1.0,0,True,68400,3.4553868969960604,,,,,unseen_heading,0.0933093260053012
residual_interval,quantile,480,pitch,50,5.0,542880,9,0.1,1.0,1.8074698838411372,1.8074698838411372,0.09968428110753197,0.049842140553765964,0.0,1.0,1.0,0,True,68400,3.4553868969960604,,,,,unseen_heading,0.09329922763600644
residual_interval,quantile,480,pitch,100,10.0,542880,9,0.1,1.0,3.9301794104192704,3.9301794104192704,0.2184295429015728,0.10921477145078642,0.0,1.0,1.0,0,True,68400,3.4553868969960604,,,,,unseen_heading,0.09327196673014979
residual_interval,quantile,480,pitch,150,15.0,542880,9,0.1,1.0,4.7387893304017235,4.7387893304017235,0.2565815563115135,0.12829077815575676,0.0,1.0,1.0,0,True,68400,3.4553868969960604,,,,,unseen_heading,0.09328776110372569
residual_interval,quantile,480,heave,10,1.0,542880,9,0.1,0.913546271735927,0.012137338841557576,0.017016142306684506,0.0017182612584022553,0.0008591306292011277,0.0,0.9024170166519304,0.9251126399941055,0,True,68400,3.4553868969960604,,,,,unseen_heading,0.7794698459399999
residual_interval,quantile,480,heave,20,2.0,542880,9,0.1,0.913146551724138,0.11953236137547706,0.16818718007540398,0.01694237764931097,0.00847118882465548,0.0,0.9019965277777778,0.9247128739316239,0,True,68400,3.4553868969960604,,,,,unseen_heading,0.7795381170816457
residual_interval,quantile,480,heave,30,3.0,542880,9,0.1,0.9108919098143236,0.4204741942921232,0.6000101522242038,0.06020906258056126,0.030104531290280612,0.0,0.8993563034188033,0.922665644341291,0,True,68400,3.4553868969960604,,,,,unseen_heading,0.7795925331975873
residual_interval,quantile,480,heave,50,5.0,542880,9,0.1,0.9067768199233717,0.8778767983746303,1.2942918345568006,0.12792005101419698,0.06396002550709849,0.0,0.8947045848069555,0.9192741029325081,0,True,68400,3.4553868969960604,,,,,unseen_heading,0.7797418971482062
residual_interval,quantile,480,heave,100,10.0,542880,9,0.1,0.9131797082228117,1.8162327956573625,2.4846309243743625,0.260930927787453,0.1304654638937265,0.0,0.9028857206012378,0.9237507368110817,0,True,68400,3.4553868969960604,,,,,unseen_heading,0.7798418820620302
residual_interval,quantile,480,heave,150,15.0,542880,9,0.1,0.905524241084586,2.3954562398221126,3.3323915284041448,0.3580483261069814,0.17902416305349064,0.0,0.895155328986148,0.9159627357795461,0,True,68400,3.4553868969960604,,,,,unseen_heading,0.7799149016983908
residual_interval,quantile,480,roll_rate,10,1.0,542880,9,0.1,0.7903680371352785,0.017166035873547397,0.0473706247763356,0.004467786927499407,0.0022338934637497043,0.0,0.7703428934571176,0.8107430279251401,0,True,68400,3.4553868969960604,,,,,unseen_heading,2.7332887334068814
residual_interval,quantile,480,roll_rate,20,2.0,542880,9,0.1,0.7885223253757736,0.16746779256314914,0.4677517943240813,0.04398867105676519,0.02199433552838258,0.0,0.7682477711464781,0.8088915137783672,0,True,68400,3.4553868969960604,,,,,unseen_heading,2.733256744126837
residual_interval,quantile,480,roll_rate,30,3.0,542880,9,0.1,0.786814765694076,0.5883249872608529,1.6626109481246163,0.15570340005143274,0.0778517000257164,0.0,0.7664976606248157,0.8072211170055997,0,True,68400,3.4553868969960604,,,,,unseen_heading,2.733638938173776
residual_interval,quantile,480,roll_rate,50,5.0,542880,9,0.1,0.785709549071618,1.222947213761177,3.5034446418445033,0.3260695782162726,0.16303478910813624,0.0,0.7647683650162098,0.8060833425434719,0,True,68400,3.4553868969960604,,,,,unseen_heading,2.7350087097464617
residual_interval,quantile,480,roll_rate,100,10.0,542880,9,0.1,0.776372310639552,2.643482162078929,7.62054297716799,0.7225040404132957,0.36125202020664804,0.0,0.75626238763631,0.7968841640878278,0,True,68400,3.4553868969960604,,,,,unseen_heading,2.736128999843485
residual_interval,quantile,480,roll_rate,150,15.0,542880,9,0.1,0.7745321249631595,3.7829315224475124,11.088952350288162,1.0416753485958576,0.5208376742979284,0.0,0.7541662982611259,0.795137829722959,0,True,68400,3.4553868969960604,,,,,unseen_heading,2.7370865408303726
residual_interval,quantile,480,pitch_rate,10,1.0,542880,9,0.1,1.0,0.039726043013466425,0.039726043013466425,0.0016341991117214054,0.0008170995558607028,0.0,1.0,1.0,0,True,68400,3.4553868969960604,,,,,unseen_heading,0.06576512293290253
residual_interval,quantile,480,pitch_rate,20,2.0,542880,9,0.1,1.0,0.3554737124174102,0.3554737124174102,0.01524474324234718,0.007622371621173591,0.0,1.0,1.0,0,True,68400,3.4553868969960604,,,,,unseen_heading,0.06576105880147227
residual_interval,quantile,480,pitch_rate,30,3.0,542880,9,0.1,1.0,1.1036800689940613,1.1036800689940613,0.04990394945424451,0.02495197472712229,0.0,1.0,1.0,0,True,68400,3.4553868969960604,,,,,unseen_heading,0.06575441150073948
residual_interval,quantile,480,pitch_rate,50,5.0,542880,9,0.1,1.0,1.6329252522094257,1.6329252522094257,0.08403243429781423,0.04201621714890707,0.0,1.0,1.0,0,True,68400,3.4553868969960604,,,,,unseen_heading,0.06574188233734778
residual_interval,quantile,480,pitch_rate,100,10.0,542880,9,0.1,1.0,3.2685452445917993,3.2685452445917993,0.17825495452623957,0.08912747726311983,0.0,1.0,1.0,0,True,68400,3.4553868969960604,,,,,unseen_heading,0.06572507723549406
residual_interval,quantile,480,pitch_rate,150,15.0,542880,9,0.1,1.0,3.6099153480054045,3.6099153480054045,0.1980329355068232,0.09901646775341169,0.0,1.0,1.0,0,True,68400,3.4553868969960604,,,,,unseen_heading,0.0657301350648849
residual_interval,quantile,480,heave_rate,10,1.0,542880,9,0.1,0.9394562334217507,0.0075248041977525595,0.008944694771979612,0.0009703741496856133,0.0004851870748428065,0.0,0.932836814765694,0.9464509191718243,0,True,68400,3.4553868969960604,,,,,unseen_heading,0.44901789131634606
residual_interval,quantile,480,heave_rate,20,2.0,542880,9,0.1,0.9369308134394341,0.07303134167785709,0.08769999583612213,0.009525968796146487,0.004762984398073246,0.0,0.9300598198496905,0.9441651930445033,0,True,68400,3.4553868969960604,,,,,unseen_heading,0.4490640117514402
residual_interval,quantile,480,heave_rate,30,3.0,542880,9,0.1,0.9350261567933982,0.2560830864943023,0.31011678599218884,0.03361785889236224,0.016808929446181127,0.0,0.9278351569407604,0.9424468575007369,0,True,68400,3.4553868969960604,,,,,unseen_heading,0.44910731984426616
residual_interval,quantile,480,heave_rate,50,5.0,542880,9,0.1,0.9250921013852048,0.5109653479913262,0.6480460867504044,0.06999634123896423,0.034998170619482113,0.0,0.9166608182287062,0.9337534538019452,0,True,68400,3.4553868969960604,,,,,unseen_heading,0.44913294867058995
residual_interval,quantile,480,heave_rate,100,10.0,542880,9,0.1,0.9270409666961391,1.1131196431447419,1.379907483312633,0.1545560312534215,0.07727801562671081,0.0,0.9196775069997052,0.9347378334070144,0,True,68400,3.4553868969960604,,,,,unseen_heading,0.4491261128521456
residual_interval,quantile,480,heave_rate,150,15.0,542880,9,0.1,0.9133841732979664,1.467669377570392,1.9090959786436665,0.21648012309897888,0.1082400615494895,0.0,0.9052291482463896,0.9220242502947243,0,True,68400,3.4553868969960604,,,,,unseen_heading,0.4491083042103025
residual_interval,quantile,384,roll,10,1.0,434304,9,0.1,0.919607003389331,0.0345347635410035,0.06552445426104211,0.004485657080229278,0.002242828540114638,0.0,0.9018888267204539,0.9368790064102565,0,True,68400,3.1483705639839172,,,,,unseen_vessel,2.1637411794341554
residual_interval,quantile,384,roll,20,2.0,434304,9,0.1,0.9202425029472443,0.33903947298044085,0.6399482483971827,0.0437734431729405,0.021886721586470245,0.0,0.9026918932360743,0.9374451421124373,0,True,68400,3.1483705639839172,,,,,unseen_vessel,2.16324713835809
residual_interval,quantile,384,roll,30,3.0,434304,9,0.1,0.9197428529325081,1.182090951761055,2.2476839267094504,0.15371610148197273,0.07685805074098633,0.0,0.9020194379973474,0.9369911974101091,0,True,68400,3.1483705639839172,,,,,unseen_vessel,2.162494943561516
residual_interval,quantile,384,roll,50,5.0,434304,9,0.1,0.9249166482463896,2.52459408013702,4.554377077993608,0.3102187085932234,0.15510935429661177,0.0,0.9082609761825818,0.9413687762488948,0,True,68400,3.1483705639839172,,,,,unseen_vessel,2.162524144828776
residual_interval,quantile,384,roll,100,10.0,434304,9,0.1,0.9301387967875037,5.374198453384889,8.646126959988543,0.6103327467786102,0.3051663733893049,0.0,0.9147981022509578,0.9456125778256704,0,True,68400,3.1483705639839172,,,,,unseen_vessel,2.1632182726804206
residual_interval,quantile,384,roll,150,15.0,434304,9,0.1,0.9342718464485706,7.794906251712274,11.761549661997936,0.8379143250745107,0.41895716253725523,0.0,0.9194429477969348,0.9485923454538756,0,True,68400,3.1483705639839172,,,,,unseen_vessel,2.164599840366654
residual_interval,quantile,384,pitch,10,1.0,434304,9,0.1,0.9683263336280578,0.028165802776696093,0.03170851682749011,0.002686774810124316,0.001343387405062157,0.0,0.9607093763815208,0.975828336833186,0,True,68400,3.1483705639839172,,,,,unseen_vessel,1.054918979036852
residual_interval,quantile,384,pitch,20,2.0,434304,9,0.1,0.9657497973769525,0.2654770051402265,0.3028759369386098,0.02597549938930328,0.012987749694651643,0.0,0.9580436744768641,0.9737834558281756,0,True,68400,3.1483705639839172,,,,,unseen_vessel,1.0551327883415698
residual_interval,quantile,384,pitch,30,3.0,434304,9,0.1,0.9614072170645447,0.8798344428051262,1.0276830939672454,0.08961515472361962,0.04480757736180983,0.0,0.9528727573312703,0.9700628476827292,0,True,68400,3.1483705639839172,,,,,unseen_vessel,1.0554849077799053
residual_interval,quantile,384,pitch,50,5.0,434304,9,0.1,0.947179855585028,1.540513160542026,1.9522002613751717,0.17607493044360442,0.08803746522180225,0.0,0.9368696235816386,0.9579249212533156,0,True,68400,3.1483705639839172,,,,,unseen_vessel,1.0556697846975003
residual_interval,quantile,384,pitch,100,10.0,434304,9,0.1,0.9463048924255821,3.431221034205786,4.163019329510159,0.38955553259178916,0.1947777662958947,0.0,0.9370601583222812,0.9556535284040673,0,True,68400,3.1483705639839172,,,,,unseen_vessel,1.0562287908366403
residual_interval,quantile,384,pitch,150,15.0,434304,9,0.1,0.9337353558797524,4.207978508253689,5.37131548412823,0.5103596445514854,0.25517982227574265,0.0,0.9238437822354848,0.944907887102122,0,True,68400,3.1483705639839172,,,,,unseen_vessel,1.0566735693319307
residual_interval,quantile,384,heave,10,1.0,434304,9,0.1,0.9187550655761862,0.012087183939948619,0.020130134232502706,0.0016880002957024938,0.0008440001478512468,0.0,0.9033155923040083,0.9341469915082522,0,True,68400,3.1483705639839172,,,,,unseen_vessel,0.6538497228934008
residual_interval,quantile,384,heave,20,2.0,434304,9,0.1,0.9176383362805777,0.11803535597566504,0.19867035596617594,0.01661806569127039,0.008309032845635196,0.0,0.9019399429892425,0.9332157889404658,0,True,68400,3.1483705639839172,,,,,unseen_vessel,0.6539339478701262
residual_interval,quantile,384,heave,30,3.0,434304,9,0.1,0.9172215775125258,0.41772827251025724,0.7093282583819547,0.05903218841546219,0.029516094207731106,0.0,0.9012622494842323,0.9329390818412909,0,True,68400,3.1483705639839172,,,,,unseen_vessel,0.6541326237646001
residual_interval,quantile,384,heave,50,5.0,434304,9,0.1,0.9155821728558797,0.8775155332585796,1.5261492745086322,0.12521666746970306,0.06260833373485158,0.0,0.8995722466290894,0.931749247071176,0,True,68400,3.1483705639839172,,,,,unseen_vessel,0.6542583886872622
residual_interval,quantile,384,heave,100,10.0,434304,9,0.1,0.9241383915414088,1.7904778035483715,2.6702867728738897,0.2376302111615574,0.11881510558077878,0.0,0.9098726352969349,0.9381034943265546,0,True,68400,3.1483705639839172,,,,,unseen_vessel,0.6543754769960836
residual_interval,quantile,384,heave,150,15.0,434304,9,0.1,0.9251215738284704,2.390885515975992,3.336805081121265,0.31007087246503073,0.15503543623251542,0.0,0.91185022472738,0.9383681131189213,0,True,68400,3.1483705639839172,,,,,unseen_vessel,0.6543828266952652
residual_interval,quantile,384,roll_rate,10,1.0,434304,9,0.1,0.9430352932508105,0.01976396532801655,0.028896566276208173,0.0020836269427347205,0.0010418134713673607,0.0,0.9293605400825229,0.9562502878168287,0,True,68400,3.1483705639839172,,,,,unseen_vessel,1.0024554842926892
residual_interval,quantile,384,roll_rate,20,2.0,434304,9,0.1,0.9430537135278515,0.1926618824726333,0.28188063081441384,0.020272989247773807,0.010136494623886907,0.0,0.929443488892573,0.9563095205201886,0,True,68400,3.1483705639839172,,,,,unseen_vessel,1.0028043048846653
residual_interval,quantile,384,roll_rate,30,3.0,434304,9,0.1,0.9432908745947539,0.6780935391172,0.9908334223783958,0.0708513430953854,0.035425671547692716,0.0,0.9295168246205422,0.9565070204280873,0,True,68400,3.1483705639839172,,,,,unseen_vessel,1.0032425289065006
residual_interval,quantile,384,roll_rate,50,5.0,434304,9,0.1,0.9451766504568229,1.401136211029969,2.0101752220009295,0.14225654847006813,0.07112827423503404,0.0,0.9317596084770116,0.9581549444628646,0,True,68400,3.1483705639839172,,,,,unseen_vessel,1.0033121804656835
residual_interval,quantile,384,roll_rate,100,10.0,434304,9,0.1,0.9515569739168878,3.055873010691209,4.007633522148607,0.2916277579911389,0.14581387899556947,0.0,0.9399907668361333,0.9630881249078986,0,True,68400,3.1483705639839172,,,,,unseen_vessel,1.0033808376976885
residual_interval,quantile,384,roll_rate,150,15.0,434304,9,0.1,0.9551351127320955,4.4467531237051885,5.595163595866597,0.4046904359631185,0.20234521798155913,0.0,0.9443754835322723,0.9662920442823459,0,True,68400,3.1483705639839172,,,,,unseen_vessel,1.003279779544346
residual_interval,quantile,384,pitch_rate,10,1.0,434304,9,0.1,0.9920079022988506,0.03267288556410302,0.033311420224782805,0.002180778097645615,0.0010903890488228071,0.0,0.9890349271478043,0.9946525360116417,0,True,68400,3.1483705639839172,,,,,unseen_vessel,0.7030690217475473
residual_interval,quantile,384,pitch_rate,20,2.0,434304,9,0.1,0.9902165303566166,0.29282536505549583,0.30005884836641494,0.02062494058604612,0.010312470293023061,0.0,0.9869260356800766,0.9932674463048924,0,True,68400,3.1483705639839172,,,,,unseen_vessel,0.703086203551836
residual_interval,quantile,384,pitch_rate,30,3.0,434304,9,0.1,0.9864150456822871,0.8974604661816946,0.9298407317884875,0.06883487708940064,0.034417438544700335,0.0,0.9825439668987621,0.9900626634799587,0,True,68400,3.1483705639839172,,,,,unseen_vessel,0.7030053176354107
residual_interval,quantile,384,pitch_rate,50,5.0,434304,9,0.1,0.9744648909519599,1.3819809823784166,1.4882827911147982,0.12559923954223678,0.06279961977111839,0.0,0.9686687205275568,0.9799864265583554,0,True,68400,3.1483705639839172,,,,,unseen_vessel,0.7031631741182381
residual_interval,quantile,384,pitch_rate,100,10.0,434304,9,0.1,0.9657083517536104,2.850793681921307,3.1635800290122704,0.28333020217439925,0.1416651010871995,0.0,0.9589479949528441,0.9720564397288535,0,True,68400,3.1483705639839172,,,,,unseen_vessel,0.7033991527997708
residual_interval,quantile,384,pitch_rate,150,15.0,434304,9,0.1,0.9473870837017389,3.132811030394867,3.737546375815147,0.352413494226949,0.1762067471134746,0.0,0.938668593888152,0.9563627666335102,0,True,68400,3.1483705639839172,,,,,unseen_vessel,0.7036809279539469
residual_interval,quantile,384,heave_rate,10,1.0,434304,9,0.1,0.9434520520188624,0.00729092517979452,0.009380168676686845,0.0008681644377208008,0.0004340822188604003,0.0,0.9326395220859122,0.9547191598511642,0,True,68400,3.1483705639839172,,,,,unseen_vessel,0.366916177705551
residual_interval,quantile,384,heave_rate,20,2.0,434304,9,0.1,0.9420452033598585,0.07083509093616883,0.09198486893790282,0.008502158553547223,0.00425107927677361,0.0,0.9309040441718244,0.9534747550103153,0,True,68400,3.1483705639839172,,,,,unseen_vessel,0.36695350087924916
residual_interval,quantile,384,heave_rate,30,3.0,434304,9,0.1,0.9391232869142352,0.24455638268121027,0.3240442740466261,0.029930027480812058,0.014965013740406024,0.0,0.9276718611847922,0.9509772532603891,0,True,68400,3.1483705639839172,,,,,unseen_vessel,0.36689902485748377
residual_interval,quantile,384,heave_rate,50,5.0,434304,9,0.1,0.9335488505747126,0.49020109941316087,0.6783085173470655,0.062085223362150395,0.0310426116810752,0.0,0.9210871302129383,0.9461882690465665,0,True,68400,3.1483705639839172,,,,,unseen_vessel,0.3669440869125789
residual_interval,quantile,384,heave_rate,100,10.0,434304,9,0.1,0.9399084512231064,1.0545989768901816,1.331667524728657,0.12892492788043547,0.06446246394021776,0.0,0.9296197479185087,0.9510678004347185,0,True,68400,3.1483705639839172,,,,,unseen_vessel,0.36700725147074686
residual_interval,quantile,384,heave_rate,150,15.0,434304,9,0.1,0.9405301355732391,1.4381711563596575,1.7817171346608427,0.17438465542904621,0.08719232771452308,0.0,0.930987568615532,0.9506394138667845,0,True,68400,3.1483705639839172,,,,,unseen_vessel,0.3670157241047937
