model,head,regime,dof,horizon_samples,horizon_s,n_seeds,deterministic,n_windows,n_quantiles,alpha,picp_mean,picp_std,picp_ci_lo,picp_ci_hi,mean_interval_width_mean,mean_interval_width_std,width_ratio_mean,width_ratio_std,signal_std,winkler_mean,winkler_std,crps_mean,crps_std,pinball_mean,pinball_std,crossing_rate_mean,crossing_rate_std,n_params,val_loss_name,fit_time_s_mean
residual_interval,quantile,id,heave,10,1.0,1,True,434304,9,0.1,0.8970628868258178,,0.8810473193891836,0.91359543085028,0.0119993543551363,,0.00480449264764429,,0.7591945699315659,0.0215469561440018,,0.001985593516072,,0.000992796758036,,0.0,,68400,,3.3968471989792306
residual_interval,quantile,id,heave,20,2.0,1,True,434304,9,0.1,0.8977052939876216,,0.8814877942639258,0.914109817086649,0.1180361770218483,,0.04725866537964732,,0.7592353662201028,0.2122549391796322,,0.0194668605061988,,0.0097334302530994,,0.0,,68400,,3.3968471989792306
residual_interval,quantile,id,heave,30,3.0,1,True,434304,9,0.1,0.8979493626584144,,0.8816291123268494,0.9142724335949012,0.4167052404796384,,0.1668375441733728,,0.7592379733777742,0.7550149264467537,,0.0686813262241133,,0.0343406631120566,,0.0,,68400,,3.3968471989792306
residual_interval,quantile,id,heave,50,5.0,1,True,434304,9,0.1,0.8976822686413204,,0.880953088159446,0.914790158506484,0.864699223469395,,0.34616953030732506,,0.7593097520603712,1.6096242154646176,,0.1431726306195941,,0.071586315309797,,0.0,,68400,,3.3968471989792306
residual_interval,quantile,id,heave,100,10.0,1,True,434304,9,0.1,0.8976638483642794,,0.8826065382773357,0.9126627316349838,1.7668514583713704,,0.7074979934352857,,0.7591324816869609,2.9052602839435315,,0.2831212965283512,,0.1415606482641756,,0.0,,68400,,3.3968471989792306
residual_interval,quantile,id,heave,150,15.0,1,True,434304,9,0.1,0.8993308834364869,,0.8856530218464487,0.9134830095969644,2.404537098634504,,0.9633935093602107,,0.758700750262978,3.683519738599297,,0.3712282414635027,,0.1856141207317513,,0.0,,68400,,3.3968471989792306
residual_interval,quantile,id,heave_rate,10,1.0,1,True,434304,9,0.1,0.9006156977600943,,0.8877423993331859,0.913809393880784,0.0073299771343511,,0.004956298626301007,,0.4495602477358838,0.0110879394361845,,0.0011591323065455,,0.0005795661532727,,0.0,,68400,,3.3968471989792306
residual_interval,quantile,id,heave_rate,20,2.0,1,True,434304,9,0.1,0.9000838122605364,,0.8868761858053346,0.9132652473843208,0.0708607545839313,,0.047908939452752035,,0.4496058601569564,0.1076266448089739,,0.0112286789505665,,0.0056143394752832,,0.0,,68400,,3.3968471989792306
residual_interval,quantile,id,heave_rate,30,3.0,1,True,434304,9,0.1,0.9004499152667256,,0.8871886973180076,0.9140011374521072,0.2461800593589461,,0.16642611214528108,,0.4496495382799816,0.3748678895718147,,0.0389174887912752,,0.0194587443956376,,0.0,,68400,,3.3968471989792306
residual_interval,quantile,id,heave_rate,50,5.0,1,True,434304,9,0.1,0.9005880673445329,,0.8873431973916888,0.9146872927718832,0.4937687273985275,,0.33384680030617603,,0.4495925540262867,0.7637401915080696,,0.077835267263534,,0.0389176336317669,,0.0,,68400,,3.3968471989792306
residual_interval,quantile,id,heave_rate,100,10.0,1,True,434304,9,0.1,0.9019534703801944,,0.8901703069739169,0.914687120081786,1.0845116022653885,,0.7335966922310099,,0.4493860488108614,1.5697737914911205,,0.1680587650612315,,0.0840293825306157,,0.0,,68400,,3.3968471989792306
residual_interval,quantile,id,heave_rate,150,15.0,1,True,434304,9,0.1,0.9032152593575008,,0.8917262447502211,0.9152875635499558,1.461246774521202,,0.9889745255207079,,0.4491394554432332,2.0788577925483,,0.22342189313542,,0.11171094656771,,0.0,,68400,,3.3968471989792306
residual_interval,quantile,id,pitch,10,1.0,1,True,434304,9,0.1,0.903318873415856,,0.887481119216033,0.9174658188734158,0.0292216146655211,,0.00715590251092936,,1.2413165389175655,0.0473405116486579,,0.0044621089409755,,0.0022310544704877,,0.0,,68400,,3.3968471989792306
residual_interval,quantile,id,pitch,20,2.0,1,True,434304,9,0.1,0.9028906019746537,,0.8879009864058356,0.9165506764846744,0.2723536859075807,,0.06669167174731308,,1.2413790185919036,0.430414397316524,,0.0413067906732903,,0.0206533953366452,,0.0,,68400,,3.3968471989792306
residual_interval,quantile,id,pitch,30,3.0,1,True,434304,9,0.1,0.9021261604774536,,0.8879716166556144,0.915569048408488,0.8902315748771623,,0.21798881967691033,,1.2413993725281671,1.377413289970964,,0.1348122410077691,,0.0674061205038845,,0.0,,68400,,3.3968471989792306
residual_interval,quantile,id,pitch,50,5.0,1,True,434304,9,0.1,0.9017117042440318,,0.8879784091327734,0.91482233642794,1.5728060823053711,,0.3850927217795559,,1.2415168463730468,2.369437345007204,,0.2367568083648153,,0.1183784041824076,,0.0,,68400,,3.3968471989792306
residual_interval,quantile,id,pitch,100,10.0,1,True,434304,9,0.1,0.9006272104332449,,0.8879886554118774,0.9132684133694372,3.4365910967758078,,0.8416558698394964,,1.2411836658196425,5.053506939620685,,0.5159423811348347,,0.2579711905674171,,0.0,,68400,,3.3968471989792306
residual_interval,quantile,id,pitch,150,15.0,1,True,434304,9,0.1,0.9023149683171235,,0.8900380263594164,0.914544938568376,4.217628366059088,,1.0335060321394445,,1.2405036351372414,6.123288545270267,,0.6220320220519026,,0.3110160110259511,,0.0,,68400,,3.3968471989792306
residual_interval,quantile,id,pitch_rate,10,1.0,1,True,434304,9,0.1,0.9007860853227232,,0.8801459922082228,0.919242224340554,0.0325500476684442,,0.010712782652860017,,0.923617350427682,0.0719499239699427,,0.0056225362654431,,0.0028112681327215,,0.0,,68400,,3.3968471989792306
residual_interval,quantile,id,pitch_rate,20,2.0,1,True,434304,9,0.1,0.900857463896257,,0.8811558838969938,0.9184804307581786,0.2919083197281176,,0.09605960699509163,,0.9237371608217294,0.5986341666688034,,0.0487431817711534,,0.0243715908855767,,0.0,,68400,,3.3968471989792306
residual_interval,quantile,id,pitch_rate,30,3.0,1,True,434304,9,0.1,0.9022182618626584,,0.8839513336280578,0.9189256833922782,0.9139242957917,,0.30070676800213364,,0.9238676654473804,1.705335483926573,,0.1463065346239101,,0.0731532673119551,,0.0,,68400,,3.3968471989792306
residual_interval,quantile,id,pitch_rate,50,5.0,1,True,434304,9,0.1,0.9028100132625996,,0.8878144686671088,0.9165826817160332,1.4016594073898014,,0.4612204417720927,,0.923797316378609,2.2354096343072416,,0.2138657512303247,,0.1069328756151623,,0.0,,68400,,3.3968471989792306
residual_interval,quantile,id,pitch_rate,100,10.0,1,True,434304,9,0.1,0.9035583370173887,,0.8896475740495138,0.91695396542514,2.898710521746716,,0.9539298195881497,,0.9237004804982916,4.352553148975432,,0.4341319161750686,,0.2170659580875344,,0.0,,68400,,3.3968471989792306
residual_interval,quantile,id,pitch_rate,150,15.0,1,True,434304,9,0.1,0.904041869289714,,0.8914561574381078,0.9167361456491306,3.212711689113142,,1.057599783883143,,0.9234069683655248,4.68025579971518,,0.4750243163134395,,0.2375121581567195,,0.0,,68400,,3.3968471989792306
residual_interval,quantile,id,roll,10,1.0,1,True,434304,9,0.1,0.9030149388446802,,0.886736940023578,0.921261604774536,0.0358373016902214,,0.002957998340064105,,3.682816873957597,0.0608109373242143,,0.005191289378133,,0.0025956446890665,,0.0,,68400,,3.3968471989792306
residual_interval,quantile,id,roll,20,2.0,1,True,434304,9,0.1,0.9020041261420572,,0.8856971729479811,0.920268233771736,0.3492281057639765,,0.028818317991550366,,3.683691963859013,0.5973630585214655,,0.0508912486019003,,0.0254456243009502,,0.0,,68400,,3.3968471989792306
residual_interval,quantile,id,roll,30,3.0,1,True,434304,9,0.1,0.9016495358090184,,0.8852156553934571,0.9201240951038904,1.231493710353302,,0.10159979559003816,,3.6845301229084,2.115608007166004,,0.1795648032679813,,0.0897824016339906,,0.0,,68400,,3.3968471989792306
residual_interval,quantile,id,roll,50,5.0,1,True,434304,9,0.1,0.9021238579428236,,0.8858680785809019,0.9204874926318892,2.5935582944486644,,0.21388747685044537,,3.685983647312865,4.430211741928835,,0.373412183582069,,0.1867060917910345,,0.0,,68400,,3.3968471989792306
residual_interval,quantile,id,roll,100,10.0,1,True,434304,9,0.1,0.899694683908046,,0.8836076227711466,0.9173942676097848,5.462815106667805,,0.45001203534545764,,3.690074381032924,9.11292767206473,,0.7945334688518904,,0.3972667344259452,,0.0,,68400,,3.3968471989792306
residual_interval,quantile,id,roll,150,15.0,1,True,434304,9,0.1,0.8986792661361627,,0.8823729461391099,0.91628738164972,7.889615798264613,,0.6492825851151829,,3.6937274583324062,13.076038542319356,,1.14330086039193,,0.5716504301959648,,0.0,,68400,,3.3968471989792306
residual_interval,quantile,id,roll_rate,10,1.0,1,True,434304,9,0.1,0.9021883289124668,,0.8869347853116711,0.918787531314471,0.0200800818238588,,0.0030991428430042108,,1.9695482829582032,0.0317642779116753,,0.0029716003454945,,0.0014858001727472,,0.0,,68400,,3.3968471989792306
residual_interval,quantile,id,roll_rate,20,2.0,1,True,434304,9,0.1,0.9011660035366932,,0.8858101122715886,0.9180432945586502,0.1946882701090313,,0.030042732327712925,,1.969895124963157,0.3108268848147815,,0.0289121989058909,,0.0144560994529454,,0.0,,68400,,3.3968471989792306
residual_interval,quantile,id,roll_rate,30,3.0,1,True,434304,9,0.1,0.90129494547598,,0.8857075343538167,0.9185240637894194,0.6816044316629889,,0.10516061749721456,,1.9702531268505945,1.0945784145131434,,0.1009438195376058,,0.0504719097688029,,0.0,,68400,,3.3968471989792306
residual_interval,quantile,id,roll_rate,50,5.0,1,True,434304,9,0.1,0.90148375331565,,0.8856069711538461,0.9188475123415856,1.403117258300982,,0.21638388130644376,,1.9711142946671736,2.26927230643069,,0.205295092321926,,0.1026475461609629,,0.0,,68400,,3.3968471989792306
residual_interval,quantile,id,roll_rate,100,10.0,1,True,434304,9,0.1,0.9013432987032124,,0.886288060897436,0.9181962979848216,3.0736716566571776,,0.47362353123804773,,1.972726817260997,4.8506233588943,,0.4491031586320449,,0.2245515793160225,,0.0,,68400,,3.3968471989792306
residual_interval,quantile,id,roll_rate,150,15.0,1,True,434304,9,0.1,0.9006433281756557,,0.8855663889809903,0.917400772270115,4.446884609827515,,0.6847361806648965,,1.9741281062750025,7.030968159581382,,0.6441204557476681,,0.322060227873834,,0.0,,68400,,3.3968471989792306
residual_interval,quantile,unseen_heading,heave,10,1.0,1,True,542880,9,0.1,0.913546271735927,,0.9024170166519304,0.9251126399941056,0.0121373388415575,,0.0047333313202477375,,0.7794698459399999,0.0170161423066845,,0.0017182612584022,,0.0008591306292011,,0.0,,68400,,3.4553868969960604
residual_interval,quantile,unseen_heading,heave,20,2.0,1,True,542880,9,0.1,0.913146551724138,,0.9019965277777778,0.924712873931624,0.119532361375477,,0.04661126514558653,,0.7795381170816457,0.1681871800754039,,0.0169423776493109,,0.0084711888246554,,0.0,,68400,,3.4553868969960604
residual_interval,quantile,unseen_heading,heave,30,3.0,1,True,542880,9,0.1,0.9108919098143236,,0.8993563034188033,0.922665644341291,0.4204741942921232,,0.16395113355819146,,0.7795925331975873,0.6000101522242038,,0.0602090625805612,,0.0301045312902806,,0.0,,68400,,3.4553868969960604
residual_interval,quantile,unseen_heading,heave,50,5.0,1,True,542880,9,0.1,0.9067768199233716,,0.8947045848069555,0.919274102932508,0.8778767983746303,,0.342235808477561,,0.7797418971482062,1.2942918345568006,,0.1279200510141969,,0.0639600255070984,,0.0,,68400,,3.4553868969960604
residual_interval,quantile,unseen_heading,heave,100,10.0,1,True,542880,9,0.1,0.9131797082228116,,0.9028857206012378,0.9237507368110816,1.8162327956573625,,0.7079583450573612,,0.7798418820620302,2.4846309243743625,,0.260930927787453,,0.1304654638937265,,0.0,,68400,,3.4553868969960604
residual_interval,quantile,unseen_heading,heave,150,15.0,1,True,542880,9,0.1,0.905524241084586,,0.895155328986148,0.915962735779546,2.3954562398221126,,0.933649288771203,,0.7799149016983908,3.3323915284041448,,0.3580483261069814,,0.1790241630534906,,0.0,,68400,,3.4553868969960604
residual_interval,quantile,unseen_heading,heave_rate,10,1.0,1,True,542880,9,0.1,0.9394562334217508,,0.932836814765694,0.9464509191718244,0.0075248041977525,,0.005094180220091658,,0.449017891316346,0.0089446947719796,,0.0009703741496856,,0.0004851870748428,,0.0,,68400,,3.4553868969960604
residual_interval,quantile,unseen_heading,heave_rate,20,2.0,1,True,542880,9,0.1,0.936930813439434,,0.9300598198496904,0.9441651930445032,0.073031341677857,,0.04943605138114644,,0.4490640117514402,0.0876999958361221,,0.0095259687961464,,0.0047629843980732,,0.0,,68400,,3.4553868969960604
residual_interval,quantile,unseen_heading,heave_rate,30,3.0,1,True,542880,9,0.1,0.9350261567933982,,0.9278351569407604,0.9424468575007368,0.2560830864943023,,0.17332990923555894,,0.4491073198442661,0.3101167859921888,,0.0336178588923622,,0.0168089294461811,,0.0,,68400,,3.4553868969960604
residual_interval,quantile,unseen_heading,heave_rate,50,5.0,1,True,542880,9,0.1,0.9250921013852048,,0.9166608182287062,0.9337534538019452,0.5109653479913262,,0.3458273047000826,,0.4491329486705899,0.6480460867504044,,0.0699963412389642,,0.0349981706194821,,0.0,,68400,,3.4553868969960604
residual_interval,quantile,unseen_heading,heave_rate,100,10.0,1,True,542880,9,0.1,0.9270409666961392,,0.9196775069997052,0.9347378334070144,1.113119643144742,,0.7533838185086987,,0.4491261128521456,1.379907483312633,,0.1545560312534215,,0.0772780156267108,,0.0,,68400,,3.4553868969960604
residual_interval,quantile,unseen_heading,heave_rate,150,15.0,1,True,542880,9,0.1,0.9133841732979664,,0.9052291482463896,0.9220242502947243,1.467669377570392,,0.9933902543291525,,0.4491083042103025,1.9090959786436663,,0.2164801230989788,,0.1082400615494895,,0.0,,68400,,3.4553868969960604
residual_interval,quantile,unseen_heading,pitch,10,1.0,1,True,542880,9,0.1,1.0,,1.0,1.0,0.0337631990964368,,0.10998182293596205,,0.0933180002382203,0.0337631990964368,,0.0017163015103836,,0.0008581507551918,,0.0,,68400,,3.4553868969960604
residual_interval,quantile,unseen_heading,pitch,20,2.0,1,True,542880,9,0.1,1.0,,1.0,1.0,0.3145478132517767,,1.02467636083489,,0.0933131178480162,0.3145478132517767,,0.0163222571562084,,0.0081611285781042,,0.0,,68400,,3.4553868969960604
residual_interval,quantile,unseen_heading,pitch,30,3.0,1,True,542880,9,0.1,1.0,,1.0,1.0,1.0280094271274358,,3.348997261304412,,0.0933093260053012,1.0280094271274358,,0.054504577841507,,0.0272522889207535,,0.0,,68400,,3.4553868969960604
residual_interval,quantile,unseen_heading,pitch,50,5.0,1,True,542880,9,0.1,1.0,,1.0,1.0,1.8074698838411367,,5.888921549506553,,0.0932992276360064,1.8074698838411367,,0.0996842811075319,,0.0498421405537659,,0.0,,68400,,3.4553868969960604
residual_interval,quantile,unseen_heading,pitch,100,10.0,1,True,542880,9,0.1,1.0,,1.0,1.0,3.9301794104192704,,12.80866860091098,,0.0932719667301497,3.9301794104192704,,0.2184295429015728,,0.1092147714507864,,0.0,,68400,,3.4553868969960604
residual_interval,quantile,unseen_heading,pitch,150,15.0,1,True,542880,9,0.1,1.0,,1.0,1.0,4.738789330401724,,15.441357549598592,,0.0932877611037256,4.738789330401724,,0.2565815563115135,,0.1282907781557567,,0.0,,68400,,3.4553868969960604
residual_interval,quantile,unseen_heading,pitch_rate,10,1.0,1,True,542880,9,0.1,1.0,,1.0,1.0,0.0397260430134664,,0.183621030249565,,0.0657651229329025,0.0397260430134664,,0.0016341991117214,,0.0008170995558607,,0.0,,68400,,3.4553868969960604
residual_interval,quantile,unseen_heading,pitch_rate,20,2.0,1,True,542880,9,0.1,1.0,,1.0,1.0,0.3554737124174102,,1.6431660010343832,,0.0657610588014722,0.3554737124174102,,0.0152447432423471,,0.0076223716211735,,0.0,,68400,,3.4553868969960604
residual_interval,quantile,unseen_heading,pitch_rate,30,3.0,1,True,542880,9,0.1,1.0,,1.0,1.0,1.1036800689940611,,5.1022419855605206,,0.0657544115007394,1.1036800689940611,,0.0499039494542445,,0.0249519747271222,,0.0,,68400,,3.4553868969960604
residual_interval,quantile,unseen_heading,pitch_rate,50,5.0,1,True,542880,9,0.1,1.0,,1.0,1.0,1.6329252522094255,,7.550347113486835,,0.0657418823373477,1.6329252522094255,,0.0840324342978142,,0.042016217148907,,0.0,,68400,,3.4553868969960604
residual_interval,quantile,unseen_heading,pitch_rate,100,10.0,1,True,542880,9,0.1,1.0,,1.0,1.0,3.2685452445917997,,15.117018461175594,,0.065725077235494,3.2685452445917997,,0.1782549545262395,,0.0891274772631198,,0.0,,68400,,3.4553868969960604
residual_interval,quantile,unseen_heading,pitch_rate,150,15.0,1,True,542880,9,0.1,1.0,,1.0,1.0,3.609915348005405,,16.694570125837917,,0.0657301350648849,3.609915348005405,,0.1980329355068232,,0.0990164677534116,,0.0,,68400,,3.4553868969960604
residual_interval,quantile,unseen_heading,roll,10,1.0,1,True,542880,9,0.1,0.7991084585912173,,0.7779821047008547,0.8205491545092839,0.0299970534159386,,0.001803240683868842,,5.0567053318459285,0.0870456912815362,,0.0077910471066549,,0.0038955235533274,,0.0,,68400,,3.4553868969960604
residual_interval,quantile,unseen_heading,roll,20,2.0,1,True,542880,9,0.1,0.7989021514883584,,0.7775978116710875,0.8201040285145889,0.2953907349172782,,0.01775219491792081,,5.058101722258217,0.8584515233742761,,0.0768031529901281,,0.0384015764950641,,0.0,,68400,,3.4553868969960604
residual_interval,quantile,unseen_heading,roll,30,3.0,1,True,542880,9,0.1,0.8008362805776599,,0.7796336206896552,0.822097839301503,1.0578938658043342,,0.06356885126241006,,5.058718148754806,3.0428181968387005,,0.2725806563254758,,0.1362903281627378,,0.0,,68400,,3.4553868969960604
residual_interval,quantile,unseen_heading,roll,50,5.0,1,True,542880,9,0.1,0.7997936928971412,,0.7788619031830238,0.8211322483790157,2.2294856600389448,,0.13397128471759812,,5.058662539241705,6.451384378858883,,0.5755754536205757,,0.2877877268102878,,0.0,,68400,,3.4553868969960604
residual_interval,quantile,unseen_heading,roll,100,10.0,1,True,542880,9,0.1,0.7965977748305334,,0.7762221853816682,0.8175042366637194,4.797155019090722,,0.2880575278380252,,5.062292920246066,13.53782489820578,,1.2401637202501996,,0.6200818601250997,,0.0,,68400,,3.4553868969960604
residual_interval,quantile,unseen_heading,roll,150,15.0,1,True,542880,9,0.1,0.7940576186265842,,0.773533745947539,0.8149106156056587,6.894143411080125,,0.4137413742157047,,5.065170959625261,19.62816492630829,,1.7934518533580135,,0.8967259266790063,,0.0,,68400,,3.4553868969960604
residual_interval,quantile,unseen_heading,roll_rate,10,1.0,1,True,542880,9,0.1,0.7903680371352785,,0.7703428934571176,0.8107430279251401,0.0171660358735473,,0.0019090937336059416,,2.7332887334068814,0.0473706247763356,,0.0044677869274994,,0.0022338934637497,,0.0,,68400,,3.4553868969960604
residual_interval,quantile,unseen_heading,roll_rate,20,2.0,1,True,542880,9,0.1,0.7885223253757736,,0.7682477711464781,0.8088915137783672,0.1674677925631491,,0.018624885648361327,,2.733256744126837,0.4677517943240813,,0.0439886710567651,,0.0219943355283825,,0.0,,68400,,3.4553868969960604
residual_interval,quantile,unseen_heading,roll_rate,30,3.0,1,True,542880,9,0.1,0.786814765694076,,0.7664976606248157,0.8072211170055997,0.5883249872608529,,0.06542125779576945,,2.733638938173776,1.6626109481246163,,0.1557034000514327,,0.0778517000257164,,0.0,,68400,,3.4553868969960604
residual_interval,quantile,unseen_heading,roll_rate,50,5.0,1,True,542880,9,0.1,0.785709549071618,,0.7647683650162098,0.8060833425434719,1.222947213761177,,0.13592262266369406,,2.7350087097464617,3.5034446418445038,,0.3260695782162726,,0.1630347891081362,,0.0,,68400,,3.4553868969960604
residual_interval,quantile,unseen_heading,roll_rate,100,10.0,1,True,542880,9,0.1,0.776372310639552,,0.75626238763631,0.7968841640878278,2.643482162078929,,0.2936855390525651,,2.736128999843485,7.62054297716799,,0.7225040404132957,,0.361252020206648,,0.0,,68400,,3.4553868969960604
residual_interval,quantile,unseen_heading,roll_rate,150,15.0,1,True,542880,9,0.1,0.7745321249631595,,0.7541662982611259,0.795137829722959,3.782931522447512,,0.4201290367363809,,2.7370865408303726,11.088952350288162,,1.0416753485958576,,0.5208376742979284,,0.0,,68400,,3.4553868969960604
residual_interval,quantile,unseen_seastate,heave,10,1.0,1,True,542880,9,0.1,0.2375921013852048,,0.2273540653551429,0.2476003905098732,0.0069350549302561,,0.0016151267947386156,,1.3052269451126672,0.1884786028603732,,0.0112377612867562,,0.0056188806433781,,0.0,,68400,,3.3781932900019456
residual_interval,quantile,unseen_seastate,heave,20,2.0,1,True,542880,9,0.1,0.2333535956380784,,0.223041371942234,0.2432568891836133,0.064610421380274,,0.015047761368926379,,1.3051890619407918,1.8111329343009,,0.1075041511545029,,0.0537520755772515,,0.0,,68400,,3.3781932900019456
residual_interval,quantile,unseen_seastate,heave,30,3.0,1,True,542880,9,0.1,0.2268272914824639,,0.2165906830238726,0.2369018936044798,0.2105504724483379,,0.04903956365018887,,1.3051257868066772,6.223280260302223,,0.3666857363582621,,0.1833428681791309,,0.0,,68400,,3.3781932900019456
residual_interval,quantile,unseen_seastate,heave,50,5.0,1,True,542880,9,0.1,0.2202236221632773,,0.2096898485853227,0.2306614721485411,0.3347641595918281,,0.07796612157849292,,1.305196114559555,10.675678475581416,,0.6229005707839497,,0.3114502853919748,,0.0,,68400,,3.3781932900019456
residual_interval,quantile,unseen_seastate,heave,100,10.0,1,True,542880,9,0.1,0.326353890362511,,0.3163047082228116,0.3362820973327438,0.8887366476520748,,0.20704100823236085,,1.3048466130537075,13.56573104760513,,0.8948263334954268,,0.4474131667477133,,0.0,,68400,,3.3781932900019456
residual_interval,quantile,unseen_seastate,heave,150,15.0,1,True,542880,9,0.1,0.3628776156793398,,0.3535730732390215,0.3714256373415856,1.323806327932999,,0.308420901936742,,1.3047382588874747,15.611534705223116,,1.095074011778451,,0.5475370058892254,,0.0,,68400,,3.3781932900019456
residual_interval,quantile,unseen_seastate,heave_rate,10,1.0,1,True,542880,9,0.1,0.3422855879752431,,0.3326940576186266,0.3519364316239316,0.0048780061377982,,0.0020192175086838123,,0.734348118721256,0.0664532640319927,,0.0044900246978785,,0.0022450123489392,,0.0,,68400,,3.3781932900019456
residual_interval,quantile,unseen_seastate,heave_rate,20,2.0,1,True,542880,9,0.1,0.3364389920424403,,0.3266586538461538,0.3461075191570881,0.0450874656034706,,0.01866292908214373,,0.7343764911329834,0.6377747930199529,,0.0427388382176084,,0.0213694191088042,,0.0,,68400,,3.3781932900019456
residual_interval,quantile,unseen_seastate,heave_rate,30,3.0,1,True,542880,9,0.1,0.3252063071028588,,0.3153783524904214,0.3351357574417919,0.1445305320461013,,0.05982232792151184,,0.7344107746237766,2.194079924636722,,0.1448068766464658,,0.0724034383232329,,0.0,,68400,,3.3781932900019456
residual_interval,quantile,unseen_seastate,heave_rate,50,5.0,1,True,542880,9,0.1,0.3119252873563218,,0.3014474653698792,0.3223578415119363,0.2239865776244225,,0.09272822286696299,,0.734264962236321,3.740649272039002,,0.2418849438570309,,0.1209424719285155,,0.0,,68400,,3.3781932900019456
residual_interval,quantile,unseen_seastate,heave_rate,100,10.0,1,True,542880,9,0.1,0.4545848069554966,,0.4449015896699086,0.4630680352932508,0.6416606530974883,,0.2656997790928555,,0.7341029397003275,4.861943840250115,,0.3822396920937538,,0.1911198460468768,,0.0,,68400,,3.3781932900019456
residual_interval,quantile,unseen_seastate,heave_rate,150,15.0,1,True,542880,9,0.1,0.4849101090480401,,0.4766452530946065,0.4923548482169171,0.9382433686166975,,0.3884948810574543,,0.7341299638155024,5.937893571985298,,0.4961493414621212,,0.2480746707310605,,0.0,,68400,,3.3781932900019456
residual_interval,quantile,unseen_seastate,pitch,10,1.0,1,True,542880,9,0.1,0.6593353964043619,,0.6367030927645152,0.6813061357942823,0.0229807077489506,,0.003881392178012468,,1.7997766828726487,0.1174714224247257,,0.0093829805148432,,0.0046914902574216,,0.0,,68400,,3.3781932900019456
residual_interval,quantile,unseen_seastate,pitch,20,2.0,1,True,542880,9,0.1,0.649180297671677,,0.6260278054081934,0.6715611184792218,0.20428608403018,,0.034508880298084105,,1.7994950774677116,1.0999036331693453,,0.0866283829069423,,0.0433141914534711,,0.0,,68400,,3.3781932900019456
residual_interval,quantile,unseen_seastate,pitch,30,3.0,1,True,542880,9,0.1,0.633289124668435,,0.6092459199086354,0.6561544908635426,0.6209489246454052,,0.10490539825810782,,1.7992884411802126,3.677912799731407,,0.2820613132367059,,0.1410306566183529,,0.0,,68400,,3.3781932900019456
residual_interval,quantile,unseen_seastate,pitch,50,5.0,1,True,542880,9,0.1,0.6232758620689656,,0.5987002192012968,0.6467594588122606,0.9381586018849596,,0.15849431128654476,,1.799307264730753,6.083290427655063,,0.4547287672661385,,0.2273643836330694,,0.0,,68400,,3.3781932900019456
residual_interval,quantile,unseen_seastate,pitch,100,10.0,1,True,542880,9,0.1,0.6889257294429708,,0.6693595269672856,0.7076034298555851,2.6087283002770465,,0.4408763730745053,,1.7986835875269107,9.776400104252462,,0.8683653664167434,,0.4341826832083721,,0.0,,68400,,3.3781932900019456
residual_interval,quantile,unseen_seastate,pitch,150,15.0,1,True,542880,9,0.1,0.6747052755673445,,0.6548512562628943,0.6935826057323902,3.230777723418284,,0.5458794983840746,,1.799090637361259,12.271571032335912,,1.096322638863385,,0.5481613194316924,,0.0,,68400,,3.3781932900019456
residual_interval,quantile,unseen_seastate,pitch_rate,10,1.0,1,True,542880,9,0.1,0.8041132478632479,,0.7830252081491306,0.8234435326407309,0.0276222473346432,,0.006683628686221632,,1.256288669542056,0.0908817680827003,,0.007696206442197,,0.0038481032210985,,0.0,,68400,,3.3781932900019456
residual_interval,quantile,unseen_seastate,pitch_rate,20,2.0,1,True,542880,9,0.1,0.7889404656646036,,0.7685503702475686,0.8083482998084291,0.2347753357644841,,0.0567992198607878,,1.2564720932103477,0.7518562425437071,,0.0656466919094238,,0.0328233459547119,,0.0,,68400,,3.3781932900019456
residual_interval,quantile,unseen_seastate,pitch_rate,30,3.0,1,True,542880,9,0.1,0.7619916003536693,,0.7422255378720897,0.7820509136457412,0.6659351892807188,,0.16110991276533534,,1.2564709426767824,2.1589257193000067,,0.192845136522704,,0.096422568261352,,0.0,,68400,,3.3781932900019456
residual_interval,quantile,unseen_seastate,pitch_rate,50,5.0,1,True,542880,9,0.1,0.7371739610963749,,0.7173779196139111,0.7571235816386678,0.9367578451929106,,0.2267060832910931,,1.2560499558821334,3.1465203046670798,,0.2828468540735022,,0.141423427036751,,0.0,,68400,,3.3781932900019456
residual_interval,quantile,unseen_seastate,pitch_rate,100,10.0,1,True,542880,9,0.1,0.7754347185381668,,0.7591419834954318,0.7930220767020336,2.488765059878397,,0.6023885306330102,,1.2558852337264772,6.300316455461911,,0.6246248953014711,,0.3123124476507355,,0.0,,68400,,3.3781932900019456
residual_interval,quantile,unseen_seastate,pitch_rate,150,15.0,1,True,542880,9,0.1,0.7419300766283525,,0.7262408819628647,0.759386927129384,2.6838089531093345,,0.6492474769310176,,1.2565624407980214,7.217760200353527,,0.7202762652336251,,0.3601381326168126,,0.0,,68400,,3.3781932900019456
residual_interval,quantile,unseen_seastate,roll,10,1.0,1,True,542880,9,0.1,0.476733348069555,,0.4477091622458001,0.5049377855142941,0.0234553057219062,,0.0011395086950436372,,6.257000679431415,0.331905694911905,,0.021209260473615,,0.0106046302368075,,0.0,,68400,,3.3781932900019456
residual_interval,quantile,unseen_seastate,roll,20,2.0,1,True,542880,9,0.1,0.4759320660182729,,0.4466159188034188,0.5040955643972885,0.2203725032177229,,0.010704199687951759,,6.258149735730003,3.155213610783661,,0.2012222544156418,,0.1006111272078209,,0.0,,68400,,3.3781932900019456
residual_interval,quantile,unseen_seastate,roll,30,3.0,1,True,542880,9,0.1,0.4729682434423813,,0.4435333314913056,0.5015441718243442,0.7235362562995018,,0.035140720139848675,,6.258818948538503,10.688770075776365,,0.6777787278007259,,0.3388893639003631,,0.0,,68400,,3.3781932900019456
residual_interval,quantile,unseen_seastate,roll,50,5.0,1,True,542880,9,0.1,0.4739610963748895,,0.4442016191423519,0.5020625644709696,1.1392812204245464,,0.05532626266523813,,6.25953903317843,17.247506393490852,,1.0876137475467529,,0.5438068737733763,,0.0,,68400,,3.3781932900019456
residual_interval,quantile,unseen_seastate,roll,100,10.0,1,True,542880,9,0.1,0.5296732242852933,,0.5021338509431181,0.5554516651930445,2.815721445933878,,0.13664938436031485,,6.263610691806128,26.46125149097389,,1.8401236220419688,,0.920061811020984,,0.0,,68400,,3.3781932900019456
residual_interval,quantile,unseen_seastate,roll,150,15.0,1,True,542880,9,0.1,0.5433134394341291,,0.5171974008989095,0.5680562463159445,4.3727081639489205,,0.21208078957482857,,6.26746488344986,35.83813070493645,,2.585015526318326,,1.2925077631591626,,0.0,,68400,,3.3781932900019456
residual_interval,quantile,unseen_seastate,roll_rate,10,1.0,1,True,542880,9,0.1,0.5195457559681698,,0.492221899867374,0.5448072778514589,0.0145849395013042,,0.0013438748271496037,,3.299047438683298,0.1403618078477375,,0.0097104170556469,,0.0048552085278234,,0.0,,68400,,3.3781932900019456
residual_interval,quantile,unseen_seastate,roll_rate,20,2.0,1,True,542880,9,0.1,0.516767978190392,,0.4894198994252874,0.5421958351753611,0.1350429950542924,,0.012442330972999405,,3.2992335448738204,1.336618257059342,,0.0918443322784913,,0.0459221661392457,,0.0,,68400,,3.3781932900019456
residual_interval,quantile,unseen_seastate,roll_rate,30,3.0,1,True,542880,9,0.1,0.5141504568228706,,0.4865510794282346,0.5402196157530209,0.4426496640601257,,0.040778511991171336,,3.299677627607726,4.508514313831968,,0.3077245901626518,,0.1538622950813259,,0.0,,68400,,3.3781932900019456
residual_interval,quantile,unseen_seastate,roll_rate,50,5.0,1,True,542880,9,0.1,0.5107887562628942,,0.4827802645151783,0.5372296363837312,0.6770135327093737,,0.06234686149439472,,3.3008478104739085,7.243390718656579,,0.4886834669163629,,0.2443417334581813,,0.0,,68400,,3.3781932900019456
residual_interval,quantile,unseen_seastate,roll_rate,100,10.0,1,True,542880,9,0.1,0.5627947244326554,,0.5376929524020041,0.586287531314471,1.6873077310538886,,0.15531570964632946,,3.3023390388764846,11.87558394167648,,0.8873726445186796,,0.4436863222593391,,0.0,,68400,,3.3781932900019456
residual_interval,quantile,unseen_seastate,roll_rate,150,15.0,1,True,542880,9,0.1,0.5737861037430003,,0.5494059460654288,0.5966168398172709,2.585956371754384,,0.23793650147012907,,3.303717238675165,16.721168445621043,,1.2838141661161124,,0.6419070830580563,,0.0,,68400,,3.3781932900019456
residual_interval,quantile,unseen_vessel,heave,10,1.0,1,True,434304,9,0.1,0.9187550655761862,,0.9033155923040084,0.9341469915082522,0.0120871839399486,,0.00561939983880976,,0.6538497228934008,0.0201301342325027,,0.0016880002957024,,0.0008440001478512,,0.0,,68400,,3.148370563983917
residual_interval,quantile,unseen_vessel,heave,20,2.0,1,True,434304,9,0.1,0.9176383362805776,,0.9019399429892424,0.9332157889404658,0.118035355975665,,0.05486823348617092,,0.6539339478701262,0.1986703559661759,,0.0166180656912703,,0.0083090328456351,,0.0,,68400,,3.148370563983917
residual_interval,quantile,unseen_vessel,heave,30,3.0,1,True,434304,9,0.1,0.9172215775125258,,0.9012622494842324,0.9329390818412908,0.4177282725102572,,0.19412023489498353,,0.6541326237646001,0.7093282583819547,,0.0590321884154621,,0.0295160942077311,,0.0,,68400,,3.148370563983917
residual_interval,quantile,unseen_vessel,heave,50,5.0,1,True,434304,9,0.1,0.9155821728558796,,0.8995722466290894,0.931749247071176,0.8775155332585796,,0.4077070869688639,,0.6542583886872622,1.5261492745086322,,0.125216667469703,,0.0626083337348515,,0.0,,68400,,3.148370563983917
residual_interval,quantile,unseen_vessel,heave,100,10.0,1,True,434304,9,0.1,0.9241383915414088,,0.9098726352969349,0.9381034943265546,1.7904778035483715,,0.8317344180213876,,0.6543754769960836,2.6702867728738897,,0.2376302111615574,,0.1188151055807787,,0.0,,68400,,3.148370563983917
residual_interval,quantile,unseen_vessel,heave,150,15.0,1,True,434304,9,0.1,0.9251215738284704,,0.91185022472738,0.9383681131189212,2.390885515975992,,1.1106306006662636,,0.6543828266952652,3.336805081121265,,0.3100708724650307,,0.1550354362325154,,0.0,,68400,,3.148370563983917
residual_interval,quantile,unseen_vessel,heave_rate,10,1.0,1,True,434304,9,0.1,0.9434520520188624,,0.9326395220859122,0.9547191598511642,0.0072909251797945,,0.0060403002693039205,,0.366916177705551,0.0093801686766868,,0.0008681644377208,,0.0004340822188604,,0.0,,68400,,3.148370563983917
residual_interval,quantile,unseen_vessel,heave_rate,20,2.0,1,True,434304,9,0.1,0.9420452033598584,,0.9309040441718244,0.9534747550103152,0.0708350909361688,,0.0586786573374405,,0.3669535008792491,0.0919848689379028,,0.0085021585535472,,0.0042510792767736,,0.0,,68400,,3.148370563983917
residual_interval,quantile,unseen_vessel,heave_rate,30,3.0,1,True,434304,9,0.1,0.9391232869142352,,0.9276718611847922,0.9509772532603892,0.2445563826812102,,0.20261667865759952,,0.3668990248574837,0.3240442740466261,,0.029930027480812,,0.014965013740406,,0.0,,68400,,3.148370563983917
residual_interval,quantile,unseen_vessel,heave_rate,50,5.0,1,True,434304,9,0.1,0.9335488505747126,,0.9210871302129384,0.9461882690465664,0.4902010994131608,,0.4060851748646549,,0.3669440869125789,0.6783085173470655,,0.0620852233621503,,0.0310426116810752,,0.0,,68400,,3.148370563983917
residual_interval,quantile,unseen_vessel,heave_rate,100,10.0,1,True,434304,9,0.1,0.9399084512231064,,0.9296197479185088,0.9510678004347184,1.0545989768901816,,0.8734849929506806,,0.3670072514707468,1.331667524728657,,0.1289249278804354,,0.0644624639402177,,0.0,,68400,,3.148370563983917
residual_interval,quantile,unseen_vessel,heave_rate,150,15.0,1,True,434304,9,0.1,0.9405301355732392,,0.930987568615532,0.9506394138667844,1.4381711563596575,,1.19115602212952,,0.3670157241047937,1.7817171346608427,,0.1743846554290462,,0.087192327714523,,0.0,,68400,,3.148370563983917
residual_interval,quantile,unseen_vessel,pitch,10,1.0,1,True,434304,9,0.1,0.9683263336280578,,0.9607093763815208,0.975828336833186,0.028165802776696,,0.008116069842636523,,1.054918979036852,0.0317085168274901,,0.0026867748101243,,0.0013433874050621,,0.0,,68400,,3.148370563983917
residual_interval,quantile,unseen_vessel,pitch,20,2.0,1,True,434304,9,0.1,0.9657497973769524,,0.958043674476864,0.9737834558281756,0.2654770051402265,,0.07648258151666322,,1.0551327883415698,0.3028759369386098,,0.0259754993893032,,0.0129877496946516,,0.0,,68400,,3.148370563983917
residual_interval,quantile,unseen_vessel,pitch,30,3.0,1,True,434304,9,0.1,0.9614072170645448,,0.9528727573312704,0.9700628476827292,0.8798344428051262,,0.25339128798144855,,1.0554849077799051,1.0276830939672454,,0.0896151547236196,,0.0448075773618098,,0.0,,68400,,3.148370563983917
residual_interval,quantile,unseen_vessel,pitch,50,5.0,1,True,434304,9,0.1,0.947179855585028,,0.9368696235816386,0.9579249212533156,1.540513160542026,,0.44358828592877037,,1.0556697846975005,1.952200261375172,,0.1760749304436044,,0.0880374652218022,,0.0,,68400,,3.148370563983917
residual_interval,quantile,unseen_vessel,pitch,100,10.0,1,True,434304,9,0.1,0.946304892425582,,0.9370601583222812,0.9556535284040673,3.431221034205786,,0.9874916720895399,,1.0562287908366403,4.163019329510159,,0.3895555325917891,,0.1947777662958947,,0.0,,68400,,3.148370563983917
residual_interval,quantile,unseen_vessel,pitch,150,15.0,1,True,434304,9,0.1,0.9337353558797524,,0.9238437822354848,0.944907887102122,4.207978508253689,,1.2105296076668974,,1.056673569331931,5.37131548412823,,0.5103596445514854,,0.2551798222757426,,0.0,,68400,,3.148370563983917
residual_interval,quantile,unseen_vessel,pitch_rate,10,1.0,1,True,434304,9,0.1,0.9920079022988506,,0.9890349271478044,0.9946525360116416,0.032672885564103,,0.01412642527443084,,0.7030690217475473,0.0333114202247828,,0.0021807780976456,,0.0010903890488228,,0.0,,68400,,3.148370563983917
residual_interval,quantile,unseen_vessel,pitch_rate,20,2.0,1,True,434304,9,0.1,0.9902165303566166,,0.9869260356800766,0.9932674463048924,0.2928253650554958,,0.12660267001628153,,0.703086203551836,0.3000588483664149,,0.0206249405860461,,0.010312470293023,,0.0,,68400,,3.148370563983917
residual_interval,quantile,unseen_vessel,pitch_rate,30,3.0,1,True,434304,9,0.1,0.9864150456822872,,0.982543966898762,0.9900626634799587,0.8974604661816946,,0.3880605225157399,,0.7030053176354107,0.9298407317884876,,0.0688348770894006,,0.0344174385447003,,0.0,,68400,,3.148370563983917
residual_interval,quantile,unseen_vessel,pitch_rate,50,5.0,1,True,434304,9,0.1,0.97446489095196,,0.9686687205275568,0.9799864265583554,1.3819809823784166,,0.5974322964670915,,0.7031631741182381,1.4882827911147982,,0.1255992395422367,,0.0627996197711183,,0.0,,68400,,3.148370563983917
residual_interval,quantile,unseen_vessel,pitch_rate,100,10.0,1,True,434304,9,0.1,0.9657083517536104,,0.958947994952844,0.9720564397288536,2.850793681921307,,1.2319886144278065,,0.7033991527997708,3.1635800290122704,,0.2833302021743992,,0.1416651010871995,,0.0,,68400,,3.148370563983917
residual_interval,quantile,unseen_vessel,pitch_rate,150,15.0,1,True,434304,9,0.1,0.9473870837017389,,0.938668593888152,0.9563627666335102,3.132811030394867,,1.3533220763528764,,0.7036809279539469,3.737546375815147,,0.352413494226949,,0.1762067471134746,,0.0,,68400,,3.148370563983917
residual_interval,quantile,unseen_vessel,roll,10,1.0,1,True,434304,9,0.1,0.919607003389331,,0.901888826720454,0.9368790064102565,0.0345347635410035,,0.004851699831932111,,2.1637411794341554,0.0655244542610421,,0.0044856570802292,,0.0022428285401146,,0.0,,68400,,3.148370563983917
residual_interval,quantile,unseen_vessel,roll,20,2.0,1,True,434304,9,0.1,0.9202425029472444,,0.9026918932360743,0.9374451421124372,0.3390394729804408,,0.0476416587433166,,2.16324713835809,0.6399482483971827,,0.0437734431729405,,0.0218867215864702,,0.0,,68400,,3.148370563983917
residual_interval,quantile,unseen_vessel,roll,30,3.0,1,True,434304,9,0.1,0.919742852932508,,0.9020194379973474,0.9369911974101092,1.182090951761055,,0.16616461282462539,,2.162494943561516,2.2476839267094504,,0.1537161014819727,,0.0768580507409863,,0.0,,68400,,3.148370563983917
residual_interval,quantile,unseen_vessel,roll,50,5.0,1,True,434304,9,0.1,0.9249166482463896,,0.9082609761825818,0.9413687762488948,2.52459408013702,,0.35487331378323994,,2.162524144828776,4.554377077993608,,0.3102187085932234,,0.1551093542966117,,0.0,,68400,,3.148370563983917
residual_interval,quantile,unseen_vessel,roll,100,10.0,1,True,434304,9,0.1,0.9301387967875036,,0.9147981022509578,0.9456125778256704,5.374198453384889,,0.7551897806726072,,2.163218272680421,8.646126959988543,,0.6103327467786102,,0.3051663733893049,,0.0,,68400,,3.148370563983917
residual_interval,quantile,unseen_vessel,roll,150,15.0,1,True,434304,9,0.1,0.9342718464485706,,0.9194429477969348,0.9485923454538756,7.794906251712274,,1.0946518662399791,,2.164599840366654,11.761549661997936,,0.8379143250745107,,0.4189571625372552,,0.0,,68400,,3.148370563983917
residual_interval,quantile,unseen_vessel,roll_rate,10,1.0,1,True,434304,9,0.1,0.9430352932508104,,0.9293605400825228,0.9562502878168287,0.0197639653280165,,0.005993102903373776,,1.0024554842926892,0.0288965662762081,,0.0020836269427347,,0.0010418134713673,,0.0,,68400,,3.148370563983917
residual_interval,quantile,unseen_vessel,roll_rate,20,2.0,1,True,434304,9,0.1,0.9430537135278516,,0.929443488892573,0.9563095205201886,0.1926618824726333,,0.058401278857538985,,1.002804304884665,0.2818806308144138,,0.0202729892477738,,0.0101364946238869,,0.0,,68400,,3.148370563983917
residual_interval,quantile,unseen_vessel,roll_rate,30,3.0,1,True,434304,9,0.1,0.943290874594754,,0.9295168246205422,0.9565070204280872,0.6780935391172,,0.20545959122709448,,1.0032425289065006,0.9908334223783958,,0.0708513430953854,,0.0354256715476927,,0.0,,68400,,3.148370563983917
residual_interval,quantile,unseen_vessel,roll_rate,50,5.0,1,True,434304,9,0.1,0.9451766504568228,,0.9317596084770116,0.9581549444628646,1.401136211029969,,0.42450911516855416,,1.0033121804656835,2.010175222000929,,0.1422565484700681,,0.071128274235034,,0.0,,68400,,3.148370563983917
residual_interval,quantile,unseen_vessel,roll_rate,100,10.0,1,True,434304,9,0.1,0.9515569739168878,,0.9399907668361333,0.9630881249078986,3.055873010691209,,0.9257894931337431,,1.0033808376976885,4.007633522148607,,0.2916277579911389,,0.1458138789955694,,0.0,,68400,,3.148370563983917
residual_interval,quantile,unseen_vessel,roll_rate,150,15.0,1,True,434304,9,0.1,0.9551351127320956,,0.9443754835322724,0.966292044282346,4.4467531237051885,,1.3472981298443856,,1.003279779544346,5.595163595866597,,0.4046904359631185,,0.2023452179815591,,0.0,,68400,,3.148370563983917
