control,regime,subject_model,null_model,dof,horizon_samples,horizon_s,skill_subject,skill_null,excess,tol,passed,arm,lookback
shuffle,id,shuffled,window_mean,roll,10,1.0,-4.011141372739873,-4.014439474258743,0.0006577208750450092,0.02,True,lookback_10s,100
shuffle,id,shuffled,window_mean,roll,20,2.0,-0.33225263201514266,-0.33143835396467436,-0.0006115777332413863,0.02,True,lookback_10s,100
shuffle,id,shuffled,window_mean,roll,30,3.0,0.37919750653558393,0.3794797376175816,-0.00045482975997290787,0.02,True,lookback_10s,100
shuffle,id,shuffled,window_mean,roll,50,5.0,0.7503880377388688,0.749652692626698,0.0029372998650800675,0.02,True,lookback_10s,100
shuffle,id,shuffled,window_mean,roll,100,10.0,0.08822009145027088,0.08613313801063216,0.002283651510347706,0.02,True,lookback_10s,100
shuffle,id,shuffled,window_mean,roll,150,15.0,0.38151067470231737,0.38142791688232736,0.00013378848197109772,0.02,True,lookback_10s,100
shuffle,id,shuffled,window_mean,pitch,10,1.0,-1.2687539976150068,-1.2737608540449177,0.002202015405887492,0.02,True,lookback_10s,100
shuffle,id,shuffled,window_mean,pitch,20,2.0,0.27396257579533057,0.2737878569225991,0.0002405893021715233,0.02,True,lookback_10s,100
shuffle,id,shuffled,window_mean,pitch,30,3.0,0.5772683093505884,0.5775881933129345,-0.0007572798801600555,0.02,True,lookback_10s,100
shuffle,id,shuffled,window_mean,pitch,50,5.0,0.6978880403497616,0.6970367021213557,0.0028100375008027756,0.02,True,lookback_10s,100
shuffle,id,shuffled,window_mean,pitch,100,10.0,0.3461019956420851,0.3457785317204699,0.000494425721714431,0.02,True,lookback_10s,100
shuffle,id,shuffled,window_mean,pitch,150,15.0,0.4848602343953671,0.4850253571239098,-0.00032064244487961524,0.02,True,lookback_10s,100
shuffle,id,shuffled,window_mean,heave,10,1.0,-2.8344000424707128,-2.8407705585741936,0.0016586557323137185,0.02,True,lookback_10s,100
shuffle,id,shuffled,window_mean,heave,20,2.0,-0.10266722914105375,-0.10462834007649979,0.0017753581583016542,0.02,True,lookback_10s,100
shuffle,id,shuffled,window_mean,heave,30,3.0,0.4287769002185734,0.42828881932700114,0.0008537193395408149,0.02,True,lookback_10s,100
shuffle,id,shuffled,window_mean,heave,50,5.0,0.7041935152723989,0.7037534048020628,0.0014856220374179774,0.02,True,lookback_10s,100
shuffle,id,shuffled,window_mean,heave,100,10.0,0.23766546061790017,0.23632773554559405,0.0017517004801291813,0.02,True,lookback_10s,100
shuffle,id,shuffled,window_mean,heave,150,15.0,0.44949320745803745,0.44904362884181537,0.0008159967644570942,0.02,True,lookback_10s,100
shuffle,id,shuffled,window_mean,roll_rate,10,1.0,-3.6320730268519563,-3.637745885629177,0.001223193102235065,0.02,True,lookback_10s,100
shuffle,id,shuffled,window_mean,roll_rate,20,2.0,-0.23775104115632106,-0.24113708864915906,0.0027281817003175224,0.02,True,lookback_10s,100
shuffle,id,shuffled,window_mean,roll_rate,30,3.0,0.41535840748342123,0.4137708656532,0.0027080568624249235,0.02,True,lookback_10s,100
shuffle,id,shuffled,window_mean,roll_rate,50,5.0,0.75288911831656,0.7529305742664718,-0.00016779069198347152,0.02,True,lookback_10s,100
shuffle,id,shuffled,window_mean,roll_rate,100,10.0,-0.0002572349222575987,-0.00025551457044592496,-1.7199123489852752e-06,0.02,True,lookback_10s,100
shuffle,id,shuffled,window_mean,roll_rate,150,15.0,0.43754434593331737,0.43602839393028203,0.002687993485345652,0.02,True,lookback_10s,100
shuffle,id,shuffled,window_mean,pitch_rate,10,1.0,-0.7504951076973438,-0.7512574838362238,0.0004353306957524117,0.02,True,lookback_10s,100
shuffle,id,shuffled,window_mean,pitch_rate,20,2.0,0.4102182986598544,0.40900618785236,0.002050970386795803,0.02,True,lookback_10s,100
shuffle,id,shuffled,window_mean,pitch_rate,30,3.0,0.6345444846840496,0.6332779340751254,0.0034537071166684807,0.02,True,lookback_10s,100
shuffle,id,shuffled,window_mean,pitch_rate,50,5.0,0.6661685723025441,0.6665346405733676,-0.00109777000961353,0.02,True,lookback_10s,100
shuffle,id,shuffled,window_mean,pitch_rate,100,10.0,0.43920155965988517,0.43865765736327467,0.000968931533038675,0.02,True,lookback_10s,100
shuffle,id,shuffled,window_mean,pitch_rate,150,15.0,0.4855601040809526,0.4856771716923173,-0.0002276150404403321,0.02,True,lookback_10s,100
shuffle,id,shuffled,window_mean,heave_rate,10,1.0,-1.991711649053875,-1.9928665736255335,0.00038589243564557396,0.02,True,lookback_10s,100
shuffle,id,shuffled,window_mean,heave_rate,20,2.0,0.10875358083005393,0.1082657099044344,0.0005471034713347978,0.02,True,lookback_10s,100
shuffle,id,shuffled,window_mean,heave_rate,30,3.0,0.5185106562786163,0.5173253118870937,0.0024557832028789806,0.02,True,lookback_10s,100
shuffle,id,shuffled,window_mean,heave_rate,50,5.0,0.716887571289769,0.7163123202821915,0.00202776168549057,0.02,True,lookback_10s,100
shuffle,id,shuffled,window_mean,heave_rate,100,10.0,0.1312264755918945,0.13057995722257898,0.000743620272716683,0.02,True,lookback_10s,100
shuffle,id,shuffled,window_mean,heave_rate,150,15.0,0.5217943215945409,0.5212964781703049,0.001039982790043248,0.02,True,lookback_10s,100
shuffle,id,shuffled,window_mean,roll,10,1.0,-3.484067071219213,-3.4779985814083254,-0.0013551790382611006,0.02,True,default,200
shuffle,id,shuffled,window_mean,roll,20,2.0,-0.2643644321207532,-0.26293637240687096,-0.001130745574427161,0.02,True,default,200
shuffle,id,shuffled,window_mean,roll,30,3.0,0.3707078140484301,0.37011422155864127,0.000942381158783534,0.02,True,default,200
shuffle,id,shuffled,window_mean,roll,50,5.0,0.7110109826159248,0.7098497805055688,0.00400207214173165,0.02,True,default,200
shuffle,id,shuffled,window_mean,roll,100,10.0,0.18742845031351296,0.18464812238473027,0.003409973049813275,0.02,True,default,200
shuffle,id,shuffled,window_mean,roll,150,15.0,0.3887056940813285,0.3881613535715862,0.0008896798411147655,0.02,True,default,200
shuffle,id,shuffled,window_mean,pitch,10,1.0,-1.1224283632106213,-1.1240807878543508,0.0007779481143929123,0.02,True,default,200
shuffle,id,shuffled,window_mean,pitch,20,2.0,0.3387627930178696,0.33721480160150297,0.0023355853753328493,0.02,True,default,200
shuffle,id,shuffled,window_mean,pitch,30,3.0,0.6106072471330868,0.6097808731771663,0.0021177177106842526,0.02,True,default,200
shuffle,id,shuffled,window_mean,pitch,50,5.0,0.6904269993458245,0.690130713374352,0.0009561643707868273,0.02,True,default,200
shuffle,id,shuffled,window_mean,pitch,100,10.0,0.36604867650249406,0.36562828355867194,0.0006626918144782001,0.02,True,default,200
shuffle,id,shuffled,window_mean,pitch,150,15.0,0.5022712894370285,0.5023978991733826,-0.0002544397142694166,0.02,True,default,200
shuffle,id,shuffled,window_mean,heave,10,1.0,-2.3384748627984684,-2.33522351662287,-0.0009748510585254611,0.02,True,default,200
shuffle,id,shuffled,window_mean,heave,20,2.0,0.02032154306982792,0.01932209784014849,0.001019137096368028,0.02,True,default,200
shuffle,id,shuffled,window_mean,heave,30,3.0,0.4765858793673693,0.47464040061923085,0.003703137337609408,0.02,True,default,200
shuffle,id,shuffled,window_mean,heave,50,5.0,0.6982543687788598,0.6978686931954982,0.0012765164505484927,0.02,True,default,200
shuffle,id,shuffled,window_mean,heave,100,10.0,0.23091376085016313,0.23031641368746636,0.0007760944540321502,0.02,True,default,200
shuffle,id,shuffled,window_mean,heave,150,15.0,0.4911097587652088,0.4906893436825678,0.0008254590345326829,0.02,True,default,200
shuffle,id,shuffled,window_mean,roll_rate,10,1.0,-3.2017034041808667,-3.2153602172295495,0.0032397736717405534,0.02,True,default,200
shuffle,id,shuffled,window_mean,roll_rate,20,2.0,-0.18785113965015543,-0.19162139589236005,0.003163971589634995,0.02,True,default,200
shuffle,id,shuffled,window_mean,roll_rate,30,3.0,0.40219456376480844,0.4014788502334642,0.001195803242080018,0.02,True,default,200
shuffle,id,shuffled,window_mean,roll_rate,50,5.0,0.7156748771288894,0.7163354349090508,-0.0023286580752501784,0.02,True,default,200
shuffle,id,shuffled,window_mean,roll_rate,100,10.0,0.10227859593626698,0.103789370927999,-0.0016857365252367362,0.02,True,default,200
shuffle,id,shuffled,window_mean,roll_rate,150,15.0,0.43598489976563126,0.43567086369580277,0.0005564767962985551,0.02,True,default,200
shuffle,id,shuffled,window_mean,pitch_rate,10,1.0,-0.6447875856137006,-0.6502407129142918,0.0033044435626370383,0.02,True,default,200
shuffle,id,shuffled,window_mean,pitch_rate,20,2.0,0.4635904866212006,0.46318924454691235,0.0007474553559374542,0.02,True,default,200
shuffle,id,shuffled,window_mean,pitch_rate,30,3.0,0.6618856907197683,0.6615522671408269,0.0009851553033748406,0.02,True,default,200
shuffle,id,shuffled,window_mean,pitch_rate,50,5.0,0.6568906429439406,0.656371558512514,0.001510597985369233,0.02,True,default,200
shuffle,id,shuffled,window_mean,pitch_rate,100,10.0,0.46171173916970243,0.4610023124102339,0.0013161962950913875,0.02,True,default,200
shuffle,id,shuffled,window_mean,pitch_rate,150,15.0,0.49589955003268293,0.49568369253211775,0.0004280200686925806,0.02,True,default,200
shuffle,id,shuffled,window_mean,heave_rate,10,1.0,-1.7611731135474922,-1.7722261641405654,0.003987066688875274,0.02,True,default,200
shuffle,id,shuffled,window_mean,heave_rate,20,2.0,0.17451971031386204,0.17264177238064837,0.0022698002757732816,0.02,True,default,200
shuffle,id,shuffled,window_mean,heave_rate,30,3.0,0.5442349827667915,0.5446845844030395,-0.0009874509424603328,0.02,True,default,200
shuffle,id,shuffled,window_mean,heave_rate,50,5.0,0.710728644673627,0.7102517252385939,0.001645978515060209,0.02,True,default,200
shuffle,id,shuffled,window_mean,heave_rate,100,10.0,0.1477511509779782,0.14556138168491783,0.0025628163874176213,0.02,True,default,200
shuffle,id,shuffled,window_mean,heave_rate,150,15.0,0.5414120703473648,0.5411814761079022,0.0005025826714808446,0.02,True,default,200
