model,dof,horizon_samples,horizon_s,n_windows,rmse,mae,rmse_persistence,skill,signal_std,nrmse,n_realizations,skill_ci_lo,skill_ci_hi,seed,deterministic,n_params,fit_time_s,best_epoch,epochs_run,best_val_loss,val_loss_name,regime
persistence,roll_imu,10,1.0,542880,2.6985610675040856,1.6333675332827151,2.6985610675040856,0.0,5.056922571142006,0.5336370153072502,480,0.0,0.0,0,True,0,0.0,,,,,unseen_heading
persistence,roll_imu,20,2.0,542880,5.191027858910364,3.127793622499651,5.191027858910364,0.0,5.05832201115488,1.0262351521834383,480,0.0,0.0,0,True,0,0.0,,,,,unseen_heading
persistence,roll_imu,30,3.0,542880,7.291137761642001,4.3606126902438564,7.291137761642001,0.0,5.05894418945156,1.4412370424731713,480,0.0,0.0,0,True,0,0.0,,,,,unseen_heading
persistence,roll_imu,50,5.0,542880,9.760650010460157,5.695323465469158,9.760650010460157,0.0,5.058899532951392,1.929401828773962,480,0.0,0.0,0,True,0,0.0,,,,,unseen_heading
persistence,roll_imu,100,10.0,542880,5.0273262178872296,2.8031000222909226,5.0273262178872296,0.0,5.0625040885992485,0.9930512904095743,480,0.0,0.0,0,True,0,0.0,,,,,unseen_heading
persistence,roll_imu,150,15.0,542880,7.374167970357992,4.4410230902066825,7.374167970357992,0.0,5.065408120858302,1.4557895029213332,480,0.0,0.0,0,True,0,0.0,,,,,unseen_heading
persistence,pitch_imu,10,1.0,542880,0.07017212762229766,0.053732234462228703,0.07017212762229766,0.0,0.10374015231040146,0.6764220608847311,480,0.0,0.0,0,True,0,0.0,,,,,unseen_heading
persistence,pitch_imu,20,2.0,542880,0.12267707473241954,0.0922673493386972,0.12267707473241954,0.0,0.10374619868389409,1.1824729608282443,480,0.0,0.0,0,True,0,0.0,,,,,unseen_heading
persistence,pitch_imu,30,3.0,542880,0.16069881098649122,0.1198723848751754,0.16069881098649122,0.0,0.10375426677437213,1.5488405053832899,480,0.0,0.0,0,True,0,0.0,,,,,unseen_heading
persistence,pitch_imu,50,5.0,542880,0.1770328950899934,0.12915865704313884,0.1770328950899934,0.0,0.10377352217182556,1.705954383979247,480,0.0,0.0,0,True,0,0.0,,,,,unseen_heading
persistence,pitch_imu,100,10.0,542880,0.11018934913367359,0.08362964567222111,0.11018934913367359,0.0,0.10384858832942011,1.0610577467277633,480,0.0,0.0,0,True,0,0.0,,,,,unseen_heading
persistence,pitch_imu,150,15.0,542880,0.1423593302052436,0.10301346126176257,0.1423593302052436,0.0,0.10393027964476521,1.369757982869182,480,0.0,0.0,0,True,0,0.0,,,,,unseen_heading
persistence,heave_imu,10,1.0,542880,0.43606026730387726,0.2972416040137864,0.43606026730387726,0.0,0.7665509251899301,0.5688601408912703,480,0.0,0.0,0,True,0,0.0,,,,,unseen_heading
persistence,heave_imu,20,2.0,542880,0.8315698274257227,0.5642193724406342,0.8315698274257227,0.0,0.7665892704709703,1.0847658054421114,480,0.0,0.0,0,True,0,0.0,,,,,unseen_heading
persistence,heave_imu,30,3.0,542880,1.1510778266627046,0.7745819970219253,1.1510778266627046,0.0,0.7666802174451053,1.5013793240923454,480,0.0,0.0,0,True,0,0.0,,,,,unseen_heading
persistence,heave_imu,50,5.0,542880,1.4712293274911479,0.9589310506851123,1.4712293274911479,0.0,0.7668735890338293,1.9184769804691333,480,0.0,0.0,0,True,0,0.0,,,,,unseen_heading
persistence,heave_imu,100,10.0,542880,0.7899604023666095,0.4871631443463837,0.7899604023666095,0.0,0.7670895041112283,1.0298151625498775,480,0.0,0.0,0,True,0,0.0,,,,,unseen_heading
persistence,heave_imu,150,15.0,542880,1.1357286053592752,0.7562887316430356,1.1357286053592752,0.0,0.7671219799837758,1.480505884322719,480,0.0,0.0,0,True,0,0.0,,,,,unseen_heading
persistence,roll_rate_imu,10,1.0,542880,1.496810441564234,0.9501529358512627,1.496810441564234,0.0,2.7333789633757863,0.5476044345185267,480,0.0,0.0,0,True,0,0.0,,,,,unseen_heading
persistence,roll_rate_imu,20,2.0,542880,2.8699035942664333,1.81112653707153,2.8699035942664333,0.0,2.7333456523369914,1.0499599974897744,480,0.0,0.0,0,True,0,0.0,,,,,unseen_heading
persistence,roll_rate_imu,30,3.0,542880,4.009937432526677,2.5065861631578583,4.009937432526677,0.0,2.7337259108484315,1.4668396040048373,480,0.0,0.0,0,True,0,0.0,,,,,unseen_heading
persistence,roll_rate_imu,50,5.0,542880,5.2850940338863674,3.19988805052739,5.2850940338863674,0.0,2.735092404213842,1.9323274145121552,480,0.0,0.0,0,True,0,0.0,,,,,unseen_heading
persistence,roll_rate_imu,100,10.0,542880,2.641612470687322,1.5646791452067628,2.641612470687322,0.0,2.7362111422503794,0.9654271302011965,480,0.0,0.0,0,True,0,0.0,,,,,unseen_heading
persistence,roll_rate_imu,150,15.0,542880,4.093806745232199,2.5390484613815545,4.093806745232199,0.0,2.7371715708908764,1.495633956149769,480,0.0,0.0,0,True,0,0.0,,,,,unseen_heading
persistence,pitch_rate_imu,10,1.0,542880,0.05631446607411629,0.043816749204356846,0.05631446607411629,0.0,0.06871456506916811,0.8195419125105445,480,0.0,0.0,0,True,0,0.0,,,,,unseen_heading
persistence,pitch_rate_imu,20,2.0,542880,0.09384900519446253,0.0718511518530053,0.09384900519446253,0.0,0.06871215533781819,1.365828283701201,480,0.0,0.0,0,True,0,0.0,,,,,unseen_heading
persistence,pitch_rate_imu,30,3.0,542880,0.11957724780030603,0.09089807970217904,0.11957724780030603,0.0,0.06870614570504346,1.7404155999909088,480,0.0,0.0,0,True,0,0.0,,,,,unseen_heading
persistence,pitch_rate_imu,50,5.0,542880,0.12246467526074634,0.09172761533840904,0.12246467526074634,0.0,0.06869167754461587,1.782816778367429,480,0.0,0.0,0,True,0,0.0,,,,,unseen_heading
persistence,pitch_rate_imu,100,10.0,542880,0.08852671163804054,0.06838209998059605,0.08852671163804054,0.0,0.06867742018738508,1.2890220890140753,480,0.0,0.0,0,True,0,0.0,,,,,unseen_heading
persistence,pitch_rate_imu,150,15.0,542880,0.09897888621513858,0.07362007928405274,0.09897888621513858,0.0,0.06868657396876365,1.4410223206088406,480,0.0,0.0,0,True,0,0.0,,,,,unseen_heading
persistence,heave_rate_imu,10,1.0,542880,0.2692264697030541,0.1906288313120202,0.2692264697030541,0.0,0.44599613457170323,0.6036520248355881,480,0.0,0.0,0,True,0,0.0,,,,,unseen_heading
persistence,heave_rate_imu,20,2.0,542880,0.5100375538939901,0.3597245380490302,0.5100375538939901,0.0,0.44604889007612214,1.1434566148274636,480,0.0,0.0,0,True,0,0.0,,,,,unseen_heading
persistence,heave_rate_imu,30,3.0,542880,0.6981319735930894,0.4889235524510803,0.6981319735930894,0.0,0.446081178943636,1.5650334659855734,480,0.0,0.0,0,True,0,0.0,,,,,unseen_heading
persistence,heave_rate_imu,50,5.0,542880,0.8589313718674813,0.5844545913714226,0.8589313718674813,0.0,0.44610248202624475,1.9254126719181743,480,0.0,0.0,0,True,0,0.0,,,,,unseen_heading
persistence,heave_rate_imu,100,10.0,542880,0.4364076754295744,0.29559084859014517,0.4364076754295744,0.0,0.4461236187348287,0.9782214101714499,480,0.0,0.0,0,True,0,0.0,,,,,unseen_heading
persistence,heave_rate_imu,150,15.0,542880,0.6878237986118816,0.46870754610654775,0.6878237986118816,0.0,0.446104988676014,1.5418428757169023,480,0.0,0.0,0,True,0,0.0,,,,,unseen_heading
window_mean,roll_imu,10,1.0,542880,5.6547371397582245,3.255143846470922,2.6985610675040856,-3.3909687090519265,5.056922571142006,1.1182170698099525,480,-3.433749082899523,-3.3344990644828325,0,True,0,0.0,,,,,unseen_heading
window_mean,roll_imu,20,2.0,542880,5.7716578752812016,3.3178548096770495,5.191027858910364,-0.2362162271216075,5.05832201115488,1.1410222327786241,480,-0.24800197505367444,-0.22068201576504673,0,True,0,0.0,,,,,unseen_heading
window_mean,roll_imu,30,3.0,542880,5.721672844515012,3.2890399497595895,7.291137761642001,0.38417766536998554,5.05894418945156,1.1310013770156453,480,0.3790018852488014,0.39087577605980767,0,True,0,0.0,,,,,unseen_heading
window_mean,roll_imu,50,5.0,542880,5.2018932558135,3.0054823710413627,9.760650010460157,0.715969229914818,5.058899532951392,1.0282657763671155,480,0.7148072115636958,0.7173563013699226,0,True,0,0.0,,,,,unseen_heading
window_mean,roll_imu,100,10.0,542880,4.7243042793977175,2.797943573537253,5.0273262178872296,0.11691686856204397,5.0625040885992485,0.9331951533702153,480,0.09527493834201327,0.13361355809966782,0,True,0,0.0,,,,,unseen_heading
window_mean,roll_imu,150,15.0,542880,5.636167816001561,3.2233710445685015,7.374167970357992,0.4158265973753157,5.065408120858302,1.11267792871279,480,0.405461051079162,0.42845319090467526,0,True,0,0.0,,,,,unseen_heading
window_mean,pitch_imu,10,1.0,542880,0.10033662293797692,0.07388545654568429,0.07017212762229766,-1.0445120303522755,0.10374015231040146,0.967191783541624,480,-1.0852347914154936,-1.001042647862156,0,True,0,0.0,,,,,unseen_heading
window_mean,pitch_imu,20,2.0,542880,0.10262653954899656,0.07551753218307822,0.12267707473241954,0.30017001346460326,0.10374619868389409,0.9892077093030749,480,0.2894384362679127,0.31157584892253537,0,True,0,0.0,,,,,unseen_heading
window_mean,pitch_imu,30,3.0,542880,0.10221749099993897,0.0751407508600214,0.16069881098649122,0.5954007191260076,0.10375426677437213,0.985188312517546,480,0.5903995772854407,0.6005621030384313,0,True,0,0.0,,,,,unseen_heading
window_mean,pitch_imu,50,5.0,542880,0.09573408500273264,0.070401144315587,0.1770328950899934,0.7075677684594363,0.10377352217182556,0.9225290131736935,480,0.7066321434245345,0.7084041732028356,0,True,0,0.0,,,,,unseen_heading
window_mean,pitch_imu,100,10.0,542880,0.09606252556474232,0.07142084795242377,0.11018934913367359,0.23997344732865955,0.10384858832942011,0.9250248569582913,480,0.2285479539507137,0.2521597724589446,0,True,0,0.0,,,,,unseen_heading
window_mean,pitch_imu,150,15.0,542880,0.09738330818845335,0.07157497972469204,0.1423593302052436,0.5320524524052312,0.10393027964476521,0.9370061210391285,480,0.5237528200462076,0.5399615248642277,0,True,0,0.0,,,,,unseen_heading
window_mean,heave_imu,10,1.0,542880,0.8237481055985446,0.5298365914136451,0.43606026730387726,-2.568583181372056,0.7665509251899301,1.0746162825313175,480,-2.6492347401135463,-2.4727399941000843,0,True,0,0.0,,,,,unseen_heading
window_mean,heave_imu,20,2.0,542880,0.84694237203459,0.5443904542997595,0.8315698274257227,-0.037314086839636884,0.7665892704709703,1.1048189749828525,480,-0.059692649982718414,-0.010942063371156328,0,True,0,0.0,,,,,unseen_heading
window_mean,heave_imu,30,3.0,542880,0.8499964130724832,0.5461016212427808,1.1510778266627046,0.4547134195719611,0.7666802174451053,1.108671377885583,480,0.4446129651387709,0.46671069919274144,0,True,0,0.0,,,,,unseen_heading
window_mean,heave_imu,50,5.0,542880,0.8002431494799472,0.514506818324038,1.4712293274911479,0.7041420913649692,0.7668735890338293,1.0435137693138705,480,0.7020349363246139,0.7065604452584079,0,True,0,0.0,,,,,unseen_heading
window_mean,heave_imu,100,10.0,542880,0.729843692835062,0.48289175364321363,0.7899604023666095,0.14641048096464693,0.7670895041112283,0.9514452862716192,480,0.10834861900409411,0.17767249388169434,0,True,0,0.0,,,,,unseen_heading
window_mean,heave_imu,150,15.0,542880,0.8141199736657412,0.5200727108728064,1.1357286053592752,0.4861602580009974,0.7671219799837758,1.061265346200821,480,0.47021686340135066,0.504180835871322,0,True,0,0.0,,,,,unseen_heading
window_mean,roll_rate_imu,10,1.0,542880,3.0391566983313867,1.8173945930211495,1.496810441564234,-3.122613085571693,2.7333789633757863,1.1118680355167283,480,-3.180131688359305,-3.052165495076652,0,True,0,0.0,,,,,unseen_heading
window_mean,roll_rate_imu,20,2.0,542880,3.0962277997020817,1.850385185496883,2.8699035942664333,-0.1639416122488193,2.7333456523369914,1.132761162882868,480,-0.1789595642500761,-0.14524281057515792,0,True,0,0.0,,,,,unseen_heading
window_mean,roll_rate_imu,30,3.0,542880,3.06629122947481,1.8332652711065927,4.009937432526677,0.41527507220409576,2.7337259108484315,1.1216527660313846,480,0.4088888875772293,0.42321461296681556,0,True,0,0.0,,,,,unseen_heading
window_mean,roll_rate_imu,50,5.0,542880,2.791738738973587,1.6790866188752716,5.2850940338863674,0.7209743629223209,2.735092404213842,1.0207109400298404,480,0.7198532981712036,0.7222586462047723,0,True,0,0.0,,,,,unseen_heading
window_mean,roll_rate_imu,100,10.0,542880,2.5851838364805744,1.593412069621455,2.641612470687322,0.042266559923831104,2.7362111422503794,0.9448042209032181,480,0.017094424122850567,0.06198811800417474,0,True,0,0.0,,,,,unseen_heading
window_mean,roll_rate_imu,150,15.0,542880,3.0143368196114566,1.7902077734210153,4.093806745232199,0.4578382401485269,2.7371715708908764,1.101259727986423,480,0.44724436601738526,0.47012439777376896,0,True,0,0.0,,,,,unseen_heading
window_mean,pitch_rate_imu,10,1.0,542880,0.0716716543651558,0.054266545452198695,0.05631446607411629,-0.6197758393064923,0.06871456506916811,1.0430343886046733,480,-0.6445832250343029,-0.5921667234444381,0,True,0,0.0,,,,,unseen_heading
window_mean,pitch_rate_imu,20,2.0,542880,0.07308532208834363,0.05528560674270861,0.09384900519446253,0.393541644930659,0.06871215533781819,1.063644732566241,480,0.38814528115593194,0.3992264080027979,0,True,0,0.0,,,,,unseen_heading
window_mean,pitch_rate_imu,30,3.0,542880,0.07247559593179549,0.054769821570719225,0.11957724780030603,0.6326445534962037,0.06870614570504346,1.0548633632125768,480,0.6301578012420614,0.6351035037803362,0,True,0,0.0,,,,,unseen_heading
window_mean,pitch_rate_imu,50,5.0,542880,0.06784630938363087,0.051294779217539804,0.12246467526074634,0.6930760445735087,0.06869167754461587,0.9876932957353396,480,0.6918168338730586,0.6941419093413923,0,True,0,0.0,,,,,unseen_heading
window_mean,pitch_rate_imu,100,10.0,542880,0.06974667382706529,0.052991574213503985,0.08852671163804054,0.37927628584437956,0.06867742018738508,1.0155692167347399,480,0.3722916533870471,0.38701500694733676,0,True,0,0.0,,,,,unseen_heading
window_mean,pitch_rate_imu,150,15.0,542880,0.06903245094281618,0.05219767243411433,0.09897888621513858,0.5135687576332775,0.06868657396876365,1.0050355834345417,480,0.5069355250294738,0.519697627776861,0,True,0,0.0,,,,,unseen_heading
window_mean,heave_rate_imu,10,1.0,542880,0.4749694090989818,0.3211330489425079,0.2692264697030541,-2.112402573765817,0.44599613457170323,1.0649630619671222,480,-2.1841747676324297,-2.0315337454028075,0,True,0,0.0,,,,,unseen_heading
window_mean,heave_rate_imu,20,2.0,542880,0.4873579822031774,0.3295619734425849,0.5100375538939901,0.08695568092067485,0.44604889007612214,1.092611130856094,480,0.06753738143493157,0.10910058303515995,0,True,0,0.0,,,,,unseen_heading
window_mean,heave_rate_imu,30,3.0,542880,0.48799899039261246,0.3298723349358241,0.6981319735930894,0.5113895064626708,0.446081178943636,1.0939690205003536,480,0.5026993640357076,0.5214462370969309,0,True,0,0.0,,,,,unseen_heading
window_mean,heave_rate_imu,50,5.0,542880,0.4580502459382872,0.3096185157026798,0.8589313718674813,0.7156132810717701,0.44610248202624475,1.0267825542188747,480,0.7139804043501788,0.7173415874350684,0,True,0,0.0,,,,,unseen_heading
window_mean,heave_rate_imu,100,10.0,542880,0.4334727216898908,0.2994693715560543,0.4364076754295744,0.013405284761908054,0.4461236187348287,0.9716426198621476,480,-0.022805732980886353,0.04492832669237881,0,True,0,0.0,,,,,unseen_heading
window_mean,heave_rate_imu,150,15.0,542880,0.46606229330441806,0.3129317133342205,0.6878237986118816,0.5408722537189374,0.446104988676014,1.0447367887268755,480,0.5286737465985635,0.5539915842351544,0,True,0,0.0,,,,,unseen_heading
damped_persistence,roll_imu,10,1.0,542880,3.417177725854689,1.9999150840736368,2.6985610675040856,-0.6035061605532075,5.056922571142006,0.6757425445576848,480,-0.6151314818231689,-0.5882161335104292,0,True,6,0.131603133999306,,,,,unseen_heading
damped_persistence,roll_imu,20,2.0,542880,5.067422123407008,2.95498803268517,5.191027858910364,0.047055852863721714,5.05832201115488,1.0017990377504753,480,0.040325141161493744,0.05587190616571501,0,True,6,0.131603133999306,,,,,unseen_heading
damped_persistence,roll_imu,30,3.0,542880,5.665094172884762,3.289641800941317,7.291137761642001,0.39629654783207235,5.05894418945156,1.1198174877471647,480,0.39230859959523484,0.4014270743157591,0,True,6,0.131603133999306,,,,,unseen_heading
damped_persistence,roll_imu,50,5.0,542880,5.359460485109974,3.100776611074197,9.760650010460157,0.6985018403375921,5.058899532951392,1.059412318865173,480,0.6973866528834093,0.6998087161167914,0,True,6,0.131603133999306,,,,,unseen_heading
damped_persistence,roll_imu,100,10.0,542880,4.719603267301528,2.795042532233338,5.0273262178872296,0.11867345271876151,5.0625040885992485,0.9322665591382073,480,0.09710671355637991,0.13531664604475038,0,True,6,0.131603133999306,,,,,unseen_heading
damped_persistence,roll_imu,150,15.0,542880,5.636127516959088,3.223369268697057,7.374167970357992,0.4158349511168543,5.065408120858302,1.112669972978225,480,0.4054706367993906,0.4284599118764386,0,True,6,0.131603133999306,,,,,unseen_heading
damped_persistence,pitch_imu,10,1.0,542880,0.07639590743562603,0.05713616252162569,0.07017212762229766,-0.18525255058719692,0.10374015231040146,0.7364159945229446,480,-0.2012892785934302,-0.16826956064126566,0,True,6,0.131603133999306,,,,,unseen_heading
damped_persistence,pitch_imu,20,2.0,542880,0.10010806653698202,0.07408870936634301,0.12267707473241954,0.3340964593620743,0.10374619868389409,0.9649323812046632,480,0.3262868506523487,0.3424202894938278,0,True,6,0.131603133999306,,,,,unseen_heading
damped_persistence,pitch_imu,30,3.0,542880,0.10419486920979248,0.07676690827174669,0.16069881098649122,0.5795955147156611,0.10375426677437213,1.0042465958183533,480,0.5751727998629399,0.5841701116139152,0,True,6,0.131603133999306,,,,,unseen_heading
damped_persistence,pitch_imu,50,5.0,542880,0.0963741541284551,0.07085350533654378,0.1770328950899934,0.7036443473249545,0.10377352217182556,0.9286969557502464,480,0.70273261222496,0.7044694493008518,0,True,6,0.131603133999306,,,,,unseen_heading
damped_persistence,pitch_imu,100,10.0,542880,0.09605958520803884,0.07141896668111931,0.11018934913367359,0.24001997358755933,0.10384858832942011,0.9249965430760251,480,0.22859647568330801,0.2522045013980197,0,True,6,0.131603133999306,,,,,unseen_heading
damped_persistence,pitch_imu,150,15.0,542880,0.097383314840139,0.07157498312870655,0.1423593302052436,0.5320523884796953,0.10393027964476521,0.9370061850405502,480,0.5237527700085883,0.5399614482132039,0,True,6,0.131603133999306,,,,,unseen_heading
damped_persistence,heave_imu,10,1.0,542880,0.5427437091999946,0.35593486504331173,0.43606026730387726,-0.5491610294375493,0.7665509251899301,0.70803346700745,480,-0.5750583931431261,-0.5187247058726329,0,True,6,0.131603133999306,,,,,unseen_heading
damped_persistence,heave_imu,20,2.0,542880,0.7777713060799988,0.5077273497224237,0.8315698274257227,0.12520480747939255,0.7665892704709703,1.0145867363916516,480,0.11075210414558112,0.14219310136707553,0,True,6,0.131603133999306,,,,,unseen_heading
damped_persistence,heave_imu,30,3.0,542880,0.8530393268955061,0.5535054388454885,1.1510778266627046,0.45080227347420954,0.7666802174451053,1.1126403257647433,480,0.4423819458420755,0.46072613064960916,0,True,6,0.131603133999306,,,,,unseen_heading
damped_persistence,heave_imu,50,5.0,542880,0.8134940055168763,0.5235698929324748,1.4712293274911479,0.6942630230885293,0.7668735890338293,1.0607928309824612,480,0.6922314180019012,0.6965995551128323,0,True,6,0.131603133999306,,,,,unseen_heading
damped_persistence,heave_imu,100,10.0,542880,0.7296494514726716,0.4827572728211015,0.7899604023666095,0.14686477091554007,0.7670895041112283,0.9511920676297926,480,0.10884321024383686,0.17809403788999137,0,True,6,0.131603133999306,,,,,unseen_heading
damped_persistence,heave_imu,150,15.0,542880,0.8141200472018544,0.5200733890824216,1.1357286053592752,0.48616016517492655,0.7671219799837758,1.0612654420605605,480,0.4702171637436222,0.5041803465802678,0,True,6,0.131603133999306,,,,,unseen_heading
damped_persistence,roll_rate_imu,10,1.0,542880,1.8695810808198028,1.141955994360435,1.496810441564234,-0.5601092110271322,2.7333789633757863,0.6839816600149826,480,-0.5755830310377479,-0.5412184141745764,0,True,6,0.131603133999306,,,,,unseen_heading
damped_persistence,roll_rate_imu,20,2.0,542880,2.7494130238975183,1.6720073708738983,2.8699035942664333,0.08220570283994033,2.7333456523369914,1.0058782801753556,480,0.07353965550001491,0.09300697794551012,0,True,6,0.131603133999306,,,,,unseen_heading
damped_persistence,roll_rate_imu,30,3.0,542880,3.0528655804339637,1.846767559463413,4.009937432526677,0.4203842578111373,2.7337259108484315,1.1167416485753265,480,0.41541590515065135,0.42652103926519896,0,True,6,0.131603133999306,,,,,unseen_heading
damped_persistence,roll_rate_imu,50,5.0,542880,2.8717750250094727,1.7288880809818832,5.2850940338863674,0.7047462713252276,2.735092404213842,1.0499736756919253,480,0.7036746940591844,0.705955667583114,0,True,6,0.131603133999306,,,,,unseen_heading
damped_persistence,roll_rate_imu,100,10.0,542880,2.582940430885425,1.592034880208725,2.641612470687322,0.04392806829628926,2.7362111422503794,0.9439843259906844,480,0.01882739420440812,0.0635946009940601,0,True,6,0.131603133999306,,,,,unseen_heading
damped_persistence,roll_rate_imu,150,15.0,542880,3.014329924262187,1.7902118451245455,4.093806745232199,0.4578407205550926,2.7371715708908764,1.1012572088351418,480,0.4472478746186993,0.4701256176411899,0,True,6,0.131603133999306,,,,,unseen_heading
damped_persistence,pitch_rate_imu,10,1.0,542880,0.05837688605590857,0.044655469303303545,0.05631446607411629,-0.07458780706625578,0.06871456506916811,0.8495562184981652,480,-0.08594318920360791,-0.062070067340096347,0,True,6,0.131603133999306,,,,,unseen_heading
damped_persistence,pitch_rate_imu,20,2.0,542880,0.07251498687582757,0.05499219793259282,0.09384900519446253,0.40296993934104486,0.06871215533781819,1.0553443785792054,480,0.3986340780279907,0.40751263030119994,0,True,6,0.131603133999306,,,,,unseen_heading
damped_persistence,pitch_rate_imu,30,3.0,542880,0.07368212870116203,0.05571463767770615,0.11957724780030603,0.6203116938717238,0.06870614570504346,1.0724241324419586,480,0.6180065384997635,0.6225694897736044,0,True,6,0.131603133999306,,,,,unseen_heading
damped_persistence,pitch_rate_imu,50,5.0,542880,0.06803545920741173,0.05143097231614449,0.12246467526074634,0.6913623024906332,0.06869167754461587,0.9904469018568091,480,0.6901124665919928,0.6924200962421935,0,True,6,0.131603133999306,,,,,unseen_heading
damped_persistence,pitch_rate_imu,100,10.0,542880,0.06974641594031837,0.052991420953185646,0.08852671163804054,0.37928087605964456,0.06867742018738508,1.0155654616905607,480,0.37229651018223064,0.38701929281527014,0,True,6,0.131603133999306,,,,,unseen_heading
damped_persistence,pitch_rate_imu,150,15.0,542880,0.06903245114337053,0.05219767244868469,0.09897888621513858,0.5135687548068995,0.06868657396876365,1.0050355863543896,480,0.506935523322851,0.5196976238897909,0,True,6,0.131603133999306,,,,,unseen_heading
damped_persistence,heave_rate_imu,10,1.0,542880,0.32970163016969206,0.2263792805148806,0.2692264697030541,-0.499707889047734,0.44599613457170323,0.739247730221495,480,-0.5249918214990871,-0.47100427911057957,0,True,6,0.131603133999306,,,,,unseen_heading
damped_persistence,heave_rate_imu,20,2.0,542880,0.4586431055718355,0.3137026035558837,0.5100375538939901,0.19137822793560033,0.44604889007612214,1.0282350562369162,480,0.17783676462648526,0.20662533525085117,0,True,6,0.131603133999306,,,,,unseen_heading
damped_persistence,heave_rate_imu,30,3.0,542880,0.4928971455442006,0.33537569836200565,0.6981319735930894,0.5015316950848935,0.446081178943636,1.1049494325481954,480,0.49400896589693033,0.5101490715823113,0,True,6,0.131603133999306,,,,,unseen_heading
damped_persistence,heave_rate_imu,50,5.0,542880,0.46337500385078373,0.3133278852091019,0.8589313718674813,0.7089629533729558,0.44610248202624475,1.0387187306066654,480,0.7073874610596993,0.7106359633676852,0,True,6,0.131603133999306,,,,,unseen_heading
damped_persistence,heave_rate_imu,100,10.0,542880,0.4334189666053971,0.2994334963233423,0.4364076754295744,0.01364996541291097,0.4461236187348287,0.9715221261643555,480,-0.0225474996276451,0.045159758017699864,0,True,6,0.131603133999306,,,,,unseen_heading
damped_persistence,heave_rate_imu,150,15.0,542880,0.46606247628575487,0.3129318805778428,0.6878237986118816,0.5408718932013565,0.446104988676014,1.0447371989023757,480,0.5286734700425187,0.5539911418688211,0,True,6,0.131603133999306,,,,,unseen_heading
ar20,roll_imu,10,1.0,542880,0.05393343275480987,0.042263948746455705,2.6985610675040856,0.9996005599334646,5.056922571142006,0.01066526765954221,480,0.9995581770820101,0.9996343700157774,0,True,108900,0.05058234500029357,,,,,unseen_heading
ar20,roll_imu,20,2.0,542880,0.20742780345604983,0.15674477227942715,5.191027858910364,0.9984032856896693,5.05832201115488,0.04100723579847606,480,0.9982492841919396,0.9985303140126145,0,True,108900,0.05058234500029357,,,,,unseen_heading
ar20,roll_imu,30,3.0,542880,0.49977460117791594,0.36987472488187856,7.291137761642001,0.9953015159764876,5.05894418945156,0.09879029743399809,480,0.9948389385000396,0.9956701552615763,0,True,108900,0.05058234500029357,,,,,unseen_heading
ar20,roll_imu,50,5.0,542880,1.214840989159487,0.864046661747611,9.760650010460157,0.984508930851203,5.058899532951392,0.24013937838586438,480,0.983072721260205,0.985659859844254,0,True,108900,0.05058234500029357,,,,,unseen_heading
ar20,roll_imu,100,10.0,542880,1.7534529438834847,1.2447008645364928,5.0273262178872296,0.8783494443461577,5.0625040885992485,0.34636079560553007,480,0.8673725710416302,0.8863792956610431,0,True,108900,0.05058234500029357,,,,,unseen_heading
ar20,roll_imu,150,15.0,542880,2.7683856611781503,1.8978309350409006,7.374167970357992,0.8590623159721276,5.065408120858302,0.5465276627520913,480,0.8535897342654614,0.8638070744870767,0,True,108900,0.05058234500029357,,,,,unseen_heading
ar20,pitch_imu,10,1.0,542880,0.059399644973227174,0.04579162155559641,0.07017212762229766,0.2834633492939749,0.10374015231040146,0.5725810464929451,480,0.2574993302085003,0.3086115025031848,0,True,108900,0.05058234500029357,,,,,unseen_heading
ar20,pitch_imu,20,2.0,542880,0.25140373032213165,0.17104768204505802,0.12267707473241954,-3.199683981482769,0.10374619868389409,2.423257271219523,480,-3.4962915349890222,-2.878897764734089,0,True,108900,0.05058234500029357,,,,,unseen_heading
ar20,pitch_imu,30,3.0,542880,0.5676499006459739,0.34274364096169674,0.16069881098649122,-11.477736367281267,0.10375426677437213,5.471099341682076,480,-12.565215552562085,-10.285702037239963,0,True,108900,0.05058234500029357,,,,,unseen_heading
ar20,pitch_imu,50,5.0,542880,0.7950940732332034,0.49800669341679177,0.1770328950899934,-19.171077086964456,0.10377352217182556,7.661820246562575,480,-20.71046025024721,-17.471652355089578,0,True,108900,0.05058234500029357,,,,,unseen_heading
ar20,pitch_imu,100,10.0,542880,0.593661113183604,0.41305161449984606,0.11018934913367359,-28.026720334869133,0.10384858832942011,5.716602630171921,480,-29.380135967161387,-26.545356521387095,0,True,108900,0.05058234500029357,,,,,unseen_heading
ar20,pitch_imu,150,15.0,542880,0.36306458871992187,0.2521180490528422,0.1423593302052436,-5.504230336446137,0.10393027964476521,3.4933475591606262,480,-5.894794826865535,-5.104518483974682,0,True,108900,0.05058234500029357,,,,,unseen_heading
ar20,heave_imu,10,1.0,542880,0.0034499812790669826,0.0024129141027592086,0.43606026730387726,0.9999374048847325,0.7665509251899301,0.004500655032426153,480,0.9999368300418111,0.9999379609070854,0,True,108900,0.05058234500029357,,,,,unseen_heading
ar20,heave_imu,20,2.0,542880,0.02632058916330883,0.01843263872180771,0.8315698274257227,0.9989981706136045,0.7665892704709703,0.03433466939491368,480,0.9989841426496895,0.9990111642537148,0,True,108900,0.05058234500029357,,,,,unseen_heading
ar20,heave_imu,30,3.0,542880,0.08802699390367875,0.06156812592866697,1.1510778266627046,0.9941517979876984,0.7666802174451053,0.11481578877438758,480,0.9940624443044294,0.9942335405370597,0,True,108900,0.05058234500029357,,,,,unseen_heading
ar20,heave_imu,50,5.0,542880,0.27101710909690874,0.18280723526307693,1.4712293274911479,0.966066186414301,0.7668735890338293,0.35340519346657706,480,0.9655228501662249,0.9666381722220975,0,True,108900,0.05058234500029357,,,,,unseen_heading
ar20,heave_imu,100,10.0,542880,0.6001486211143073,0.40660536894428384,0.7899604023666095,0.4228257058108398,0.7670895041112283,0.7823710504417037,480,0.4026270953822854,0.4387127931787928,0,True,108900,0.05058234500029357,,,,,unseen_heading
ar20,heave_imu,150,15.0,542880,0.7046736846388222,0.4866856549778341,1.1357286053592752,0.6150299192410236,0.7671219799837758,0.9185940476555314,480,0.6087207387684697,0.6209624358965995,0,True,108900,0.05058234500029357,,,,,unseen_heading
ar20,roll_rate_imu,10,1.0,542880,0.09400410084343959,0.0716994529249577,1.496810441564234,0.9960557903505324,2.7333789633757863,0.03439117008764213,480,0.9957317662480757,0.9963190811910951,0,True,108900,0.05058234500029357,,,,,unseen_heading
ar20,roll_rate_imu,20,2.0,542880,0.23511668629555305,0.17403487455740824,2.8699035942664333,0.9932883038332116,2.7333456523369914,0.08601791218557737,480,0.9927383992905199,0.9937541001633847,0,True,108900,0.05058234500029357,,,,,unseen_heading
ar20,roll_rate_imu,30,3.0,542880,0.370187086855038,0.2680134436849715,4.009937432526677,0.9914774935629105,2.7337259108484315,0.13541485098634037,480,0.9907642675854431,0.9920601385830629,0,True,108900,0.05058234500029357,,,,,unseen_heading
ar20,roll_rate_imu,50,5.0,542880,0.5549779894275713,0.39085246631574966,5.2850940338863674,0.9889732867505711,2.735092404213842,0.20291014247728523,480,0.9883959643339966,0.9894355300797354,0,True,108900,0.05058234500029357,,,,,unseen_heading
ar20,roll_rate_imu,100,10.0,542880,1.2244307654517677,0.8662321699711354,2.641612470687322,0.7851525248770295,2.7362111422503794,0.44749133082059683,480,0.768776867115978,0.7979756463776854,0,True,108900,0.05058234500029357,,,,,unseen_heading
ar20,roll_rate_imu,150,15.0,542880,1.6117763490793575,1.1355324702639873,4.093806745232199,0.8449917251077229,2.7371715708908764,0.5888473949606189,480,0.8373324872745983,0.8514860143965324,0,True,108900,0.05058234500029357,,,,,unseen_heading
ar20,pitch_rate_imu,10,1.0,542880,0.11610542478702517,0.0836765008743169,0.05631446607411629,-3.2507452847710026,0.06871456506916811,1.689677067302302,480,-3.5326765613205633,-2.9597511165590618,0,True,108900,0.05058234500029357,,,,,unseen_heading
ar20,pitch_rate_imu,20,2.0,542880,0.2897597281433233,0.1765017639489695,0.09384900519446253,-8.532717086527436,0.06871215533781819,4.217008282140783,480,-9.493012033333674,-7.549525496897937,0,True,108900,0.05058234500029357,,,,,unseen_heading
ar20,pitch_rate_imu,30,3.0,542880,0.3556537114362225,0.22043641499143302,0.11957724780030603,-7.8462168961124,0.06870614570504346,5.176446848918717,480,-8.721094496748611,-6.936452358598777,0,True,108900,0.05058234500029357,,,,,unseen_heading
ar20,pitch_rate_imu,50,5.0,542880,0.3653015689054886,0.250778849226795,0.12246467526074634,-7.897774692326095,0.06869167754461587,5.317988757345777,480,-8.44542138059514,-7.342099328166232,0,True,108900,0.05058234500029357,,,,,unseen_heading
ar20,pitch_rate_imu,100,10.0,542880,0.35906750427894807,0.23164183891420675,0.08852671163804054,-15.451425734509595,0.06867742018738508,5.2283196325551975,480,-16.712169554209165,-14.112786237841657,0,True,108900,0.05058234500029357,,,,,unseen_heading
ar20,pitch_rate_imu,150,15.0,542880,0.22368154893391606,0.15594197660366588,0.09897888621513858,-4.107109833648537,0.06868657396876365,3.256554170770534,480,-4.36987608955599,-3.824083427331403,0,True,108900,0.05058234500029357,,,,,unseen_heading
ar20,heave_rate_imu,10,1.0,542880,0.010442614364654627,0.007218204634872338,0.2692264697030541,0.998495531955516,0.44599613457170323,0.02341413648053884,480,0.9984489148328997,0.998546324874797,0,True,108900,0.05058234500029357,,,,,unseen_heading
ar20,heave_rate_imu,20,2.0,542880,0.04816269296316955,0.03369865285154644,0.5100375538939901,0.9910830318466947,0.44604889007612214,0.10797626456362254,480,0.9908087011610092,0.991372451133972,0,True,108900,0.05058234500029357,,,,,unseen_heading
ar20,heave_rate_imu,30,3.0,542880,0.11004767478332428,0.07629827124216275,0.6981319735930894,0.9751522720094699,0.446081178943636,0.24669876241792574,480,0.9743230221689176,0.9760099969426372,0,True,108900,0.05058234500029357,,,,,unseen_heading
ar20,heave_rate_imu,50,5.0,542880,0.159875688210544,0.10519094219763488,0.8589313718674813,0.9653544130546526,0.44610248202624475,0.35838331919690664,480,0.9640707715354644,0.9667835762015277,0,True,108900,0.05058234500029357,,,,,unseen_heading
ar20,heave_rate_imu,100,10.0,542880,0.3184539182488819,0.2143258218694611,0.4364076754295744,0.46751370669081116,0.4461236187348287,0.7138243860569231,480,0.4642655653016925,0.47081692405324915,0,True,108900,0.05058234500029357,,,,,unseen_heading
ar20,heave_rate_imu,150,15.0,542880,0.43938598673691603,0.2974128439550114,0.6878237986118816,0.5919268623396313,0.446104988676014,0.9849385187127381,480,0.5758939843408608,0.6087227545416461,0,True,108900,0.05058234500029357,,,,,unseen_heading
dlinear_ols,roll_imu,10,1.0,542880,0.17422319981142279,0.12741136825750238,2.6985610675040856,0.9958318103515408,5.056922571142006,0.03445241594278117,480,0.995640412983126,0.9959818974758802,0,True,60300,0.13498758199784788,,,,,unseen_heading
dlinear_ols,roll_imu,20,2.0,542880,0.6004547372869519,0.4038414782826177,5.191027858910364,0.9866200702931587,5.05832201115488,0.11870630931814882,480,0.986371285043428,0.9868172304351261,0,True,60300,0.13498758199784788,,,,,unseen_heading
dlinear_ols,roll_imu,30,3.0,542880,1.0981635231352203,0.6906301699099135,7.291137761642001,0.9773147578269227,5.05894418945156,0.21707365845723478,480,0.9771283804189373,0.9774825771836582,0,True,60300,0.13498758199784788,,,,,unseen_heading
dlinear_ols,roll_imu,50,5.0,542880,1.1184447941935574,0.7217990793845603,9.760650010460157,0.9868697914565975,5.058899532951392,0.22108460286837325,480,0.9865881280178009,0.9871093855666099,0,True,60300,0.13498758199784788,,,,,unseen_heading
dlinear_ols,roll_imu,100,10.0,542880,2.4223020608528465,1.5457430858429992,5.0273262178872296,0.7678426364023827,5.0625040885992485,0.47847903299631245,480,0.7576449000335779,0.7756397035136907,0,True,60300,0.13498758199784788,,,,,unseen_heading
dlinear_ols,roll_imu,150,15.0,542880,3.5044462576868334,2.180494329984413,7.374167970357992,0.774153816033885,5.065408120858302,0.6918388753822716,480,0.7711854545298757,0.7767170451795562,0,True,60300,0.13498758199784788,,,,,unseen_heading
dlinear_ols,pitch_imu,10,1.0,542880,0.1002025938033443,0.07997483576763942,0.07017212762229766,-1.0390535815800175,0.10374015231040146,0.9658998138303054,480,-1.1563228822845528,-0.9449923502835396,0,True,60300,0.13498758199784788,,,,,unseen_heading
dlinear_ols,pitch_imu,20,2.0,542880,0.21050901398490315,0.16795113513806417,0.12267707473241954,-1.9445204232515607,0.10374619868389409,2.0290768881692363,480,-2.138794084154914,-1.790132061122966,0,True,60300,0.13498758199784788,,,,,unseen_heading
dlinear_ols,pitch_imu,30,3.0,542880,0.20223429489863967,0.16124578009155482,0.16069881098649122,-0.5837414506939063,0.10375426677437213,1.949166055391494,480,-0.6908109449637805,-0.4964011474584983,0,True,60300,0.13498758199784788,,,,,unseen_heading
dlinear_ols,pitch_imu,50,5.0,542880,0.2192018971233842,0.1749317028986253,0.1770328950899934,-0.533135972641765,0.10377352217182556,2.112310467408394,480,-0.6522324643389583,-0.44040097525400357,0,True,60300,0.13498758199784788,,,,,unseen_heading
dlinear_ols,pitch_imu,100,10.0,542880,0.20315222603319377,0.16197398628600101,0.11018934913367359,-2.39909995166483,0.10384858832942011,1.9562348347843754,480,-2.5808463319098123,-2.247393363450831,0,True,60300,0.13498758199784788,,,,,unseen_heading
dlinear_ols,pitch_imu,150,15.0,542880,0.12187722894827359,0.09554549737513178,0.1423593302052436,0.26705182008011485,0.10393027964476521,1.1726825845639137,480,0.2367460239167487,0.29079129717838775,0,True,60300,0.13498758199784788,,,,,unseen_heading
dlinear_ols,heave_imu,10,1.0,542880,0.030932078513180476,0.019811785735979037,0.43606026730387726,0.9949681791035164,0.7665509251899301,0.040352281233652365,480,0.9947887271762585,0.9951644626647171,0,True,60300,0.13498758199784788,,,,,unseen_heading
dlinear_ols,heave_imu,20,2.0,542880,0.12225066446315878,0.07803371951013954,0.8315698274257227,0.9783874997908231,0.7665892704709703,0.1594734875274885,480,0.9776455010498791,0.97921183176627,0,True,60300,0.13498758199784788,,,,,unseen_heading
dlinear_ols,heave_imu,30,3.0,542880,0.23520657762254432,0.1492586037364009,1.1510778266627046,0.9582468208201634,0.7666802174451053,0.30678576578687483,480,0.9568805414903215,0.959819394986865,0,True,60300,0.13498758199784788,,,,,unseen_heading
dlinear_ols,heave_imu,50,5.0,542880,0.2369914869534215,0.15595000494973568,1.4712293274911479,0.9740519488935366,0.7668735890338293,0.3090359224028082,480,0.9735658635534122,0.9745004063290649,0,True,60300,0.13498758199784788,,,,,unseen_heading
dlinear_ols,heave_imu,100,10.0,542880,0.49741952560199365,0.34016331109818293,0.7899604023666095,0.6035074666068411,0.7670895041112283,0.6484504388810769,480,0.581211142887438,0.6216754135692873,0,True,60300,0.13498758199784788,,,,,unseen_heading
dlinear_ols,heave_imu,150,15.0,542880,0.6832881943801083,0.46129884291244955,1.1357286053592752,0.638041561838578,0.7671219799837758,0.8907164860464035,480,0.6321699045122084,0.6435484550280643,0,True,60300,0.13498758199784788,,,,,unseen_heading
dlinear_ols,roll_rate_imu,10,1.0,542880,0.12733614788955272,0.0993419509133149,1.496810441564234,0.9927628127875688,2.7333789633757863,0.04658561787286518,480,0.9921849713477953,0.9932266502016133,0,True,60300,0.13498758199784788,,,,,unseen_heading
dlinear_ols,roll_rate_imu,20,2.0,542880,0.37396038985681024,0.2764700008451024,2.8699035942664333,0.9830208247311762,2.7333456523369914,0.1368141601619527,480,0.982283975607192,0.9836044048778709,0,True,60300,0.13498758199784788,,,,,unseen_heading
dlinear_ols,roll_rate_imu,30,3.0,542880,0.6238683585563295,0.4275191254600291,4.009937432526677,0.9757946856844683,2.7337259108484315,0.22821174430128127,480,0.9753342027882819,0.9761597295905041,0,True,60300,0.13498758199784788,,,,,unseen_heading
dlinear_ols,roll_rate_imu,50,5.0,542880,0.6495824629212895,0.45471810316293787,5.2850940338863674,0.9848935246807563,2.735092404213842,0.2374992749497257,480,0.9843293104237374,0.9853466469393082,0,True,60300,0.13498758199784788,,,,,unseen_heading
dlinear_ols,roll_rate_imu,100,10.0,542880,1.3910110115645504,0.9407646583952153,2.641612470687322,0.7227172046405703,2.7362111422503794,0.5083712254824466,480,0.7073314080256122,0.7343962132874153,0,True,60300,0.13498758199784788,,,,,unseen_heading
dlinear_ols,roll_rate_imu,150,15.0,542880,1.9663764884540487,1.2823087125984705,4.093806745232199,0.7692834913115905,2.7371715708908764,0.7183972350750544,480,0.7655389835860075,0.7725106032269957,0,True,60300,0.13498758199784788,,,,,unseen_heading
dlinear_ols,pitch_rate_imu,10,1.0,542880,0.09998155464498681,0.07979439760713493,0.05631446607411629,-2.1520988547733406,0.06871456506916811,1.4550271044333227,480,-2.2901845084050088,-2.0346037938049744,0,True,60300,0.13498758199784788,,,,,unseen_heading
dlinear_ols,pitch_rate_imu,20,2.0,542880,0.20984640204523952,0.1674603388212854,0.09384900519446253,-3.999697259436382,0.06871215533781819,3.053992427010117,480,-4.270775201132522,-3.772915125139659,0,True,60300,0.13498758199784788,,,,,unseen_heading
dlinear_ols,pitch_rate_imu,30,3.0,542880,0.20053807260816395,0.16002848701727346,0.11957724780030603,-1.8125261318399537,0.06870614570504346,2.918779252573372,480,-1.9745983681754258,-1.6792959637997322,0,True,60300,0.13498758199784788,,,,,unseen_heading
dlinear_ols,pitch_rate_imu,50,5.0,542880,0.21632227343021815,0.17264447603721828,0.12246467526074634,-2.1201883181359316,0.06869167754461587,3.149177326317513,480,-2.3226981424704016,-1.9552671038484557,0,True,60300,0.13498758199784788,,,,,unseen_heading
dlinear_ols,pitch_rate_imu,100,10.0,542880,0.1965510420201956,0.15677393393100691,0.08852671163804054,-3.9294905254914605,0.06867742018738508,2.861945621776556,480,-4.142474398028545,-3.7462904825417422,0,True,60300,0.13498758199784788,,,,,unseen_heading
dlinear_ols,pitch_rate_imu,150,15.0,542880,0.10290964038052704,0.08142602921621753,0.09897888621513858,-0.081003241218353,0.06868657396876365,1.4982497223886415,480,-0.12679314905030628,-0.044163702408010486,0,True,60300,0.13498758199784788,,,,,unseen_heading
dlinear_ols,heave_rate_imu,10,1.0,542880,0.016697470106272413,0.011616421934560516,0.2692264697030541,0.9961534991182049,0.44599613457170323,0.037438598256702926,480,0.9960783725261935,0.9962322680323481,0,True,60300,0.13498758199784788,,,,,unseen_heading
dlinear_ols,heave_rate_imu,20,2.0,542880,0.06557082655641464,0.045479948266171986,0.5100375538939901,0.9834721254432439,0.44604889007612214,0.147003676088566,480,0.9831638768403557,0.9837989373947309,0,True,60300,0.13498758199784788,,,,,unseen_heading
dlinear_ols,heave_rate_imu,30,3.0,542880,0.12486868788728278,0.08616062461050061,0.6981319735930894,0.9680086888983918,0.446081178943636,0.27992368604966494,480,0.9674500306139002,0.9686127205499738,0,True,60300,0.13498758199784788,,,,,unseen_heading
dlinear_ols,heave_rate_imu,50,5.0,542880,0.13316347526474037,0.09380859079863889,0.8589313718674813,0.9759644917092609,0.44610248202624475,0.29850422409644023,480,0.975597130571036,0.9763035040156244,0,True,60300,0.13498758199784788,,,,,unseen_heading
dlinear_ols,heave_rate_imu,100,10.0,542880,0.30120714199697557,0.21581985368313442,0.4364076754295744,0.5236285008828855,0.4461236187348287,0.675165199392884,480,0.4972277320046735,0.5459673889160696,0,True,60300,0.13498758199784788,,,,,unseen_heading
dlinear_ols,heave_rate_imu,150,15.0,542880,0.4070411935961862,0.2869357796158347,0.6878237986118816,0.6497950101821188,0.446104988676014,0.9124336286940783,480,0.6458804157259783,0.6530990292615111,0,True,60300,0.13498758199784788,,,,,unseen_heading
persistence,roll_imu,10,1.0,434304,0.9931706630633305,0.4800866275026116,0.9931706630633305,0.0,2.1642914001362707,0.45888952984833614,384,0.0,0.0,0,True,0,0.0,,,,,unseen_vessel
persistence,roll_imu,20,2.0,434304,1.928827508836514,0.92179962954906,1.928827508836514,0.0,2.163794052464238,0.8914099318462715,384,0.0,0.0,0,True,0,0.0,,,,,unseen_vessel
persistence,roll_imu,30,3.0,434304,2.75530423157012,1.3017126376647439,2.75530423157012,0.0,2.163035241426315,1.2738138421421465,384,0.0,0.0,0,True,0,0.0,,,,,unseen_vessel
persistence,roll_imu,50,5.0,434304,3.9137864963448616,1.7883576209253311,3.9137864963448616,0.0,2.1630527872185534,1.8093809450566198,384,0.0,0.0,0,True,0,0.0,,,,,unseen_vessel
persistence,roll_imu,100,10.0,434304,3.2713924369681644,1.3689696685818862,3.2713924369681644,0.0,2.1637397525332154,1.5119158545468123,384,0.0,0.0,0,True,0,0.0,,,,,unseen_vessel
persistence,roll_imu,150,15.0,434304,1.6785873893709808,0.8869004945469817,1.6785873893709808,0.0,2.165166023032309,0.7752695966566683,384,0.0,0.0,0,True,0,0.0,,,,,unseen_vessel
persistence,pitch_imu,10,1.0,434304,0.6879361544263667,0.4213868713596606,0.6879361544263667,0.0,1.0558839553413932,0.6515262884205301,384,0.0,0.0,0,True,0,0.0,,,,,unseen_vessel
persistence,pitch_imu,20,2.0,434304,1.2855805302425594,0.7830712104217331,1.2855805302425594,0.0,1.0561046961029528,1.217285118593239,384,0.0,0.0,0,True,0,0.0,,,,,unseen_vessel
persistence,pitch_imu,30,3.0,434304,1.7224664882877214,1.0434493255815893,1.7224664882877214,0.0,1.0564600388463172,1.6304132905667696,384,0.0,0.0,0,True,0,0.0,,,,,unseen_vessel
persistence,pitch_imu,50,5.0,434304,1.991103421419128,1.1757362537352305,1.991103421419128,0.0,1.0566315524341876,1.884387624836846,384,0.0,0.0,0,True,0,0.0,,,,,unseen_vessel
persistence,pitch_imu,100,10.0,434304,1.152231781515089,0.7018170380461279,1.152231781515089,0.0,1.0571994857128577,1.0898905997274035,384,0.0,0.0,0,True,0,0.0,,,,,unseen_vessel
persistence,pitch_imu,150,15.0,434304,1.5951892759147532,0.923632487481252,1.5951892759147532,0.0,1.0576484999580194,1.5082414204511898,384,0.0,0.0,0,True,0,0.0,,,,,unseen_vessel
persistence,heave_imu,10,1.0,434304,0.3559215519749067,0.22132719613731763,0.3559215519749067,0.0,0.6413951720965644,0.5549177285065711,384,0.0,0.0,0,True,0,0.0,,,,,unseen_vessel
persistence,heave_imu,20,2.0,434304,0.6800452818485991,0.4214029558409386,0.6800452818485991,0.0,0.6415939671078966,1.059930916922472,384,0.0,0.0,0,True,0,0.0,,,,,unseen_vessel
persistence,heave_imu,30,3.0,434304,0.9445150742254202,0.5816074136677809,0.9445150742254202,0.0,0.6416635627407079,1.4719786646309738,384,0.0,0.0,0,True,0,0.0,,,,,unseen_vessel
persistence,heave_imu,50,5.0,434304,1.2223364886054213,0.7345038515993438,1.2223364886054213,0.0,0.641571163495594,1.9052235483052782,384,0.0,0.0,0,True,0,0.0,,,,,unseen_vessel
persistence,heave_imu,100,10.0,434304,0.6950580633866985,0.3946980254567102,0.6950580633866985,0.0,0.6418277041046531,1.0829355899435684,384,0.0,0.0,0,True,0,0.0,,,,,unseen_vessel
persistence,heave_imu,150,15.0,434304,0.9378129353221328,0.5619225861903065,0.9378129353221328,0.0,0.6419453390761427,1.4608921947650384,384,0.0,0.0,0,True,0,0.0,,,,,unseen_vessel
persistence,roll_rate_imu,10,1.0,434304,0.4787839444597766,0.25287128979401313,0.4787839444597766,0.0,1.002607278665601,0.4775388675583963,384,0.0,0.0,0,True,0,0.0,,,,,unseen_vessel
persistence,roll_rate_imu,20,2.0,434304,0.92536590443907,0.479359268036377,0.92536590443907,0.0,1.0029524495736801,0.9226418508997216,384,0.0,0.0,0,True,0,0.0,,,,,unseen_vessel
persistence,roll_rate_imu,30,3.0,434304,1.313381928288809,0.6693340452363773,1.313381928288809,0.0,1.0033911401891826,1.3089431186737206,384,0.0,0.0,0,True,0,0.0,,,,,unseen_vessel
persistence,roll_rate_imu,50,5.0,434304,1.831999216096455,0.8920214332061458,1.831999216096455,0.0,1.0034615089387924,1.8256796098077346,384,0.0,0.0,0,True,0,0.0,,,,,unseen_vessel
persistence,roll_rate_imu,100,10.0,434304,1.4555866304324458,0.647447266828887,1.4555866304324458,0.0,1.0035311611722697,1.4504648054297684,384,0.0,0.0,0,True,0,0.0,,,,,unseen_vessel
persistence,roll_rate_imu,150,15.0,434304,0.8977888489043433,0.4945973935392174,0.8977888489043433,0.0,1.003427439075378,0.8947222429273244,384,0.0,0.0,0,True,0,0.0,,,,,unseen_vessel
persistence,pitch_rate_imu,10,1.0,434304,0.502358231388074,0.3082531571401555,0.502358231388074,0.0,0.7033519695139324,0.7142344845287634,384,0.0,0.0,0,True,0,0.0,,,,,unseen_vessel
persistence,pitch_rate_imu,20,2.0,434304,0.9243153912028366,0.5643674232429833,0.9243153912028366,0.0,0.7033694343325351,1.3141250473586032,384,0.0,0.0,0,True,0,0.0,,,,,unseen_vessel
persistence,pitch_rate_imu,30,3.0,434304,1.2082169541393608,0.7365545142590216,1.2082169541393608,0.0,0.7032894996102703,1.7179510781959597,384,0.0,0.0,0,True,0,0.0,,,,,unseen_vessel
persistence,pitch_rate_imu,50,5.0,434304,1.2927330978774842,0.7765858959497868,1.2927330978774842,0.0,0.7034462949721403,1.8377139905594106,384,0.0,0.0,0,True,0,0.0,,,,,unseen_vessel
persistence,pitch_rate_imu,100,10.0,434304,0.828925368698733,0.5086176925438504,0.828925368698733,0.0,0.7036829587884363,1.1779813030088613,384,0.0,0.0,0,True,0,0.0,,,,,unseen_vessel
persistence,pitch_rate_imu,150,15.0,434304,1.0505158303719033,0.6220080428270002,1.0505158303719033,0.0,0.7039648374739021,1.492284521115515,384,0.0,0.0,0,True,0,0.0,,,,,unseen_vessel
persistence,heave_rate_imu,10,1.0,434304,0.21527238650713715,0.13705551057480855,0.21527238650713715,0.0,0.36414282344848165,0.5911756943840842,384,0.0,0.0,0,True,0,0.0,,,,,unseen_vessel
persistence,heave_rate_imu,20,2.0,434304,0.4085250326910369,0.2593596417661414,0.4085250326910369,0.0,0.36411979456110216,1.1219522772263983,384,0.0,0.0,0,True,0,0.0,,,,,unseen_vessel
persistence,heave_rate_imu,30,3.0,434304,0.5610158349084816,0.3542925958297556,0.5610158349084816,0.0,0.3640858649337252,1.5408888093214048,384,0.0,0.0,0,True,0,0.0,,,,,unseen_vessel
persistence,heave_rate_imu,50,5.0,434304,0.699353489908083,0.432073657328022,0.699353489908083,0.0,0.36425571619608055,1.9199519974907346,384,0.0,0.0,0,True,0,0.0,,,,,unseen_vessel
persistence,heave_rate_imu,100,10.0,434304,0.3615215661344632,0.22366835707201754,0.3615215661344632,0.0,0.3642809505905257,0.9924251200849528,384,0.0,0.0,0,True,0,0.0,,,,,unseen_vessel
persistence,heave_rate_imu,150,15.0,434304,0.5641307616469378,0.3423387647816375,0.5641307616469378,0.0,0.3642624271823509,1.5486932484654317,384,0.0,0.0,0,True,0,0.0,,,,,unseen_vessel
window_mean,roll_imu,10,1.0,434304,2.288056808525956,1.037080100721828,0.9931706630633305,-4.307449137313417,2.1642914001362707,1.057185186977083,384,-4.3759183448429475,-4.221587610606029,0,True,0,0.0,,,,,unseen_vessel
window_mean,roll_imu,20,2.0,434304,2.430311496664441,1.0937909379222241,1.928827508836514,-0.5875854137300733,2.163794052464238,1.1231713544533868,384,-0.6117386177254032,-0.5576340112693321,0,True,0,0.0,,,,,unseen_vessel
window_mean,roll_imu,30,3.0,434304,2.520054297281679,1.1258254848311005,2.75530423157012,0.16347162256269765,2.163035241426315,1.165054664398322,384,0.14925006110249747,0.18170470056530647,0,True,0,0.0,,,,,unseen_vessel
window_mean,roll_imu,50,5.0,434304,2.5112451559401476,1.1072308324741025,3.9137864963448616,0.5882970649558532,2.1630527872185534,1.1609726636257134,384,0.5804724917804434,0.5985306988204098,0,True,0,0.0,,,,,unseen_vessel
window_mean,roll_imu,100,10.0,434304,1.8934080644082087,0.8684885112189377,3.2713924369681644,0.6650167016605285,2.1637397525332154,0.8750627528987653,384,0.6507098632456839,0.6754193248598406,0,True,0,0.0,,,,,unseen_vessel
window_mean,roll_imu,150,15.0,434304,2.255836735316962,1.024527929744216,1.6785873893709808,-0.8060402177975508,2.165166023032309,1.0418770252812617,384,-1.0259053205468909,-0.5898845144869562,0,True,0,0.0,,,,,unseen_vessel
window_mean,pitch_imu,10,1.0,434304,1.1097657942005028,0.6649773523122912,0.6879361544263667,-1.6023541612663497,1.0558839553413932,1.0510300763512295,384,-1.712037472568149,-1.4940585753385878,0,True,0,0.0,,,,,unseen_vessel
window_mean,pitch_imu,20,2.0,434304,1.1375734176922383,0.6815207388225266,1.2855805302425594,0.21700264113858714,1.0561046961029528,1.0771407625493066,384,0.18557512640899584,0.24700330070769655,0,True,0,0.0,,,,,unseen_vessel
window_mean,pitch_imu,30,3.0,434304,1.1373855357981821,0.6803389145230845,1.7224664882877214,0.563972541350271,1.0564600388463172,1.076600622812234,384,0.5489569200648022,0.5786124511074493,0,True,0,0.0,,,,,unseen_vessel
window_mean,pitch_imu,50,5.0,434304,1.0724098168511291,0.6402778119635616,1.991103421419128,0.7099092208750395,1.0566315524341876,1.01493260766309,384,0.7043160778105263,0.7149151879283975,0,True,0,0.0,,,,,unseen_vessel
window_mean,pitch_imu,100,10.0,434304,1.0481329358364713,0.6300255976072193,1.152231781515089,0.17252851578028372,1.0571994857128577,0.9914239932965225,384,0.10959267060552759,0.23363478027061185,0,True,0,0.0,,,,,unseen_vessel
window_mean,pitch_imu,150,15.0,434304,1.0771922138925978,0.6447320538225405,1.5951892759147532,0.5440030177219135,1.0576484999580194,1.0184784585193987,384,0.5206952078142314,0.5639029032880937,0,True,0,0.0,,,,,unseen_vessel
window_mean,heave_imu,10,1.0,434304,0.684373978727996,0.4085188245446732,0.3559215519749067,-2.697246478397327,0.6413951720965644,1.0670083101669512,384,-2.8326600943352056,-2.561909467791085,0,True,0,0.0,,,,,unseen_vessel
window_mean,heave_imu,20,2.0,434304,0.703964759443412,0.42005970953880034,0.6800452818485991,-0.07158388549739758,0.6415939671078966,1.0972122487632845,384,-0.11057950670788605,-0.03337421605364453,0,True,0,0.0,,,,,unseen_vessel
window_mean,heave_imu,30,3.0,434304,0.7081717210423794,0.4223478678497184,0.9445150742254202,0.4378407337768062,0.6416635627407079,1.1036495792555185,384,0.4183789667578095,0.4573623100230222,0,True,0,0.0,,,,,unseen_vessel
window_mean,heave_imu,50,5.0,434304,0.6738889432591022,0.4016672028467133,1.2223364886054213,0.6960549261595332,0.641571163495594,1.0503728683618279,384,0.688934089816005,0.7030089083709873,0,True,0,0.0,,,,,unseen_vessel
window_mean,heave_imu,100,10.0,434304,0.612711729921787,0.3723639881725131,0.6950580633866985,0.2229119733763063,0.6418277041046531,0.9546358407456363,384,0.14068461968068036,0.28973794710071343,0,True,0,0.0,,,,,unseen_vessel
window_mean,heave_imu,150,15.0,434304,0.6730320770073841,0.40052981425061973,0.9378129353221328,0.4849622176374202,0.6419453390761427,1.0484258332274519,384,0.4511096989134507,0.51746423166535,0,True,0,0.0,,,,,unseen_vessel
window_mean,roll_rate_imu,10,1.0,434304,1.0670649917862547,0.5151390899914541,0.4787839444597766,-3.967096379628539,1.002607278665601,1.064290090938141,384,-4.067948074224392,-3.8450980893206723,0,True,0,0.0,,,,,unseen_vessel
window_mean,roll_rate_imu,20,2.0,434304,1.1290341023924129,0.5406427029237786,0.92536590443907,-0.4886312531871595,1.0029524495736801,1.1257104989098192,384,-0.5215366858647282,-0.4490632855253658,0,True,0,0.0,,,,,unseen_vessel
window_mean,roll_rate_imu,30,3.0,434304,1.1657594497039643,0.5535954146078389,1.313381928288809,0.2121640096077262,1.0033911401891826,1.1618195567126177,384,0.19363705385048563,0.2343132228962728,0,True,0,0.0,,,,,unseen_vessel
window_mean,roll_rate_imu,50,5.0,434304,1.1508289112311028,0.5394836108625963,1.831999216096455,0.6053873888213723,1.0034615089387924,1.146859048383588,384,0.5964988872503045,0.6165251613693402,0,True,0,0.0,,,,,unseen_vessel
window_mean,roll_rate_imu,100,10.0,434304,0.8824323662245352,0.4367392820528692,1.4555866304324458,0.6324751220400737,1.0035311611722697,0.8793273197353697,384,0.6110944561559007,0.6478080471501628,0,True,0,0.0,,,,,unseen_vessel
window_mean,roll_rate_imu,150,15.0,434304,1.0561142308503344,0.5090041578705756,0.8977888489043433,-0.38380015699234815,1.003427439075378,1.0525068278215568,384,-0.5474961240497765,-0.22815530147271418,0,True,0,0.0,,,,,unseen_vessel
window_mean,pitch_rate_imu,10,1.0,434304,0.7362607580831918,0.45050094828707504,0.502358231388074,-1.1480098163658368,0.7033519695139324,1.0467885070287095,384,-1.2273551981249486,-1.0693987932659124,0,True,0,0.0,,,,,unseen_vessel
window_mean,pitch_rate_imu,20,2.0,434304,0.7523276821227388,0.46039293601106374,0.9243153912028366,0.33751856135707736,0.7033694343325351,1.0696053103823921,384,0.3166871790612731,0.35851494015850005,0,True,0,0.0,,,,,unseen_vessel
window_mean,pitch_rate_imu,30,3.0,434304,0.7476617213008193,0.4573121181313005,1.2082169541393608,0.6170690745878451,0.7032894996102703,1.0630923989553918,384,0.6071492447885134,0.6265722353797927,0,True,0,0.0,,,,,unseen_vessel
window_mean,pitch_rate_imu,50,5.0,434304,0.7008735665059168,0.428860185904045,1.2927330978774842,0.7060580132181016,0.7034462949721403,0.9963426796265586,384,0.7010815154329262,0.7104060673862339,0,True,0,0.0,,,,,unseen_vessel
window_mean,pitch_rate_imu,100,10.0,434304,0.7099678813434682,0.43270490620066443,0.828925368698733,0.266421589383536,0.7036829587884363,1.0089314690323792,384,0.22134269499754558,0.31343281690767166,0,True,0,0.0,,,,,unseen_vessel
window_mean,pitch_rate_imu,150,15.0,434304,0.7092239726915694,0.43438408813429885,1.0505158303719033,0.5442133386866896,0.7039648374739021,1.0074707356642116,384,0.5268209691263718,0.5588802593387767,0,True,0,0.0,,,,,unseen_vessel
window_mean,heave_rate_imu,10,1.0,434304,0.38661879891979867,0.23918962119098996,0.21527238650713715,-2.22544234870748,0.36414282344848165,1.0617229669898929,384,-2.3469347348696386,-2.1008127821818223,0,True,0,0.0,,,,,unseen_vessel
window_mean,heave_rate_imu,20,2.0,434304,0.3960544031063868,0.2452538156923131,0.4085250326910369,0.0601201369194887,0.36411979456110216,1.0877035772904835,384,0.02593700631989944,0.09440897087729856,0,True,0,0.0,,,,,unseen_vessel
window_mean,heave_rate_imu,30,3.0,434304,0.3967345669147003,0.2457502581921264,0.5610158349084816,0.49990807272889015,0.3640858649337252,1.0896730829880423,384,0.48378968130517985,0.5158257708607331,0,True,0,0.0,,,,,unseen_vessel
window_mean,heave_rate_imu,50,5.0,434304,0.3753459942515577,0.23264727542760053,0.699353489908083,0.7119485419453688,0.36425571619608055,1.030446407736007,384,0.7069054205154742,0.7166297733001857,0,True,0,0.0,,,,,unseen_vessel
window_mean,heave_rate_imu,100,10.0,434304,0.3539599802303833,0.22170495433112702,0.3615215661344632,0.04139452542239308,0.3642809505905257,0.9716675540035477,384,-0.04013283880204591,0.11482222727871558,0,True,0,0.0,,,,,unseen_vessel
window_mean,heave_rate_imu,150,15.0,434304,0.37840941452301174,0.2334834428552783,0.5641307616469378,0.5500499532775995,0.3642624271823509,1.038837349902077,384,0.5268098735809947,0.5720184946814006,0,True,0,0.0,,,,,unseen_vessel
damped_persistence,roll_imu,10,1.0,434304,1.374660838054313,0.6340547080454877,0.9931706630633305,-0.9157699453708863,2.1642914001362707,0.635155154230969,384,-0.9366973996178807,-0.8891318865382679,0,True,6,0.12675692300035735,,,,,unseen_vessel
damped_persistence,roll_imu,20,2.0,434304,2.100253054389303,0.9583507204233138,1.928827508836514,-0.18564989547497435,2.163794052464238,0.9706344520160913,384,-0.20094610810106375,-0.16640839307897345,0,True,6,0.12675692300035735,,,,,unseen_vessel
damped_persistence,roll_imu,30,3.0,434304,2.4447935401358247,1.1032413766717493,2.75530423157012,0.2126909196940665,2.163035241426315,1.130260614026666,384,0.20095084067598432,0.2277191578793422,0,True,6,0.12675692300035735,,,,,unseen_vessel
damped_persistence,roll_imu,50,5.0,434304,2.5485344363386107,1.1267515177107414,3.9137864963448616,0.5759795998501596,2.1630527872185534,1.1782118547443052,384,0.5684087468435105,0.5858689396445731,0,True,6,0.12675692300035735,,,,,unseen_vessel
damped_persistence,roll_imu,100,10.0,434304,1.8945276170486973,0.8687184571181022,3.2713924369681644,0.6646204402107803,2.1637397525332154,0.875580168470198,384,0.6503835100969851,0.674957460789822,0,True,6,0.12675692300035735,,,,,unseen_vessel
damped_persistence,roll_imu,150,15.0,434304,2.2557414660691566,1.0244944151087196,1.6785873893709808,-0.8058876744356023,2.165166023032309,1.041833024383967,384,-1.0257247480244154,-0.5897589326268153,0,True,6,0.12675692300035735,,,,,unseen_vessel
damped_persistence,pitch_imu,10,1.0,434304,0.8145686292228473,0.4931603265256982,0.6879361544263667,-0.40203576459608636,1.0558839553413932,0.77145658393822,384,-0.44602572338936847,-0.3593946736384639,0,True,6,0.12675692300035735,,,,,unseen_vessel
damped_persistence,pitch_imu,20,2.0,434304,1.0962499361778115,0.6607298982889891,1.2855805302425594,0.27285572507782807,1.0561046961029528,1.0380125571101004,384,0.2496656089403045,0.29526028546345645,0,True,6,0.12675692300035735,,,,,unseen_vessel
damped_persistence,pitch_imu,30,3.0,434304,1.1536914529108249,0.6920621058060421,1.7224664882877214,0.5513808708259147,1.0564600388463172,1.0920351082760187,384,0.5378916685573436,0.5646600272159077,0,True,6,0.12675692300035735,,,,,unseen_vessel
damped_persistence,pitch_imu,50,5.0,434304,1.0798523856747964,0.6445331131804781,1.991103421419128,0.7058687646965538,1.0566315524341876,1.0219762822595202,384,0.7003483787991366,0.710813160934412,0,True,6,0.12675692300035735,,,,,unseen_vessel
damped_persistence,pitch_imu,100,10.0,434304,1.0480946070157924,0.6300063550127317,1.152231781515089,0.17258903372632894,1.0571994857128577,0.9913877382460832,384,0.10966387354121096,0.23368391785194645,0,True,6,0.12675692300035735,,,,,unseen_vessel
damped_persistence,pitch_imu,150,15.0,434304,1.077192313609639,0.644732095404559,1.5951892759147532,0.5440029332974785,1.0576484999580194,1.0184785528012334,384,0.5206951557542521,0.5639027869403592,0,True,6,0.12675692300035735,,,,,unseen_vessel
damped_persistence,heave_imu,10,1.0,434304,0.4463925323279496,0.27054263238776904,0.3559215519749067,-0.5729874893038744,0.6413951720965644,0.6959711450100277,384,-0.6165574803657926,-0.5303044008188338,0,True,6,0.12675692300035735,,,,,unseen_vessel
damped_persistence,heave_imu,20,2.0,434304,0.6428612077839155,0.3882392127358699,0.6800452818485991,0.10636786805193899,0.6415939671078966,1.0019751443139828,384,0.08068392881843708,0.13183696147596097,0,True,6,0.12675692300035735,,,,,unseen_vessel
damped_persistence,heave_imu,30,3.0,434304,0.708888231417836,0.4260259729370899,0.9445150742254202,0.436702601025014,0.6416635627407079,1.104766224203217,384,0.42056190993101716,0.4530575541326561,0,True,6,0.12675692300035735,,,,,unseen_vessel
damped_persistence,heave_imu,50,5.0,434304,0.6850666351801521,0.4086370593570704,1.2223364886054213,0.6858883236597377,0.641571163495594,1.0677952410572407,384,0.6789558900544572,0.6926293578936403,0,True,6,0.12675692300035735,,,,,unseen_vessel
damped_persistence,heave_imu,100,10.0,434304,0.6125569543386764,0.37226860421472435,0.6950580633866985,0.22330452032942139,0.6418277041046531,0.9543946925650253,384,0.14118552657566302,0.29005094710283347,0,True,6,0.12675692300035735,,,,,unseen_vessel
damped_persistence,heave_imu,150,15.0,434304,0.6730320700694976,0.4005301501360046,0.9378129353221328,0.4849622282558551,0.6419453390761427,1.048425822419855,384,0.45111058977527807,0.517463389645568,0,True,6,0.12675692300035735,,,,,unseen_vessel
damped_persistence,roll_rate_imu,10,1.0,434304,0.6523443407525001,0.32356231862592316,0.4787839444597766,-0.8564131732983424,1.002607278665601,0.6506479203110554,384,-0.8880548020533969,-0.8191686960053498,0,True,6,0.12675692300035735,,,,,unseen_vessel
damped_persistence,roll_rate_imu,20,2.0,434304,0.9862718145634173,0.48152254456884214,0.92536590443907,-0.13596841691401762,1.0029524495736801,0.9833684687470945,384,-0.15708111781982867,-0.11061583776665496,0,True,6,0.12675692300035735,,,,,unseen_vessel
damped_persistence,roll_rate_imu,30,3.0,434304,1.1373078007238169,0.5473022384070574,1.313381928288809,0.2501507465431191,1.0033911401891826,1.1334640651793928,384,0.2347966950439827,0.2684815517737515,0,True,6,0.12675692300035735,,,,,unseen_vessel
damped_persistence,roll_rate_imu,50,5.0,434304,1.167882987008323,0.5489885563832569,1.831999216096455,0.5936052424988811,1.0034615089387924,1.1638542949628572,384,0.5850244524071515,0.6043944444096845,0,True,6,0.12675692300035735,,,,,unseen_vessel
damped_persistence,roll_rate_imu,100,10.0,434304,0.8827033838889108,0.43676238365085374,1.4555866304324458,0.6322493346968656,1.0035311611722697,0.879597383760147,384,0.6109333766692948,0.6475392651202315,0,True,6,0.12675692300035735,,,,,unseen_vessel
damped_persistence,roll_rate_imu,150,15.0,434304,1.056084994837964,0.5089941296492428,0.8977888489043433,-0.3837235436159707,1.003427439075378,1.0524776916715655,384,-0.5474038637118537,-0.22809294830733315,0,True,6,0.12675692300035735,,,,,unseen_vessel
damped_persistence,pitch_rate_imu,10,1.0,434304,0.5762848180626993,0.3540619191009403,0.502358231388074,-0.3159740074080102,0.7033519695139324,0.8193405905452347,384,-0.351881508070332,-0.28043120758571705,0,True,6,0.12675692300035735,,,,,unseen_vessel
damped_persistence,pitch_rate_imu,20,2.0,434304,0.7406092320892135,0.4539202753087489,0.9243153912028366,0.357995793775289,0.7033694343325351,1.0529448621719215,384,0.3413425841012346,0.37486459573074565,0,True,6,0.12675692300035735,,,,,unseen_vessel
damped_persistence,pitch_rate_imu,30,3.0,434304,0.7586671822011646,0.4642027728460344,1.2082169541393608,0.6057127396369004,0.7032894996102703,1.078740948957125,384,0.5964643187220905,0.6145752578075355,0,True,6,0.12675692300035735,,,,,unseen_vessel
damped_persistence,pitch_rate_imu,50,5.0,434304,0.7030799061987504,0.43012158654926885,1.2927330978774842,0.7042044501945552,0.7034462949721403,0.9994791517476052,384,0.6992699121311193,0.7085126362908354,0,True,6,0.12675692300035735,,,,,unseen_vessel
damped_persistence,pitch_rate_imu,100,10.0,434304,0.7099633527205612,0.43270258665642386,0.828925368698733,0.2664309478051955,0.7036829587884363,1.0089250334311608,384,0.22135394399210648,0.3134403956091401,0,True,6,0.12675692300035735,,,,,unseen_vessel
damped_persistence,pitch_rate_imu,150,15.0,434304,0.7092239794258953,0.4343840906571921,1.0505158303719033,0.5442133300309869,0.7039648374739021,1.0074707452304934,384,0.5268209638176827,0.5588802480821274,0,True,6,0.12675692300035735,,,,,unseen_vessel
damped_persistence,heave_rate_imu,10,1.0,434304,0.2650758480215147,0.16595884927684273,0.21527238650713715,-0.5162250520959253,0.36414282344848165,0.7279447264982752,384,-0.5589010667595967,-0.4728985750027167,0,True,6,0.12675692300035735,,,,,unseen_vessel
damped_persistence,heave_rate_imu,20,2.0,434304,0.3706237314993516,0.23148111004362154,0.4085250326910369,0.1769445372476216,0.36411979456110216,1.0178620801049532,384,0.15342673562401504,0.20042694257899565,0,True,6,0.12675692300035735,,,,,unseen_vessel
damped_persistence,heave_rate_imu,30,3.0,434304,0.40009402095602636,0.24898706234175422,0.5610158349084816,0.49140289541905835,0.3640858649337252,1.098900175728755,384,0.47752852151735165,0.5051209730537678,0,True,6,0.12675692300035735,,,,,unseen_vessel
damped_persistence,heave_rate_imu,50,5.0,434304,0.37997363833332887,0.23550582664430075,0.699353489908083,0.7048019788929596,0.36425571619608055,1.0431507906077369,384,0.6998739359965513,0.7093844177919203,0,True,6,0.12675692300035735,,,,,unseen_vessel
damped_persistence,heave_rate_imu,100,10.0,434304,0.35390972463958675,0.22167643616638932,0.3615215661344632,0.04166671361975294,0.3642809505905257,0.9715295956757376,384,-0.03982068689825239,0.11505748471129931,0,True,6,0.12675692300035735,,,,,unseen_vessel
damped_persistence,heave_rate_imu,150,15.0,434304,0.3784096338684469,0.23348358024442548,0.5641307616469378,0.5500494316493652,0.3642624271823509,1.0388379520652946,384,0.5268095392032662,0.5720177932072249,0,True,6,0.12675692300035735,,,,,unseen_vessel
ar20,roll_imu,10,1.0,434304,0.043183571789225425,0.03408369920743688,0.9931706630633305,0.9981094448261623,2.1642914001362707,0.0199527530287772,384,0.9977022552001092,0.9983828681001395,0,True,108900,0.04226499500146019,,,,,unseen_vessel
ar20,roll_imu,20,2.0,434304,0.13604868733596032,0.10114254548156779,1.928827508836514,0.9950248986874898,2.163794052464238,0.06287506298532487,384,0.9942776147800321,0.9955528541567684,0,True,108900,0.04226499500146019,,,,,unseen_vessel
ar20,roll_imu,30,3.0,434304,0.32792269971252364,0.22344939030344213,2.75530423157012,0.98583541538314,2.163035241426315,0.15160303144034304,384,0.9842758531181318,0.9870437385690002,0,True,108900,0.04226499500146019,,,,,unseen_vessel
ar20,roll_imu,50,5.0,434304,0.9609813600617922,0.5392835512820916,3.9137864963448616,0.9397113350629236,2.1630527872185534,0.4442708775949513,384,0.935522791483666,0.9431007309691001,0,True,108900,0.04226499500146019,,,,,unseen_vessel
ar20,roll_imu,100,10.0,434304,1.7634465800069064,0.8737420657954533,3.2713924369681644,0.7094242779453717,2.1637397525332154,0.8149993907272524,384,0.7018305378671381,0.7168289523983832,0,True,108900,0.04226499500146019,,,,,unseen_vessel
ar20,roll_imu,150,15.0,434304,2.0463071354191773,1.0263428331923823,1.6785873893709808,-0.48611947363767527,2.165166023032309,0.9451040306615055,384,-0.7788692948788932,-0.1866951574214903,0,True,108900,0.04226499500146019,,,,,unseen_vessel
ar20,pitch_imu,10,1.0,434304,0.050272996628373284,0.03970511329986457,0.6879361544263667,0.9946596062696956,1.0558839553413932,0.04761223652851017,384,0.9939802693873431,0.9951914693155982,0,True,108900,0.04226499500146019,,,,,unseen_vessel
ar20,pitch_imu,20,2.0,434304,0.17102428740133938,0.12802939832075064,1.2855805302425594,0.9823022927842774,1.0561046961029528,0.1619387623522766,384,0.9804245916873545,0.9838499878594974,0,True,108900,0.04226499500146019,,,,,unseen_vessel
ar20,pitch_imu,30,3.0,434304,0.3419286956573224,0.23574842784665087,1.7224664882877214,0.9605933481660697,1.0564600388463172,0.3236551152760286,384,0.9561444657113414,0.9647649121290349,0,True,108900,0.04226499500146019,,,,,unseen_vessel
ar20,pitch_imu,50,5.0,434304,0.5048430815267969,0.3497410374173704,1.991103421419128,0.9357127008203641,1.0566315524341876,0.47778535513517245,384,0.9277455033983851,0.9426747102311415,0,True,108900,0.04226499500146019,,,,,unseen_vessel
ar20,pitch_imu,100,10.0,434304,0.855600539328488,0.5631230962678223,1.152231781515089,0.4486055387789618,1.0571994857128577,0.8093085088398111,384,0.42892612428072674,0.468231314442706,0,True,108900,0.04226499500146019,,,,,unseen_vessel
ar20,pitch_imu,150,15.0,434304,1.032987348473986,0.6408839141154979,1.5951892759147532,0.5806607033578934,1.0576484999580194,0.9766830364861178,384,0.5572077526557188,0.6007839322369065,0,True,108900,0.04226499500146019,,,,,unseen_vessel
ar20,heave_imu,10,1.0,434304,0.0016823301392125429,0.0011967828374618674,0.3559215519749067,0.9999776584202704,0.6413951720965644,0.002622922984769929,384,0.9999754057163547,0.999979825931126,0,True,108900,0.04226499500146019,,,,,unseen_vessel
ar20,heave_imu,20,2.0,434304,0.012281361746799582,0.009114317669041215,0.6800452818485991,0.9996738499993748,0.6415939671078966,0.019141953285751873,384,0.999637629598022,0.9997042541175123,0,True,108900,0.04226499500146019,,,,,unseen_vessel
ar20,heave_imu,30,3.0,434304,0.044343485580561615,0.03249597032821754,0.9445150742254202,0.9977958463387232,0.6416635627407079,0.06910706506562307,384,0.9975700959134431,0.9979932242707782,0,True,108900,0.04226499500146019,,,,,unseen_vessel
ar20,heave_imu,50,5.0,434304,0.1665483956254674,0.11129377546406935,1.2223364886054213,0.9814348118788593,0.641571163495594,0.2595945782819012,384,0.9797311929390465,0.983030497864534,0,True,108900,0.04226499500146019,,,,,unseen_vessel
ar20,heave_imu,100,10.0,434304,0.3738381107361939,0.2487421638589564,0.6950580633866985,0.7107156265841001,0.6418277041046531,0.582458669741744,384,0.6840610554711739,0.7344737774722659,0,True,108900,0.04226499500146019,,,,,unseen_vessel
ar20,heave_imu,150,15.0,434304,0.5101668529635288,0.33313737919299674,0.9378129353221328,0.7040679257492763,0.6419453390761427,0.7947200827063201,384,0.6820644507251253,0.7233862974835946,0,True,108900,0.04226499500146019,,,,,unseen_vessel
ar20,roll_rate_imu,10,1.0,434304,0.06169073972599049,0.047316518119162314,0.4787839444597766,0.983397985111436,1.002607278665601,0.061530313053478405,384,0.9809042415173165,0.9851536549263723,0,True,108900,0.04226499500146019,,,,,unseen_vessel
ar20,roll_rate_imu,20,2.0,434304,0.14658029093067934,0.1006081479840409,0.92536590443907,0.974908641744796,1.0029524495736801,0.14614879398618097,384,0.9727434902324013,0.9766379765826719,0,True,108900,0.04226499500146019,,,,,unseen_vessel
ar20,roll_rate_imu,30,3.0,434304,0.26042542274410374,0.1548365640972322,1.313381928288809,0.9606826097523024,1.0033911401891826,0.2595452683536774,384,0.9584041720256112,0.962568284218733,0,True,108900,0.04226499500146019,,,,,unseen_vessel
ar20,roll_rate_imu,50,5.0,434304,0.4286984297355389,0.23684169984008907,1.831999216096455,0.9452412887408914,1.0034615089387924,0.42721960525312785,384,0.9426456004892068,0.9480460037183073,0,True,108900,0.04226499500146019,,,,,unseen_vessel
ar20,roll_rate_imu,100,10.0,434304,0.8889130777971342,0.4764184385665496,1.4555866304324458,0.6270569867868939,1.0035311611722697,0.8857852273951863,384,0.6150613424117022,0.636105422719411,0,True,108900,0.04226499500146019,,,,,unseen_vessel
ar20,roll_rate_imu,150,15.0,434304,1.1675823019208769,0.6139343674698193,0.8977888489043433,-0.6913231486666012,1.003427439075378,1.1635941538500898,384,-0.9721370905219069,-0.4245334363200432,0,True,108900,0.04226499500146019,,,,,unseen_vessel
ar20,pitch_rate_imu,10,1.0,434304,0.0859374639589121,0.06618387411028932,0.502358231388074,0.9707357080255712,0.7033519695139324,0.12218273024571348,384,0.9670191835968333,0.9736615998147026,0,True,108900,0.04226499500146019,,,,,unseen_vessel
ar20,pitch_rate_imu,20,2.0,434304,0.17667721131639286,0.12251096527885767,0.9243153912028366,0.9634640249561585,0.7033694343325351,0.2511869334840393,384,0.9587812148446367,0.9677558623966218,0,True,108900,0.04226499500146019,,,,,unseen_vessel
ar20,pitch_rate_imu,30,3.0,434304,0.22012197689580257,0.15374767068305362,1.2082169541393608,0.9668077297528347,0.7032894996102703,0.3129891417656367,384,0.9620846089850729,0.9710799223024461,0,True,108900,0.04226499500146019,,,,,unseen_vessel
ar20,pitch_rate_imu,50,5.0,434304,0.3934783017591956,0.2711085513289538,1.2927330978774842,0.9073546043744896,0.7034462949721403,0.5593579844994125,384,0.9005220183795396,0.9128169756545725,0,True,108900,0.04226499500146019,,,,,unseen_vessel
ar20,pitch_rate_imu,100,10.0,434304,0.6438931361398331,0.4149851000760525,0.828925368698733,0.3966119165434626,0.7036829587884363,0.9150330103893007,384,0.3563935305481361,0.43771611249157827,0,True,108900,0.04226499500146019,,,,,unseen_vessel
ar20,pitch_rate_imu,150,15.0,434304,0.6972961302775349,0.4350138057063681,1.0505158303719033,0.5594154053997791,0.7039648374739021,0.990526931401436,384,0.5414515604725849,0.5748851369060661,0,True,108900,0.04226499500146019,,,,,unseen_vessel
ar20,heave_rate_imu,10,1.0,434304,0.004350675584969453,0.003237880612981588,0.21527238650713715,0.9995915520220158,0.36414282344848165,0.011947717502072314,384,0.9995386002561418,0.9996393439310359,0,True,108900,0.04226499500146019,,,,,unseen_vessel
ar20,heave_rate_imu,20,2.0,434304,0.02285038503970053,0.017006503553203534,0.4085250326910369,0.9968714024690317,0.36411979456110216,0.06275512999023747,384,0.9964859366819824,0.9971962040532402,0,True,108900,0.04226499500146019,,,,,unseen_vessel
ar20,heave_rate_imu,30,3.0,434304,0.058541257619116174,0.042083891085660276,0.5610158349084816,0.9891113545493712,0.3640858649337252,0.16078970170888804,384,0.9878928248448461,0.9901367357133942,0,True,108900,0.04226499500146019,,,,,unseen_vessel
ar20,heave_rate_imu,50,5.0,434304,0.11962740052863456,0.07484770233629376,0.699353489908083,0.970740436792813,0.36425571619608055,0.32841598692781687,384,0.9675576831213659,0.9736491970427832,0,True,108900,0.04226499500146019,,,,,unseen_vessel
ar20,heave_rate_imu,100,10.0,434304,0.251201323774322,0.15808491095504032,0.3615215661344632,0.517190921260746,0.3642809505905257,0.6895812788648612,384,0.49565382852617484,0.5390997781348208,0,True,108900,0.04226499500146019,,,,,unseen_vessel
ar20,heave_rate_imu,150,15.0,434304,0.3370135145365747,0.2126983130073492,0.5641307616469378,0.6431094329163285,0.3642624271823509,0.9251942813411954,384,0.6165243440500286,0.6662899787618132,0,True,108900,0.04226499500146019,,,,,unseen_vessel
dlinear_ols,roll_imu,10,1.0,434304,0.17138683665665227,0.10919602650979304,0.9931706630633305,0.9702212022119523,2.1642914001362707,0.07918842936115775,384,0.9659944310059144,0.9743541209561285,0,True,60300,0.14696726499823853,,,,,unseen_vessel
dlinear_ols,roll_imu,20,2.0,434304,0.5808663812044004,0.3052931046958293,1.928827508836514,0.9093086847075482,2.163794052464238,0.26844809030826217,384,0.8930989115795237,0.9263050708662007,0,True,60300,0.14696726499823853,,,,,unseen_vessel
dlinear_ols,roll_imu,30,3.0,434304,1.0402420997151227,0.45922148482032005,2.75530423157012,0.8574623041934991,2.163035241426315,0.4809177769240516,384,0.82920368752475,0.8888439547834626,0,True,60300,0.14696726499823853,,,,,unseen_vessel
dlinear_ols,roll_imu,50,5.0,434304,0.8443872503810219,0.4122746913668823,3.9137864963448616,0.9534532810351375,2.1630527872185534,0.39036830509661785,384,0.9447699120099411,0.9626940503705729,0,True,60300,0.14696726499823853,,,,,unseen_vessel
dlinear_ols,roll_imu,100,10.0,434304,1.5600524921856025,0.713879655007574,3.2713924369681644,0.7725881283233884,2.1637397525332154,0.7209982117115327,384,0.7532009956623199,0.7937176606619015,0,True,60300,0.14696726499823853,,,,,unseen_vessel
dlinear_ols,roll_imu,150,15.0,434304,2.24957667164976,0.9657889948414871,1.6785873893709808,-0.7960304158413107,2.165166023032309,1.0389857626249068,384,-1.1930020158329493,-0.3907143842068335,0,True,60300,0.14696726499823853,,,,,unseen_vessel
dlinear_ols,pitch_imu,10,1.0,434304,0.10829129828274682,0.08511227313118087,0.6879361544263667,0.9752205962454885,1.0558839553413932,0.10255984830050152,384,0.9718170591464225,0.9777581333379197,0,True,60300,0.14696726499823853,,,,,unseen_vessel
dlinear_ols,pitch_imu,20,2.0,434304,0.276381050583276,0.20719252057435197,1.2855805302425594,0.9537812757610812,1.0561046961029528,0.2616985338699161,384,0.947440536209428,0.958960132846066,0,True,60300,0.14696726499823853,,,,,unseen_vessel
dlinear_ols,pitch_imu,30,3.0,434304,0.4050592480682839,0.27417598042296926,1.7224664882877214,0.9446986743615323,1.0564600388463172,0.3834118027886975,384,0.9350996061738616,0.9529064670240358,0,True,60300,0.14696726499823853,,,,,unseen_vessel
dlinear_ols,pitch_imu,50,5.0,434304,0.43922577369231414,0.30860310519583095,1.991103421419128,0.9513382194608055,1.0566315524341876,0.4156848928848085,384,0.9455072803428799,0.9562542747569214,0,True,60300,0.14696726499823853,,,,,unseen_vessel
dlinear_ols,pitch_imu,100,10.0,434304,0.8514686186643848,0.5512538678943648,1.152231781515089,0.45391833783472413,1.0571994857128577,0.8054001446001926,384,0.428636948990311,0.4814481528080801,0,True,60300,0.14696726499823853,,,,,unseen_vessel
dlinear_ols,pitch_imu,150,15.0,434304,1.0498239205145374,0.6379480137415116,1.5951892759147532,0.5668797536103375,1.0576484999580194,0.9926019093831339,384,0.5303090436749326,0.5984798734753921,0,True,60300,0.14696726499823853,,,,,unseen_vessel
dlinear_ols,heave_imu,10,1.0,434304,0.037098296002667494,0.018678668972164976,0.3559215519749067,0.9891357599932068,0.6413951720965644,0.05783999882849478,384,0.98608591126289,0.99195196410308,0,True,60300,0.14696726499823853,,,,,unseen_vessel
dlinear_ols,heave_imu,20,2.0,434304,0.1445476398611194,0.07215950228429813,0.6800452818485991,0.9548199875391814,0.6415939671078966,0.22529457456200003,384,0.9419671493134071,0.9667447896519503,0,True,60300,0.14696726499823853,,,,,unseen_vessel
dlinear_ols,heave_imu,30,3.0,434304,0.27645518104564126,0.1362393251407999,0.9445150742254202,0.9143294253854938,0.6416635627407079,0.43084132729125374,384,0.8893984335119189,0.9375489514733232,0,True,60300,0.14696726499823853,,,,,unseen_vessel
dlinear_ols,heave_imu,50,5.0,434304,0.2570539484983466,0.13547540707805308,1.2223364886054213,0.9557750850960249,0.641571163495594,0.40066318925213346,384,0.9446212436696596,0.9665013381787869,0,True,60300,0.14696726499823853,,,,,unseen_vessel
dlinear_ols,heave_imu,100,10.0,434304,0.4711129838009938,0.27699009511610373,0.6950580633866985,0.5405820336371991,0.6418277041046531,0.7340178381021967,384,0.492958917755674,0.588208652463135,0,True,60300,0.14696726499823853,,,,,unseen_vessel
dlinear_ols,heave_imu,150,15.0,434304,0.6308709544549868,0.37373713219056093,0.9378129353221328,0.5474686948369822,0.6419453390761427,0.9827487109150232,384,0.483079178332072,0.606767072509369,0,True,60300,0.14696726499823853,,,,,unseen_vessel
dlinear_ols,roll_rate_imu,10,1.0,434304,0.11186669925095884,0.08545531444308598,0.4787839444597766,0.9454088188179528,1.002607278665601,0.11157579007390157,384,0.9368052039515965,0.951367015515308,0,True,60300,0.14696726499823853,,,,,unseen_vessel
dlinear_ols,roll_rate_imu,20,2.0,434304,0.2982161251553945,0.20476313579514177,0.92536590443907,0.8961431231357128,1.0029524495736801,0.2973382489689872,384,0.8828534348739862,0.908529353595142,0,True,60300,0.14696726499823853,,,,,unseen_vessel
dlinear_ols,roll_rate_imu,30,3.0,434304,0.45977038222648525,0.26013222089215793,1.313381928288809,0.8774537827872078,1.0033911401891826,0.4582165058182581,384,0.8563183152122683,0.899072309003901,0,True,60300,0.14696726499823853,,,,,unseen_vessel
dlinear_ols,roll_rate_imu,50,5.0,434304,0.39976732042239116,0.2546842464705082,1.831999216096455,0.9523827827806141,1.0034615089387924,0.39838829577545415,384,0.945548744565138,0.9587124346960151,0,True,60300,0.14696726499823853,,,,,unseen_vessel
dlinear_ols,roll_rate_imu,100,10.0,434304,0.7018165980487185,0.3871644118097691,1.4555866304324458,0.7675277310615212,1.0035311611722697,0.6993470907559015,384,0.7506789710424914,0.7830484710334968,0,True,60300,0.14696726499823853,,,,,unseen_vessel
dlinear_ols,roll_rate_imu,150,15.0,434304,0.9909849979342866,0.4750059621166428,0.8977888489043433,-0.2183883736007166,1.003427439075378,0.9876000589015619,384,-0.47456073179741415,0.031412279408819105,0,True,60300,0.14696726499823853,,,,,unseen_vessel
dlinear_ols,pitch_rate_imu,10,1.0,434304,0.10215739640727789,0.08114610712409527,0.502358231388074,0.9586464701160111,0.7033519695139324,0.1452436345317638,384,0.9529983796803095,0.9629788216576387,0,True,60300,0.14696726499823853,,,,,unseen_vessel
dlinear_ols,pitch_rate_imu,20,2.0,434304,0.23811886103302937,0.18551214329009727,0.9243153912028366,0.9336337584067078,0.7033694343325351,0.3385402455808918,384,0.9262709710613083,0.939209878227871,0,True,60300,0.14696726499823853,,,,,unseen_vessel
dlinear_ols,pitch_rate_imu,30,3.0,434304,0.30213394089194734,0.22256521961945952,1.2082169541393608,0.9374670121859022,0.7032894996102703,0.4296010974987905,384,0.9322474903145817,0.9416354908963286,0,True,60300,0.14696726499823853,,,,,unseen_vessel
dlinear_ols,pitch_rate_imu,50,5.0,434304,0.35512369420091827,0.25976666205813903,1.2927330978774842,0.9245356973389571,0.7034462949721403,0.5048341241387628,384,0.9169296566442708,0.9305973596792458,0,True,60300,0.14696726499823853,,,,,unseen_vessel
dlinear_ols,pitch_rate_imu,100,10.0,434304,0.6357374306154933,0.42278734468524776,0.828925368698733,0.41180043033224445,0.7036829587884363,0.9034429819219609,384,0.39458685379484454,0.4299979143802752,0,True,60300,0.14696726499823853,,,,,unseen_vessel
dlinear_ols,pitch_rate_imu,150,15.0,434304,0.7133435805984942,0.44457002588498523,1.0505158303719033,0.5389029833866168,0.7039648374739021,1.0133227437299945,384,0.5134655006381327,0.5615972307811188,0,True,60300,0.14696726499823853,,,,,unseen_vessel
dlinear_ols,heave_rate_imu,10,1.0,434304,0.017014592912753482,0.009980807881517131,0.21527238650713715,0.9937530723717273,0.36414282344848165,0.04672505351505487,384,0.9925099191258484,0.9948650823667889,0,True,60300,0.14696726499823853,,,,,unseen_vessel
dlinear_ols,heave_rate_imu,20,2.0,434304,0.0657547624761942,0.03829164634558768,0.4085250326910369,0.9740930027029201,0.36411979456110216,0.1805855200908613,384,0.9688157187927606,0.9788672599910928,0,True,60300,0.14696726499823853,,,,,unseen_vessel
dlinear_ols,heave_rate_imu,30,3.0,434304,0.12426899855871205,0.07150627943192832,0.5610158349084816,0.9509345984001424,0.3640858649337252,0.3413178333120206,384,0.9405707136286297,0.9603769463331281,0,True,60300,0.14696726499823853,,,,,unseen_vessel
dlinear_ols,heave_rate_imu,50,5.0,434304,0.1231993787234931,0.07486986596902297,0.699353489908083,0.9689670156337983,0.36425571619608055,0.33822222478774855,384,0.9640886222238868,0.9736698881813325,0,True,60300,0.14696726499823853,,,,,unseen_vessel
dlinear_ols,heave_rate_imu,100,10.0,434304,0.25517245601444494,0.16266640572055366,0.3615215661344632,0.501805225523961,0.3642809505905257,0.7004825687447889,384,0.4622506969657352,0.5409798530250135,0,True,60300,0.14696726499823853,,,,,unseen_vessel
dlinear_ols,heave_rate_imu,150,15.0,434304,0.3435797074123228,0.21674382310899237,0.5641307616469378,0.6290670215638712,0.3642624271823509,0.9432202768481683,384,0.6006812190825507,0.6560298512202528,0,True,60300,0.14696726499823853,,,,,unseen_vessel
