control,regime,subject_model,null_model,dof,horizon_samples,horizon_s,skill_subject,skill_null,excess,tol,asserted,passed
shuffle,id,shuffled,window_mean,roll_imu,10,1.0,-3.483473550449191,-3.4771735627874953,-0.0014071350090285595,0.02,True,True
shuffle,id,shuffled,window_mean,roll_imu,20,2.0,-0.2643855767726966,-0.26289967732381814,-0.0011765775821774849,0.02,True,True
shuffle,id,shuffled,window_mean,roll_imu,30,3.0,0.3707406834499928,0.3701136093429417,0.0009955352526301864,0.02,True,True
shuffle,id,shuffled,window_mean,roll_imu,50,5.0,0.711093858559629,0.709845057022098,0.004303912677531607,0.02,True,True
shuffle,id,shuffled,window_mean,roll_imu,100,10.0,0.18774402395698686,0.1846704759403497,0.0037697003799561646,0.02,True,True
shuffle,id,shuffled,window_mean,roll_imu,150,15.0,0.38876579620053375,0.38815945456871104,0.0009910125053829155,0.02,True,True
shuffle,id,shuffled,window_mean,pitch_imu,10,1.0,-1.1211413910043566,-1.1224567963738061,0.0006197560165638327,0.02,True,True
shuffle,id,shuffled,window_mean,pitch_imu,20,2.0,0.3388444670662839,0.3372619520833131,0.0023878438667365165,0.02,True,True
shuffle,id,shuffled,window_mean,pitch_imu,30,3.0,0.6109024721588763,0.6097555026369217,0.0029391049193641106,0.02,True,True
shuffle,id,shuffled,window_mean,pitch_imu,50,5.0,0.6904363974967971,0.6900921544037586,0.0011107917980462956,0.02,True,True
shuffle,id,shuffled,window_mean,pitch_imu,100,10.0,0.3661569866008315,0.36563812149505726,0.000817932355893003,0.02,True,True
shuffle,id,shuffled,window_mean,pitch_imu,150,15.0,0.5024520450549343,0.5024008300847815,0.00010292414708312769,0.02,True,True
shuffle,id,shuffled,window_mean,heave_imu,10,1.0,-2.2977157780220585,-2.3075812417468393,0.0029826822090606164,0.02,True,True
shuffle,id,shuffled,window_mean,heave_imu,20,2.0,0.030967934929637453,0.02760080241637408,0.0034627059767537993,0.02,True,True
shuffle,id,shuffled,window_mean,heave_imu,30,3.0,0.47973199005807143,0.47884216639980814,0.0017073976459613949,0.02,True,True
shuffle,id,shuffled,window_mean,heave_imu,50,5.0,0.698890888954026,0.6993947600783856,-0.0016761887600198477,0.02,True,True
shuffle,id,shuffled,window_mean,heave_imu,100,10.0,0.2153236350044465,0.21534014112395128,-2.1036018751363628e-05,0.02,True,True
shuffle,id,shuffled,window_mean,heave_imu,150,15.0,0.4959626690860123,0.4959722920711881,-1.9092174942780815e-05,0.02,True,True
shuffle,id,shuffled,window_mean,roll_rate_imu,10,1.0,-3.1987552794871066,-3.2127010332577814,0.0033104067107012636,0.02,True,True
shuffle,id,shuffled,window_mean,roll_rate_imu,20,2.0,-0.18741014314452142,-0.19147454906357142,0.0034112402335780834,0.02,True,True
shuffle,id,shuffled,window_mean,roll_rate_imu,30,3.0,0.40235218461952393,0.40149645085953134,0.0014297889481550419,0.02,True,True
shuffle,id,shuffled,window_mean,roll_rate_imu,50,5.0,0.7156210710174553,0.7163260527636297,-0.0024851832642458493,0.02,True,True
shuffle,id,shuffled,window_mean,roll_rate_imu,100,10.0,0.10214262857143419,0.10384406897851106,-0.0018985986123392085,0.02,True,True
shuffle,id,shuffled,window_mean,roll_rate_imu,150,15.0,0.43593009044343944,0.4356945072688687,0.00041747453747176255,0.02,True,True
shuffle,id,shuffled,window_mean,pitch_rate_imu,10,1.0,-0.6427165044301251,-0.6485335080844565,0.003528592913522699,0.02,True,True
shuffle,id,shuffled,window_mean,pitch_rate_imu,20,2.0,0.4639369326250675,0.46322071728172864,0.001334282760899308,0.02,True,True
shuffle,id,shuffled,window_mean,pitch_rate_imu,30,3.0,0.6618560629316473,0.6615107269840316,0.0010202271538438668,0.02,True,True
shuffle,id,shuffled,window_mean,pitch_rate_imu,50,5.0,0.6572328959949613,0.6563173156906499,0.0026640280296672536,0.02,True,True
shuffle,id,shuffled,window_mean,pitch_rate_imu,100,10.0,0.46180534145850716,0.4610794272052481,0.0013469781817654347,0.02,True,True
shuffle,id,shuffled,window_mean,pitch_rate_imu,150,15.0,0.4958222768499191,0.49567218083165043,0.0002976159802490219,0.02,True,True
shuffle,id,shuffled,window_mean,heave_rate_imu,10,1.0,-1.7559831455037638,-1.7627193429496515,0.0024382489169876287,0.02,True,True
shuffle,id,shuffled,window_mean,heave_rate_imu,20,2.0,0.1751652583069161,0.17528626461006247,-0.00014672521864711463,0.02,True,True
shuffle,id,shuffled,window_mean,heave_rate_imu,30,3.0,0.5452638832037184,0.5460050101123619,-0.0016324561397185189,0.02,True,True
shuffle,id,shuffled,window_mean,heave_rate_imu,50,5.0,0.7117582887237334,0.7106310316978829,0.00389556984103967,0.02,True,True
shuffle,id,shuffled,window_mean,heave_rate_imu,100,10.0,0.1440782831645211,0.14141900076700498,0.0030972993810621796,0.02,True,True
shuffle,id,shuffled,window_mean,heave_rate_imu,150,15.0,0.5427163706998173,0.5425479608715331,0.0003681475081082075,0.02,True,True
untrained,id,untrained,persistence,roll_imu,10,1.0,-4.507227810533485,0.0,-4.507227810533485,0.0,True,True
untrained,id,untrained,persistence,roll_imu,20,2.0,-0.2132444405208065,0.0,-0.2132444405208065,0.0,True,True
untrained,id,untrained,persistence,roll_imu,30,3.0,0.31825653481104743,0.0,0.31825653481104743,0.0,True,False
untrained,id,untrained,persistence,roll_imu,50,5.0,0.7388991872050823,0.0,0.7388991872050823,0.0,True,False
untrained,id,untrained,persistence,roll_imu,100,10.0,0.06680600227738132,0.0,0.06680600227738132,0.0,True,False
untrained,id,untrained,persistence,roll_imu,150,15.0,0.404268174478302,0.0,0.404268174478302,0.0,True,False
untrained,id,untrained,persistence,pitch_imu,10,1.0,-1.057688162084888,0.0,-1.057688162084888,0.0,True,True
untrained,id,untrained,persistence,pitch_imu,20,2.0,0.137997711506731,0.0,0.137997711506731,0.0,True,False
untrained,id,untrained,persistence,pitch_imu,30,3.0,0.4407800301114594,0.0,0.4407800301114594,0.0,True,False
untrained,id,untrained,persistence,pitch_imu,50,5.0,0.6843735972308145,0.0,0.6843735972308145,0.0,True,False
untrained,id,untrained,persistence,pitch_imu,100,10.0,0.30755120303405203,0.0,0.30755120303405203,0.0,True,False
untrained,id,untrained,persistence,pitch_imu,150,15.0,0.3188676262048832,0.0,0.3188676262048832,0.0,True,False
untrained,id,untrained,persistence,heave_imu,10,1.0,-2.394631170983395,0.0,-2.394631170983395,0.0,True,True
untrained,id,untrained,persistence,heave_imu,20,2.0,0.18179716084518505,0.0,0.18179716084518505,0.0,True,False
untrained,id,untrained,persistence,heave_imu,30,3.0,0.5966220151981345,0.0,0.5966220151981345,0.0,True,False
untrained,id,untrained,persistence,heave_imu,50,5.0,0.5342558420110239,0.0,0.5342558420110239,0.0,True,False
untrained,id,untrained,persistence,heave_imu,100,10.0,0.029839683544407136,0.0,0.029839683544407136,0.0,True,False
untrained,id,untrained,persistence,heave_imu,150,15.0,0.4813278421680769,0.0,0.4813278421680769,0.0,True,False
untrained,id,untrained,persistence,roll_rate_imu,10,1.0,-2.326855440541397,0.0,-2.326855440541397,0.0,True,True
untrained,id,untrained,persistence,roll_rate_imu,20,2.0,-0.12288279658991197,0.0,-0.12288279658991197,0.0,True,True
untrained,id,untrained,persistence,roll_rate_imu,30,3.0,0.22211834966961796,0.0,0.22211834966961796,0.0,True,False
untrained,id,untrained,persistence,roll_rate_imu,50,5.0,0.7088045866515758,0.0,0.7088045866515758,0.0,True,False
untrained,id,untrained,persistence,roll_rate_imu,100,10.0,-0.0791789841972863,0.0,-0.0791789841972863,0.0,True,True
untrained,id,untrained,persistence,roll_rate_imu,150,15.0,0.34488575698627044,0.0,0.34488575698627044,0.0,True,False
untrained,id,untrained,persistence,pitch_rate_imu,10,1.0,-1.238933752363184,0.0,-1.238933752363184,0.0,True,True
untrained,id,untrained,persistence,pitch_rate_imu,20,2.0,0.507663246161173,0.0,0.507663246161173,0.0,True,False
untrained,id,untrained,persistence,pitch_rate_imu,30,3.0,0.34991348403339617,0.0,0.34991348403339617,0.0,True,False
untrained,id,untrained,persistence,pitch_rate_imu,50,5.0,0.5980427854772568,0.0,0.5980427854772568,0.0,True,False
untrained,id,untrained,persistence,pitch_rate_imu,100,10.0,0.42027651016549106,0.0,0.42027651016549106,0.0,True,False
untrained,id,untrained,persistence,pitch_rate_imu,150,15.0,0.4584704772016157,0.0,0.4584704772016157,0.0,True,False
untrained,id,untrained,persistence,heave_rate_imu,10,1.0,-1.1705513155840355,0.0,-1.1705513155840355,0.0,True,True
untrained,id,untrained,persistence,heave_rate_imu,20,2.0,0.3363913324073833,0.0,0.3363913324073833,0.0,True,False
untrained,id,untrained,persistence,heave_rate_imu,30,3.0,0.3420833733443498,0.0,0.3420833733443498,0.0,True,False
untrained,id,untrained,persistence,heave_rate_imu,50,5.0,0.6225114780007452,0.0,0.6225114780007452,0.0,True,False
untrained,id,untrained,persistence,heave_rate_imu,100,10.0,-0.2428473019027355,0.0,-0.2428473019027355,0.0,True,True
untrained,id,untrained,persistence,heave_rate_imu,150,15.0,0.08964938246277532,0.0,0.08964938246277532,0.0,True,False
shuffle,unseen_seastate,shuffled,window_mean,roll_imu,10,1.0,-3.662354731869617,-3.6358606080140854,-0.00571503893144043,0.02,True,True
shuffle,unseen_seastate,shuffled,window_mean,roll_imu,20,2.0,-0.3100798812843917,-0.30476453370675416,-0.00407379832937127,0.02,True,True
shuffle,unseen_seastate,shuffled,window_mean,roll_imu,30,3.0,0.35215789914048046,0.35272361728742463,-0.0008739978192520148,0.02,True,True
shuffle,unseen_seastate,shuffled,window_mean,roll_imu,50,5.0,0.707559826430284,0.7076533464551229,-0.000319894288868694,0.02,True,True
shuffle,unseen_seastate,shuffled,window_mean,roll_imu,100,10.0,0.2245735437265004,0.22342276210290313,0.001481863705809161,0.02,True,True
shuffle,unseen_seastate,shuffled,window_mean,roll_imu,150,15.0,0.3601799986222385,0.3598141599762219,0.0005714569475685494,0.02,True,True
shuffle,unseen_seastate,shuffled,window_mean,pitch_imu,10,1.0,-1.3989251845300066,-1.4097028676829026,0.004472619133851774,0.02,True,True
shuffle,unseen_seastate,shuffled,window_mean,pitch_imu,20,2.0,0.26179059884063893,0.2591036894099643,0.0036265660825531842,0.02,True,True
shuffle,unseen_seastate,shuffled,window_mean,pitch_imu,30,3.0,0.5746545149643945,0.5744913462812614,0.0003834673671311295,0.02,True,True
shuffle,unseen_seastate,shuffled,window_mean,pitch_imu,50,5.0,0.6951315104453685,0.6952536946445143,-0.00040093742565061596,0.02,True,True
shuffle,unseen_seastate,shuffled,window_mean,pitch_imu,100,10.0,0.30897201096472304,0.30818580546319685,0.0011364402577090926,0.02,True,True
shuffle,unseen_seastate,shuffled,window_mean,pitch_imu,150,15.0,0.5111740229381898,0.5108892099974174,0.0005823076214919176,0.02,True,True
shuffle,unseen_seastate,shuffled,window_mean,heave_imu,10,1.0,-2.6793233518513735,-2.6904715674608997,0.003020810594456469,0.02,True,True
shuffle,unseen_seastate,shuffled,window_mean,heave_imu,20,2.0,-0.07530004903176257,-0.07412147821472392,-0.0010972416443972843,0.02,True,True
shuffle,unseen_seastate,shuffled,window_mean,heave_imu,30,3.0,0.43301607861809055,0.43433936296897047,-0.0023393608539308275,0.02,True,True
shuffle,unseen_seastate,shuffled,window_mean,heave_imu,50,5.0,0.6946785551683896,0.6928298244302113,0.006018588018022686,0.02,True,True
shuffle,unseen_seastate,shuffled,window_mean,heave_imu,100,10.0,0.27273266621432346,0.27068860227837876,0.0028027313741844084,0.02,True,True
shuffle,unseen_seastate,shuffled,window_mean,heave_imu,150,15.0,0.46057427476667223,0.4606359635612949,-0.00011437320706431109,0.02,True,True
shuffle,unseen_seastate,shuffled,window_mean,roll_rate_imu,10,1.0,-3.450270604295131,-3.449113929516302,-0.000259978682756401,0.02,True,True
shuffle,unseen_seastate,shuffled,window_mean,roll_rate_imu,20,2.0,-0.2529320254027081,-0.2514769324641912,-0.0011627005666430268,0.02,True,True
shuffle,unseen_seastate,shuffled,window_mean,roll_rate_imu,30,3.0,0.3750030378766851,0.3775324355012276,-0.0040635010863245835,0.02,True,True
shuffle,unseen_seastate,shuffled,window_mean,roll_rate_imu,50,5.0,0.7138147421283875,0.7143689635938032,-0.0019403404909668076,0.02,True,True
shuffle,unseen_seastate,shuffled,window_mean,roll_rate_imu,100,10.0,0.1466153064858865,0.14834845752121384,-0.0020350471394472436,0.02,True,True
shuffle,unseen_seastate,shuffled,window_mean,roll_rate_imu,150,15.0,0.4033216807525124,0.4050338318235115,-0.0028777284534458047,0.02,True,True
shuffle,unseen_seastate,shuffled,window_mean,pitch_rate_imu,10,1.0,-0.8249118573468297,-0.825213912971597,0.0001654905338056567,0.02,True,True
shuffle,unseen_seastate,shuffled,window_mean,pitch_rate_imu,20,2.0,0.41327324999510573,0.41331966196131775,-7.910946251787898e-05,0.02,True,True
shuffle,unseen_seastate,shuffled,window_mean,pitch_rate_imu,30,3.0,0.6390256902524496,0.6385615095791666,0.0012842591079399446,0.02,True,True
shuffle,unseen_seastate,shuffled,window_mean,pitch_rate_imu,50,5.0,0.6737060118995758,0.6732249794019856,0.0014720601859650184,0.02,True,True
shuffle,unseen_seastate,shuffled,window_mean,pitch_rate_imu,100,10.0,0.39543743152271704,0.3973688978629618,-0.0032050558515739347,0.02,True,True
shuffle,unseen_seastate,shuffled,window_mean,pitch_rate_imu,150,15.0,0.5155912848655112,0.5157231800396587,-0.0002723549191518959,0.02,True,True
shuffle,unseen_seastate,shuffled,window_mean,heave_rate_imu,10,1.0,-2.151456485875326,-2.1452696299718017,-0.001967035145276075,0.02,True,True
shuffle,unseen_seastate,shuffled,window_mean,heave_rate_imu,20,2.0,0.07616146344797592,0.07479939590064666,0.0014721861845898854,0.02,True,True
shuffle,unseen_seastate,shuffled,window_mean,heave_rate_imu,30,3.0,0.505804346164707,0.5026257070646052,0.006390839143177729,0.02,True,True
shuffle,unseen_seastate,shuffled,window_mean,heave_rate_imu,50,5.0,0.7092162371397703,0.7082673808951635,0.0032524859493543445,0.02,True,True
shuffle,unseen_seastate,shuffled,window_mean,heave_rate_imu,100,10.0,0.13044627665099295,0.13117093345904396,-0.0008340614235387012,0.02,True,True
shuffle,unseen_seastate,shuffled,window_mean,heave_rate_imu,150,15.0,0.5270765876433403,0.5270212749777701,0.00011694535640616177,0.02,True,True
untrained,unseen_seastate,untrained,persistence,roll_imu,10,1.0,-4.479831909841379,0.0,-4.479831909841379,0.0,True,True
untrained,unseen_seastate,untrained,persistence,roll_imu,20,2.0,-0.28717244187112034,0.0,-0.28717244187112034,0.0,True,True
untrained,unseen_seastate,untrained,persistence,roll_imu,30,3.0,0.3434363085256149,0.0,0.3434363085256149,0.0,True,False
untrained,unseen_seastate,untrained,persistence,roll_imu,50,5.0,0.7640856154959377,0.0,0.7640856154959377,0.0,True,False
untrained,unseen_seastate,untrained,persistence,roll_imu,100,10.0,0.24969795839258568,0.0,0.24969795839258568,0.0,True,False
untrained,unseen_seastate,untrained,persistence,roll_imu,150,15.0,0.42163933245953866,0.0,0.42163933245953866,0.0,True,False
untrained,unseen_seastate,untrained,persistence,pitch_imu,10,1.0,-1.5552642700063917,0.0,-1.5552642700063917,0.0,True,True
untrained,unseen_seastate,untrained,persistence,pitch_imu,20,2.0,-0.029581813069857743,0.0,-0.029581813069857743,0.0,True,True
untrained,unseen_seastate,untrained,persistence,pitch_imu,30,3.0,0.28598637994147325,0.0,0.28598637994147325,0.0,True,False
untrained,unseen_seastate,untrained,persistence,pitch_imu,50,5.0,0.6634553713427762,0.0,0.6634553713427762,0.0,True,False
untrained,unseen_seastate,untrained,persistence,pitch_imu,100,10.0,0.1895636532703151,0.0,0.1895636532703151,0.0,True,False
untrained,unseen_seastate,untrained,persistence,pitch_imu,150,15.0,0.3127790291949434,0.0,0.3127790291949434,0.0,True,False
untrained,unseen_seastate,untrained,persistence,heave_imu,10,1.0,-2.9720905885459787,0.0,-2.9720905885459787,0.0,True,True
untrained,unseen_seastate,untrained,persistence,heave_imu,20,2.0,0.1634500447004067,0.0,0.1634500447004067,0.0,True,False
untrained,unseen_seastate,untrained,persistence,heave_imu,30,3.0,0.5440308254912266,0.0,0.5440308254912266,0.0,True,False
untrained,unseen_seastate,untrained,persistence,heave_imu,50,5.0,0.5654812762134411,0.0,0.5654812762134411,0.0,True,False
untrained,unseen_seastate,untrained,persistence,heave_imu,100,10.0,0.19757147280870613,0.0,0.19757147280870613,0.0,True,False
untrained,unseen_seastate,untrained,persistence,heave_imu,150,15.0,0.4798272763751922,0.0,0.4798272763751922,0.0,True,False
untrained,unseen_seastate,untrained,persistence,roll_rate_imu,10,1.0,-2.450702559796754,0.0,-2.450702559796754,0.0,True,True
untrained,unseen_seastate,untrained,persistence,roll_rate_imu,20,2.0,-0.14738664981738903,0.0,-0.14738664981738903,0.0,True,True
untrained,unseen_seastate,untrained,persistence,roll_rate_imu,30,3.0,0.19084933606949117,0.0,0.19084933606949117,0.0,True,False
untrained,unseen_seastate,untrained,persistence,roll_rate_imu,50,5.0,0.7447555327686082,0.0,0.7447555327686082,0.0,True,False
untrained,unseen_seastate,untrained,persistence,roll_rate_imu,100,10.0,0.002832250939540648,0.0,0.002832250939540648,0.0,True,False
untrained,unseen_seastate,untrained,persistence,roll_rate_imu,150,15.0,0.34539485708060946,0.0,0.34539485708060946,0.0,True,False
untrained,unseen_seastate,untrained,persistence,pitch_rate_imu,10,1.0,-1.8102741867057466,0.0,-1.8102741867057466,0.0,True,True
untrained,unseen_seastate,untrained,persistence,pitch_rate_imu,20,2.0,0.46331093287730973,0.0,0.46331093287730973,0.0,True,False
untrained,unseen_seastate,untrained,persistence,pitch_rate_imu,30,3.0,0.06680321788510446,0.0,0.06680321788510446,0.0,True,False
untrained,unseen_seastate,untrained,persistence,pitch_rate_imu,50,5.0,0.5809887751305853,0.0,0.5809887751305853,0.0,True,False
untrained,unseen_seastate,untrained,persistence,pitch_rate_imu,100,10.0,0.25283148438741854,0.0,0.25283148438741854,0.0,True,False
untrained,unseen_seastate,untrained,persistence,pitch_rate_imu,150,15.0,0.46165507128648386,0.0,0.46165507128648386,0.0,True,False
untrained,unseen_seastate,untrained,persistence,heave_rate_imu,10,1.0,-1.424416034086227,0.0,-1.424416034086227,0.0,True,True
untrained,unseen_seastate,untrained,persistence,heave_rate_imu,20,2.0,0.2591893070777823,0.0,0.2591893070777823,0.0,True,False
untrained,unseen_seastate,untrained,persistence,heave_rate_imu,30,3.0,0.29984773691992495,0.0,0.29984773691992495,0.0,True,False
untrained,unseen_seastate,untrained,persistence,heave_rate_imu,50,5.0,0.6202180584794469,0.0,0.6202180584794469,0.0,True,False
untrained,unseen_seastate,untrained,persistence,heave_rate_imu,100,10.0,-0.20978565176563602,0.0,-0.20978565176563602,0.0,True,True
untrained,unseen_seastate,untrained,persistence,heave_rate_imu,150,15.0,0.07800174921931369,0.0,0.07800174921931369,0.0,True,False
